Id,Id,Year,Total,White,Black or African American,American Indian or Alaskan Native,Asian,,Hispanic,Some other race
2.2071E+11,1500000US220710054001,1990,406,330,66,0,0,,20,10
2.2071E+11,1500000US220710030001,1990,504,7,476,9,0,,7,12
2.2071E+11,1500000US220710034003,1990,1451,118,1333,0,0,,22,0
2.2071E+11,1500000US220710009023,1990,379,0,379,0,0,,0,0
2.2071E+11,1500000US220710050003,1990,645,219,257,0,43,,196,126
2.2071E+11,1500000US220710009035,1990,829,0,829,0,0,,0,0
2.2071E+11,1500000US220710013021,1990,967,95,872,0,0,,0,0
2.2071E+11,1500000US220710040002,1990,551,6,545,0,0,,0,0
2.2071E+11,1500000US220710071004,1990,100,27,49,0,0,,24,24
2.2071E+11,1500000US220710065004,1990,1147,493,526,7,41,,167,80
2.2071E+11,1500000US220710009022,1990,561,0,561,0,0,,8,0
2.2071E+11,1500000US220710029003,1990,363,0,363,0,0,,0,0
2.2071E+11,1500000US220710009024,1990,655,0,655,0,0,,0,0
2.2071E+11,1500000US220710045003,1990,717,0,717,0,0,,13,0
2.2071E+11,1500000US220710040004,1990,1034,41,993,0,0,,8,0
2.2071E+11,1500000US220710034002,1990,481,21,460,0,0,,0,0
2.2071E+11,1500000US220710064001,1990,463,272,150,0,0,,68,41
2.2071E+11,1500000US220710013015,1990,608,38,570,0,0,,0,0
2.2071E+11,1500000US220710019001,1990,484,109,375,0,0,,49,0
2.2071E+11,1500000US220710015004,1990,550,119,431,0,0,,28,0
2.2071E+11,1500000US220710019003,1990,792,143,571,0,7,,126,71
2.2071E+11,1500000US220710019004,1990,534,0,534,0,0,,0,0
2.2071E+11,1500000US220710015003,1990,283,43,219,0,21,,2,0
2.2071E+11,1500000US220710014022,1990,588,11,577,0,0,,0,0
2.2071E+11,1500000US220710065003,1990,423,248,120,0,0,,99,55
2.2071E+11,1500000US220710045002,1990,927,67,860,0,0,,24,0
2.2071E+11,1500000US220710075011,1990,469,124,345,0,0,,0,0
2.2071E+11,1500000US220710045005,1990,438,30,408,0,0,,0,0
2.2071E+11,1500000US220710040001,1990,539,72,451,0,0,,16,16
2.2071E+11,1500000US220710050002,1990,386,282,53,0,15,,88,36
2.2071E+11,1500000US220710014021,1990,740,82,658,0,0,,47,0
2.2071E+11,1500000US220710075012,1990,544,69,475,0,0,,0,0
2.2071E+11,1500000US220710009027,1990,688,0,688,0,0,,7,0
2.2071E+11,1500000US220710034001,1990,80,0,80,0,0,,0,0
2.2071E+11,1500000US220710009011,1990,641,0,641,0,0,,0,0
2.2071E+11,1500000US220710007012,1990,992,0,992,0,0,,0,0
2.2071E+11,1500000US220710035003,1990,506,41,465,0,0,,50,0
2.2071E+11,1500000US220710020001,1990,895,91,786,0,0,,18,18
2.2071E+11,1500000US220710065002,1990,753,526,138,0,5,,166,84
2.2071E+11,1500000US220710020002,1990,663,106,540,0,0,,53,17
2.2071E+11,1500000US220710014024,1990,1008,0,1003,5,0,,0,0
2.2071E+11,1500000US220710020003,1990,621,54,567,0,0,,0,0
2.2071E+11,1500000US220710009025,1990,563,0,563,0,0,,0,0
2.2071E+11,1500000US220710050001,1990,174,102,44,0,0,,71,28
2.2071E+11,1500000US220710041003,1990,328,94,220,0,5,,9,9
2.2071E+11,1500000US220710076053,1990,468,48,420,0,0,,0,0
2.2071E+11,1500000US220710014023,1990,737,46,691,0,0,,20,0
2.2071E+11,1500000US220710009021,1990,382,5,377,0,0,,27,0
2.2071E+11,1500000US220710035002,1990,755,26,704,0,0,,6,25
2.2071E+11,1500000US220710029002,1990,879,17,862,0,0,,11,0
2.2071E+11,1500000US220710076052,1990,943,0,937,0,0,,33,6
2.2071E+11,1500000US220710029004,1990,566,0,543,0,0,,23,23
2.2071E+11,1500000US220710024013,1990,562,309,253,0,0,,38,0
2.2071E+11,1500000US220710033063,1990,3493,6,3487,0,0,,0,0
2.2071E+11,1500000US220710076041,1990,1315,1315,0,0,0,,37,0
2.2071E+11,1500000US220710056032,1990,487,465,0,0,22,,11,0
2.2071E+11,1500000US220710033051,1990,733,108,625,0,0,,0,0
2.2071E+11,1500000US220710024022,1990,732,235,497,0,0,,12,0
2.2071E+11,1500000US220710033083,1990,892,271,615,0,0,,79,6
2.2071E+11,1500000US220710024024,1990,746,370,351,14,0,,0,11
2.2071E+11,1500000US220710056043,1990,557,557,0,0,0,,39,0
2.2071E+11,1500000US220710024023,1990,439,127,267,0,22,,31,23
2.2071E+11,1500000US220710064003,1990,775,436,288,0,0,,275,51
2.2071E+11,1500000US220710045001,1990,808,225,565,0,10,,49,8
2.2071E+11,1500000US220710014025,1990,504,0,504,0,0,,0,0
2.2071E+11,1500000US220710033022,1990,1263,45,1218,0,0,,65,0
2.2071E+11,1500000US220710025033,1990,620,477,143,0,0,,7,0
2.2071E+11,1500000US220710033023,1990,1045,241,796,0,0,,16,8
2.2071E+11,1500000US220710056033,1990,494,494,0,0,0,,23,0
2.2071E+11,1500000US220710033071,1990,1226,26,1191,0,0,,21,9
2.2071E+11,1500000US220710017031,1990,2316,52,2226,9,29,,47,0
2.2071E+11,1500000US220710056031,1990,762,747,0,11,4,,0,0
2.2071E+11,1500000US220710056041,1990,588,584,0,0,4,,0,0
2.2071E+11,1500000US220710024021,1990,518,253,265,0,0,,60,0
2.2071E+11,1500000US220710033082,1990,252,164,78,10,0,,12,0
2.2071E+11,1500000US220710024025,1990,797,568,229,0,0,,17,0
2.2071E+11,1500000US220710017035,1990,540,258,275,0,7,,10,0
2.2071E+11,1500000US220710024011,1990,1161,414,732,0,0,,33,15
2.2071E+11,1500000US220710056042,1990,835,819,7,5,0,,12,4
2.2071E+11,1500000US220710056012,1990,999,982,0,5,0,,35,12
2.2071E+11,1500000US220710056023,1990,789,762,22,0,5,,21,0
2.2071E+11,1500000US220710033042,1990,673,281,352,0,14,,55,26
2.2071E+11,1500000US220710033043,1990,458,140,282,0,0,,52,36
2.2071E+11,1500000US220710033021,1990,843,395,435,0,0,,42,13
2.2071E+11,1500000US220710033025,1990,355,168,187,0,0,,0,0
2.2071E+11,1500000US220710033024,1990,454,283,165,0,0,,21,6
2.2071E+11,1500000US220710025032,1990,691,586,57,0,34,,48,14
2.2071E+11,1500000US220710025042,1990,715,502,203,0,0,,39,10
2.2071E+11,1500000US220710025043,1990,581,442,125,0,14,,7,0
2.2071E+11,1500000US220710017061,1990,222,0,222,0,0,,0,0
2.2071E+11,1500000US220710033081,1990,705,324,364,0,0,,22,17
2.2071E+11,1500000US220710033086,1990,600,9,591,0,0,,5,0
2.2071E+11,1500000US220710033085,1990,1898,121,1741,0,16,,20,20
2.2071E+11,1500000US220710025024,1990,436,138,298,0,0,,14,0
2.2071E+11,1500000US220710025014,1990,594,414,171,0,9,,75,0
2.2071E+11,1500000US220710017022,1990,765,125,605,0,0,,72,35
2.2071E+11,1500000US220710017023,1990,453,111,319,0,0,,41,23
2.2071E+11,1500000US220710017024,1990,771,177,594,0,0,,12,0
2.2071E+11,1500000US220710017991,1990,19,19,0,0,0,,0,0
2.2071E+11,1500000US220710076032,1990,1078,1067,11,0,0,,38,0
2.2071E+11,1500000US220710056022,1990,939,939,0,0,0,,20,0
2.2071E+11,1500000US220710017025,1990,888,324,564,0,0,,21,0
2.2071E+11,1500000US220710017026,1990,1336,1090,225,0,21,,33,0
2.2071E+11,1500000US220710025031,1990,593,443,133,0,0,,65,17
2.2071E+11,1500000US220710025044,1990,579,353,206,0,0,,20,20
2.2071E+11,1500000US220710025041,1990,640,324,316,0,0,,44,0
2.2071E+11,1500000US220710056013,1990,551,551,0,0,0,,58,0
2.2071E+11,1500000US220710076033,1990,1658,1636,0,0,0,,73,22
2.2071E+11,1500000US220710017227,1990,623,0,623,0,0,,0,0
2.2071E+11,1500000US220710046001,1990,0,0,0,0,0,,0,0
2.2071E+11,1500000US220710017203,1990,1901,128,1773,0,0,,74,0
2.2071E+11,1500000US220710056014,1990,631,614,0,0,17,,12,0
2.2071E+11,1500000US220710056011,1990,841,823,0,6,0,,25,12
2.2071E+11,1500000US220710025023,1990,896,159,725,12,0,,6,0
2.2071E+11,1500000US220710056024,1990,644,644,0,0,0,,8,0
2.2071E+11,1500000US220710017222,1990,1094,279,781,0,0,,0,34
2.2071E+11,1500000US220710056021,1990,780,766,0,0,0,,30,14
2.2071E+11,1500000US220710025013,1990,476,288,188,0,0,,12,0
2.2071E+11,1500000US220710017226,1990,1103,0,1103,0,0,,9,0
2.2071E+11,1500000US220710033041,1990,575,430,125,0,17,,14,3
2.2071E+11,1500000US220710017021,1990,492,132,360,0,0,,0,0
2.2071E+11,1500000US220710033044,1990,808,418,351,0,10,,90,29
2.2071E+11,1500000US220710033032,1990,578,393,135,0,36,,52,14
2.2071E+11,1500000US220710033033,1990,769,515,193,0,42,,73,19
2.2071E+11,1500000US220710033034,1990,675,474,157,18,10,,39,16
2.2071E+11,1500000US220710133016,1990,434,434,0,0,0,,22,0
2.2071E+11,1500000US220710017223,1990,1678,123,1555,0,0,,0,0
2.2071E+11,1500000US220710025022,1990,859,282,577,0,0,,76,0
2.2071E+11,1500000US220710017013,1990,920,0,920,0,0,,19,0
2.2071E+11,1500000US220710025012,1990,791,570,203,0,11,,56,7
2.2071E+11,1500000US220710017224,1990,622,62,560,0,0,,0,0
2.2071E+11,1500000US220710017225,1990,1796,94,1694,0,8,,18,0
2.2071E+11,1500000US220710033011,1990,1095,1011,84,0,0,,49,0
2.2071E+11,1500000US220710033012,1990,277,267,10,0,0,,0,0
2.2071E+11,1500000US220710033013,1990,575,536,39,0,0,,10,0
2.2071E+11,1500000US220710033014,1990,805,478,210,0,117,,14,0
2.2071E+11,1500000US220710017214,1990,2784,268,2496,20,0,,13,0
2.2071E+11,1500000US220710025021,1990,1120,106,1014,0,0,,31,0
2.2071E+11,1500000US220710017231,1990,1098,764,334,0,0,,54,0
2.2071E+11,1500000US220710017232,1990,1924,1176,748,0,0,,60,0
2.2071E+11,1500000US220710025011,1990,536,298,238,0,0,,19,0
2.2071E+11,1500000US220710017323,1990,738,563,175,0,0,,17,0
2.2071E+11,1500000US220710017322,1990,1336,816,504,0,7,,45,9
2.2071E+11,1500000US220710017233,1990,1110,658,452,0,0,,34,0
2.2071E+11,1500000US220710006141,1990,1019,1009,0,0,10,,16,0
2.2071E+11,1500000US220710017234,1990,1049,478,571,0,0,,33,0
2.2071E+11,1500000US220710133012,1990,719,719,0,0,0,,17,0
2.2071E+11,1500000US220710033031,1990,380,293,55,0,28,,16,4
2.2071E+11,1500000US220710017202,1990,739,224,515,0,0,,50,0
2.2071E+11,1500000US220710017221,1990,892,166,720,6,0,,0,0
2.2071E+11,1500000US220710133015,1990,403,385,0,18,0,,29,0
2.2071E+11,1500000US220710017283,1990,2426,825,1570,0,0,,47,31
2.2071E+11,1500000US220710017243,1990,3266,1519,1703,0,44,,97,0
2.2071E+11,1500000US220710017204,1990,1297,309,961,0,7,,20,20
2.2071E+11,1500000US220710017265,1990,2166,440,1705,0,0,,20,21
2.2071E+11,1500000US220710017212,1990,2559,296,2237,0,10,,45,16
2.2071E+11,1500000US220710133022,1990,973,906,28,0,39,,26,0
2.2071E+11,1500000US220710017011,1990,1142,0,1142,0,0,,0,0
2.2071E+11,1500000US220710017213,1990,1644,72,1572,0,0,,15,0
2.2071E+11,1500000US220710017012,1990,664,5,659,0,0,,5,0
2.2071E+11,1500000US220710133014,1990,385,385,0,0,0,,19,0
2.2071E+11,1500000US220710017014,1990,199,0,199,0,0,,0,0
2.2071E+11,1500000US220710017321,1990,1362,841,521,0,0,,0,0
2.2071E+11,1500000US220710133013,1990,707,707,0,0,0,,38,0
2.2071E+11,1500000US220710017201,1990,1095,689,406,0,0,,0,0
2.2071E+11,1500000US220710133017,1990,476,476,0,0,0,,0,0
2.2071E+11,1500000US220710017273,1990,1670,293,1355,0,22,,48,0
2.2071E+11,1500000US220710017301,1990,1496,443,960,14,79,,21,0
2.2071E+11,1500000US220710017252,1990,1603,939,664,0,0,,42,0
2.2071E+11,1500000US220710017292,1990,1530,450,894,0,186,,9,0
2.2071E+11,1500000US220710017291,1990,2678,160,1271,0,1247,,78,0
2.2071E+11,1500000US220710017253,1990,1939,647,1190,0,31,,130,71
2.2071E+11,1500000US220710017274,1990,1588,218,1353,9,0,,0,8
2.2071E+11,1500000US220710017281,1990,600,201,353,0,46,,0,0
2.2071E+11,1500000US220710017293,1990,6399,449,2689,18,3243,,52,0
2.2071E+11,1500000US220710017282,1990,3872,641,3104,0,77,,90,50
2.2071E+11,1500000US220710017324,1990,1181,635,426,0,120,,28,0
2.2071E+11,1500000US220710017241,1990,960,507,403,0,0,,0,50
2.2071E+11,1500000US220710017211,1990,2042,197,1824,0,21,,25,0
2.2071E+11,1500000US220710017242,1990,1469,1106,231,0,132,,67,0
2.2071E+11,1500000US220710133011,1990,405,405,0,0,0,,0,0
2.2071E+11,1500000US220710133021,1990,1569,1204,246,0,119,,23,0
2.2071E+11,1500000US220710017249,1990,0,0,0,0,0,,0,0
2.2071E+11,1500000US220710017254,1990,1838,743,1070,0,0,,25,25
2.2071E+11,1500000US220710017261,1990,5602,774,4726,8,10,,227,84
2.2071E+11,1500000US220710017341,1990,1660,1654,0,0,6,,43,0
2.2071E+11,1500000US220710017271,1990,2828,586,2204,0,30,,42,8
2.2071E+11,1500000US220710017262,1990,3328,1368,1898,0,62,,11,0
2.2071E+11,1500000US220710017325,1990,2901,987,1739,0,168,,57,7
2.2071E+11,1500000US220710017263,1990,950,520,430,0,0,,36,0
2.2071E+11,1500000US220710017264,1990,649,549,91,9,0,,15,0
2.2071E+11,1500000US220710017272,1990,1948,177,1685,0,71,,0,15
2.2071E+11,1500000US220710017251,1990,2248,1259,962,0,18,,71,9
2.2071E+11,1500000US220710114003,1990,514,465,28,0,0,,21,21
2.2071E+11,1500000US220710104001,1990,425,255,151,0,19,,6,0
2.2071E+11,1500000US220710097002,1990,579,125,454,0,0,,0,0
2.2071E+11,1500000US220710114002,1990,417,403,14,0,0,,0,0
2.2071E+11,1500000US220710105002,1990,539,208,331,0,0,,7,0
2.2071E+11,1500000US220710106002,1990,755,150,600,0,0,,14,5
2.2071E+11,1500000US220710006142,1990,235,235,0,0,0,,10,0
2.2071E+11,1500000US220710104991,1990,30,0,30,0,0,,0,0
2.2071E+11,1500000US220710006143,1990,2089,1854,173,0,62,,10,0
2.2071E+11,1500000US220710006144,1990,3218,1442,1680,0,36,,170,60
2.2071E+11,1500000US220710134981,1990,0,0,0,0,0,,0,0
2.2071E+11,1500000US220710134984,1990,0,0,0,0,0,,0,0
2.2071E+11,1500000US220710076031,1990,1882,1879,0,0,0,,74,3
2.2071E+11,1500000US220710114004,1990,698,672,0,0,11,,47,15
2.2071E+11,1500000US220710096003,1990,756,120,636,0,0,,15,0
2.2071E+11,1500000US220710115003,1990,566,553,0,13,0,,8,0
2.2071E+11,1500000US220710087002,1990,408,42,357,0,0,,9,9
2.2071E+11,1500000US220710114001,1990,442,356,56,0,0,,48,30
2.2071E+11,1500000US220710096002,1990,672,287,385,0,0,,12,0
2.2071E+11,1500000US220710097001,1990,610,168,427,0,15,,0,0
2.2071E+11,1500000US220710097003,1990,396,175,176,0,45,,10,0
2.2071E+11,1500000US220710106003,1990,453,261,174,18,0,,0,0
2.2071E+11,1500000US220710105001,1990,571,289,249,0,0,,46,33
2.2071E+11,1500000US220710106001,1990,577,238,334,0,0,,16,5
2.2071E+11,1500000US220710105003,1990,380,190,190,0,0,,11,0
2.2071E+11,1500000US220710006081,1990,1291,925,322,22,22,,64,0
2.2071E+11,1500000US220710081023,1990,102,28,74,0,0,,0,0
2.2071E+11,1500000US220710088003,1990,583,57,526,0,0,,0,0
2.2071E+11,1500000US220710006133,1990,1632,611,945,46,0,,51,30
2.2071E+11,1500000US220710006121,1990,325,230,95,0,0,,0,0
2.2071E+11,1500000US220710006083,1990,3080,2295,684,12,51,,138,38
2.2071E+11,1500000US220710089003,1990,528,203,309,0,0,,53,16
2.2071E+11,1500000US220710108002,1990,616,384,228,0,0,,26,4
2.2071E+11,1500000US220710089002,1990,514,78,388,0,0,,53,48
2.2071E+11,1500000US220710087001,1990,396,22,374,0,0,,0,0
2.2071E+11,1500000US220710107002,1990,565,255,302,0,0,,61,8
2.2071E+11,1500000US220710099003,1990,510,346,155,0,9,,26,0
2.2071E+11,1500000US220710107003,1990,729,240,473,7,9,,14,0
2.2071E+11,1500000US220710096001,1990,475,308,119,0,0,,91,48
2.2071E+11,1500000US220710006082,1990,3227,2901,231,0,27,,124,68
2.2071E+11,1500000US220710116002,1990,479,415,64,0,0,,32,0
2.2071E+11,1500000US220710116001,1990,477,430,47,0,0,,0,0
2.2071E+11,1500000US220710099005,1990,879,753,93,0,27,,25,6
2.2071E+11,1500000US220710088004,1990,499,271,228,0,0,,24,0
2.2071E+11,1500000US220710116003,1990,525,521,4,0,0,,6,0
2.2071E+11,1500000US220710081024,1990,373,13,360,0,0,,0,0
2.2071E+11,1500000US220710115002,1990,623,528,95,0,0,,30,0
2.2071E+11,1500000US220710107001,1990,255,255,0,0,0,,0,0
2.2071E+11,1500000US220710107004,1990,441,319,122,0,0,,11,0
2.2071E+11,1500000US220710088002,1990,397,55,342,0,0,,0,0
2.2071E+11,1500000US220710099002,1990,585,501,76,0,0,,23,8
2.2071E+11,1500000US220710006132,1990,1214,308,836,0,0,,93,70
2.2071E+11,1500000US220710089001,1990,336,88,228,0,0,,30,20
2.2071E+11,1500000US220710099004,1990,512,360,152,0,0,,25,0
2.2071E+11,1500000US220710117002,1990,375,375,0,0,0,,0,0
2.2071E+11,1500000US220710090003,1990,775,725,50,0,0,,16,0
2.2071E+11,1500000US220710006111,1990,2071,43,2022,0,0,,13,6
2.2071E+11,1500000US220710109003,1990,654,590,37,0,21,,28,6
2.2071E+11,1500000US220710109004,1990,420,420,0,0,0,,0,0
2.2071E+11,1500000US220710083003,1990,698,128,551,0,0,,45,19
2.2071E+11,1500000US220710099001,1990,240,202,38,0,0,,0,0
2.2071E+11,1500000US220710108003,1990,472,451,0,21,0,,0,0
2.2071E+11,1500000US220710115001,1990,499,476,0,12,5,,12,6
2.2071E+11,1500000US220710088001,1990,506,323,176,0,0,,74,7
2.2071E+11,1500000US220710081022,1990,357,0,357,0,0,,0,0
2.2071E+11,1500000US220710108001,1990,349,349,0,0,0,,0,0
2.2071E+11,1500000US220710006112,1990,2831,67,1982,0,782,,0,0
2.2071E+11,1500000US220710081021,1990,114,0,114,0,0,,12,0
2.2071E+11,1500000US220710006071,1990,842,571,271,0,0,,26,0
2.2071E+11,1500000US220710100003,1990,428,10,411,0,7,,0,0
2.2071E+11,1500000US220710109002,1990,476,228,248,0,0,,0,0
2.2071E+11,1500000US220710109005,1990,384,297,87,0,0,,7,0
2.2071E+11,1500000US220710083002,1990,418,357,54,0,7,,18,0
2.2071E+11,1500000US220710120003,1990,435,388,47,0,0,,10,0
2.2071E+11,1500000US220710006012,1990,209,0,209,0,0,,0,0
2.2071E+11,1500000US220710101002,1990,779,354,366,0,20,,70,39
2.2071E+11,1500000US220710006131,1990,503,359,144,0,0,,0,0
2.2071E+11,1500000US220710101003,1990,694,614,72,0,8,,8,0
2.2071E+11,1500000US220710117003,1990,640,640,0,0,0,,21,0
2.2071E+11,1500000US220710100004,1990,398,277,121,0,0,,4,0
2.2071E+11,1500000US220710081012,1990,2650,12,2638,0,0,,0,0
2.2071E+11,1500000US220710090002,1990,879,713,138,0,9,,52,19
2.2071E+11,1500000US220710006031,1990,1285,48,1195,0,0,,148,42
2.2071E+11,1500000US220710100002,1990,456,0,456,0,0,,0,0
2.2071E+11,1500000US220710083001,1990,265,251,0,7,7,,12,0
2.2071E+11,1500000US220710006072,1990,1233,1175,0,0,58,,9,0
2.2071E+11,1500000US220710100005,1990,633,0,623,10,0,,0,0
2.2071E+11,1500000US220710082003,1990,267,230,13,0,0,,13,24
2.2071E+11,1500000US220710091005,1990,531,95,421,0,0,,23,15
2.2071E+11,1500000US220710006062,1990,1481,1273,203,0,0,,85,5
2.2071E+11,1500000US220710091003,1990,535,286,249,0,0,,16,0
2.2071E+11,1500000US220710135982,1990,0,0,0,0,0,,0,0
2.2071E+11,1500000US220710090001,1990,603,596,0,7,0,,7,0
2.2071E+11,1500000US220710006032,1990,1251,136,984,0,48,,212,83
2.2071E+11,1500000US220710081011,1990,1219,33,1186,0,0,,6,0
2.2071E+11,1500000US220710136981,1990,0,0,0,0,0,,0,0
2.2071E+11,1500000US220710091001,1990,486,8,478,0,0,,0,0
2.2071E+11,1500000US220710100001,1990,559,0,559,0,0,,0,0
2.2071E+11,1500000US220710077005,1990,361,62,299,0,0,,11,0
2.2071E+11,1500000US220710006042,1990,1898,1115,592,7,61,,312,123
2.2071E+11,1500000US220710078003,1990,252,190,50,0,0,,12,12
2.2071E+11,1500000US220710078002,1990,249,147,102,0,0,,19,0
2.2071E+11,1500000US220710091004,1990,628,0,628,0,0,,30,0
2.2071E+11,1500000US220710101001,1990,814,209,605,0,0,,0,0
2.2071E+11,1500000US220710117004,1990,657,657,0,0,0,,8,0
2.2071E+11,1500000US220710101004,1990,388,166,207,0,15,,0,0
2.2071E+11,1500000US220710091002,1990,399,194,205,0,0,,0,0
2.2071E+11,1500000US220710109001,1990,922,133,789,0,0,,7,0
2.2071E+11,1500000US220710109006,1990,616,80,536,0,0,,16,0
2.2071E+11,1500000US220710082002,1990,487,322,120,6,0,,89,39
2.2071E+11,1500000US220710092004,1990,424,0,424,0,0,,40,0
2.2071E+11,1500000US220710092002,1990,448,0,448,0,0,,0,0
2.2071E+11,1500000US220710102004,1990,653,95,530,0,0,,28,28
2.2071E+11,1500000US220710084003,1990,411,33,378,0,0,,0,0
2.2071E+11,1500000US220710111002,1990,364,19,338,0,7,,0,0
2.2071E+11,1500000US220710102003,1990,573,10,563,0,0,,0,0
2.2071E+11,1500000US220710117001,1990,771,734,37,0,0,,24,0
2.2071E+11,1500000US220710006063,1990,1452,1175,140,6,123,,39,8
2.2071E+11,1500000US220710092003,1990,354,9,345,0,0,,0,0
2.2071E+11,1500000US220710092005,1990,458,22,408,0,0,,0,28
2.2071E+11,1500000US220710111003,1990,633,69,564,0,0,,6,0
2.2071E+11,1500000US220710084002,1990,630,318,290,0,22,,8,0
2.2071E+11,1500000US220710120002,1990,527,450,77,0,0,,8,0
2.2071E+11,1500000US220710082001,1990,788,665,100,0,0,,71,23
2.2071E+11,1500000US220710135981,1990,0,0,0,0,0,,0,0
2.2071E+11,1500000US220710079002,1990,312,274,38,0,0,,11,0
2.2071E+11,1500000US220710006073,1990,1895,1716,146,5,22,,59,6
2.2071E+11,1500000US220710092001,1990,500,0,490,0,0,,10,10
2.2071E+11,1500000US220710102002,1990,705,0,705,0,0,,0,0
2.2071E+11,1500000US220710084001,1990,621,254,361,6,0,,0,0
2.2071E+11,1500000US220710078004,1990,423,362,56,0,5,,51,0
2.2071E+11,1500000US220710078001,1990,210,57,153,0,0,,0,0
2.2071E+11,1500000US220710117005,1990,508,508,0,0,0,,24,0
2.2071E+11,1500000US220710120001,1990,641,619,22,0,0,,42,0
2.2071E+11,1500000US220710077002,1990,237,17,220,0,0,,0,0
2.2071E+11,1500000US220710006043,1990,1166,86,1061,0,0,,31,19
2.2071E+11,1500000US220710006011,1990,2810,0,2805,5,0,,0,0
2.2071E+11,1500000US220710111004,1990,529,51,478,0,0,,0,0
2.2071E+11,1500000US220710077004,1990,0,0,0,0,0,,0,0
2.2071E+11,1500000US220710085004,1990,339,0,339,0,0,,0,0
2.2071E+11,1500000US220710119002,1990,829,806,15,0,8,,6,0
2.2071E+11,1500000US220710093013,1990,370,0,364,6,0,,0,0
2.2071E+11,1500000US220710003003,1990,348,37,300,11,0,,0,0
2.2071E+11,1500000US220710003002,1990,391,53,338,0,0,,0,0
2.2071E+11,1500000US220710079001,1990,198,43,155,0,0,,0,0
2.2071E+11,1500000US220710125002,1990,767,275,492,0,0,,43,0
2.2071E+11,1500000US220710077003,1990,191,17,118,0,0,,51,56
2.2071E+11,1500000US220710102005,1990,380,22,358,0,0,,0,0
2.2071E+11,1500000US220710135983,1990,0,0,0,0,0,,0,0
2.2071E+11,1500000US220710111001,1990,483,47,436,0,0,,0,0
2.2071E+11,1500000US220710093022,1990,1885,22,1863,0,0,,8,0
2.2071E+11,1500000US220710085003,1990,527,0,527,0,0,,34,0
2.2071E+11,1500000US220710125001,1990,697,588,97,6,6,,20,0
2.2071E+11,1500000US220710093014,1990,196,0,196,0,0,,0,0
2.2071E+11,1500000US220710093012,1990,311,0,311,0,0,,6,0
2.2071E+11,1500000US220710125003,1990,333,0,333,0,0,,0,0
2.2071E+11,1500000US220710119001,1990,526,526,0,0,0,,29,0
2.2071E+11,1500000US220710093021,1990,1951,0,1951,0,0,,0,0
2.2071E+11,1500000US220710006041,1990,1599,347,1213,8,19,,62,12
2.2071E+11,1500000US220710067001,1990,217,202,15,0,0,,94,0
2.2071E+11,1500000US220710079003,1990,431,100,317,14,0,,43,0
2.2071E+11,1500000US220710085002,1990,546,0,546,0,0,,0,0
2.2071E+11,1500000US220710080005,1990,245,9,236,0,0,,0,0
2.2071E+11,1500000US220710121023,1990,341,314,18,0,0,,9,9
2.2071E+11,1500000US220710102001,1990,663,42,621,0,0,,0,0
2.2071E+11,1500000US220710111005,1990,520,63,435,11,11,,0,0
2.2071E+11,1500000US220710121021,1990,355,355,0,0,0,,0,0
2.2071E+11,1500000US220710006022,1990,913,210,703,0,0,,0,0
2.2071E+11,1500000US220710126002,1990,758,250,475,0,22,,11,11
2.2071E+11,1500000US220710006021,1990,886,387,474,0,0,,42,25
2.2071E+11,1500000US220710126003,1990,559,536,9,14,0,,7,0
2.2071E+11,1500000US220710093011,1990,412,0,412,0,0,,17,0
2.2071E+11,1500000US220710086004,1990,144,0,144,0,0,,0,0
2.2071E+11,1500000US220710004004,1990,708,21,687,0,0,,0,0
2.2071E+11,1500000US220710112002,1990,737,472,215,0,16,,57,34
2.2071E+11,1500000US220710121022,1990,3561,3161,286,0,98,,217,16
2.2071E+11,1500000US220710080003,1990,257,0,257,0,0,,0,0
2.2071E+11,1500000US220710067002,1990,262,69,182,0,11,,11,0
2.2071E+11,1500000US220710080004,1990,156,0,156,0,0,,0,0
2.2071E+11,1500000US220710085001,1990,369,0,369,0,0,,0,0
2.2071E+11,1500000US220710080001,1990,193,0,193,0,0,,0,0
2.2071E+11,1500000US220710103002,1990,1214,33,1181,0,0,,14,0
2.2071E+11,1500000US220710094005,1990,367,0,367,0,0,,0,0
2.2071E+11,1500000US220710086003,1990,478,25,453,0,0,,0,0
2.2071E+11,1500000US220710080002,1990,227,0,227,0,0,,0,0
2.2071E+11,1500000US220710003004,1990,599,6,593,0,0,,0,0
2.2071E+11,1500000US220710003001,1990,370,5,365,0,0,,0,0
2.2071E+11,1500000US220710068004,1990,182,0,182,0,0,,0,0
2.2071E+11,1500000US220710127004,1990,544,479,44,0,21,,0,0
2.2071E+11,1500000US220710077001,1990,617,542,75,0,0,,11,0
2.2071E+11,1500000US220710068005,1990,650,0,650,0,0,,0,0
2.2071E+11,1500000US220710103003,1990,835,121,714,0,0,,17,0
2.2071E+11,1500000US220710086005,1990,787,56,725,0,0,,46,6
2.2071E+11,1500000US220710006023,1990,900,212,679,0,0,,0,9
2.2071E+11,1500000US220710067003,1990,66,0,66,0,0,,0,0
2.2071E+11,1500000US220710004003,1990,584,136,448,0,0,,0,0
2.2071E+11,1500000US220710094004,1990,662,0,662,0,0,,0,0
2.2071E+11,1500000US220710129002,1990,333,314,14,0,0,,41,5
2.2071E+11,1500000US220710006054,1990,236,47,189,0,0,,0,0
2.2071E+11,1500000US220710121013,1990,409,339,61,0,9,,0,0
2.2071E+11,1500000US220710068003,1990,1061,0,1061,0,0,,0,0
2.2071E+11,1500000US220710006051,1990,1102,315,761,8,13,,18,5
2.2071E+11,1500000US220710112001,1990,670,579,42,0,7,,77,42
2.2071E+11,1500000US220710127003,1990,628,222,393,0,0,,46,13
2.2071E+11,1500000US220710094006,1990,449,18,431,0,0,,0,0
2.2071E+11,1500000US220710086002,1990,198,11,187,0,0,,0,0
2.2071E+11,1500000US220710126001,1990,653,508,145,0,0,,41,0
2.2071E+11,1500000US220710059004,1990,395,167,214,14,0,,37,0
2.2071E+11,1500000US220710119003,1990,668,628,0,15,15,,76,10
2.2071E+11,1500000US220710006061,1990,919,894,0,0,25,,24,0
2.2071E+11,1500000US220710001002,1990,444,187,257,0,0,,17,0
2.2071E+11,1500000US220710068001,1990,63,0,63,0,0,,0,0
2.2071E+11,1500000US220710094003,1990,279,0,279,0,0,,0,0
2.2071E+11,1500000US220710086001,1990,372,0,372,0,0,,0,0
2.2071E+11,1500000US220710103004,1990,537,79,458,0,0,,16,0
2.2071E+11,1500000US220710059003,1990,23,23,0,0,0,,0,0
2.2071E+11,1500000US220710069003,1990,212,0,212,0,0,,0,0
2.2071E+11,1500000US220710002003,1990,571,85,486,0,0,,0,0
2.2071E+11,1500000US220710094007,1990,34,0,34,0,0,,0,0
2.2071E+11,1500000US220710068002,1990,711,0,711,0,0,,0,0
2.2071E+11,1500000US220710002002,1990,488,42,446,0,0,,0,0
2.2071E+11,1500000US220710002001,1990,534,129,405,0,0,,0,0
2.2071E+11,1500000US220710127001,1990,759,419,340,0,0,,32,0
2.2071E+11,1500000US220710121011,1990,542,397,116,0,29,,24,0
2.2071E+11,1500000US220710006052,1990,627,277,342,0,8,,0,0
2.2071E+11,1500000US220710057001,1990,429,411,10,8,0,,27,0
2.2071E+11,1500000US220710042003,1990,259,231,20,8,0,,0,0
2.2071E+11,1500000US220710001003,1990,387,306,81,0,0,,0,0
2.2071E+11,1500000US220710004002,1990,830,201,629,0,0,,24,0
2.2071E+11,1500000US220710122003,1990,1179,1129,45,0,0,,18,5
2.2071E+11,1500000US220710007994,1990,0,0,0,0,0,,0,0
2.2071E+11,1500000US220710094002,1990,622,16,606,0,0,,5,0
2.2071E+11,1500000US220710121012,1990,1196,1007,29,0,160,,100,0
2.2071E+11,1500000US220710123003,1990,678,616,62,0,0,,43,0
2.2071E+11,1500000US220710127002,1990,596,240,305,0,41,,24,10
2.2071E+11,1500000US220710129001,1990,609,349,246,0,0,,46,14
2.2071E+11,1500000US220710103001,1990,1110,10,1091,0,0,,15,9
2.2071E+11,1500000US220710007023,1990,897,538,307,17,0,,83,35
2.2071E+11,1500000US220710123001,1990,621,193,412,0,0,,35,16
2.2071E+11,1500000US220710069002,1990,4574,12,4562,0,0,,6,0
2.2071E+11,1500000US220710130002,1990,687,175,512,0,0,,0,0
2.2071E+11,1500000US220710128003,1990,1011,726,285,0,0,,64,0
2.2071E+11,1500000US220710131003,1990,487,0,478,0,0,,0,9
2.2071E+11,1500000US220710001004,1990,587,358,127,0,0,,74,102
2.2071E+11,1500000US220710129003,1990,734,176,558,0,0,,25,0
2.2071E+11,1500000US220710094001,1990,329,0,329,0,0,,0,0
2.2071E+11,1500000US220710123002,1990,897,219,589,0,14,,72,75
2.2071E+11,1500000US220710122002,1990,599,510,84,0,0,,5,5
2.2071E+11,1500000US220710130003,1990,742,82,649,0,11,,0,0
2.2071E+11,1500000US220710059002,1990,0,0,0,0,0,,0,0
2.2071E+11,1500000US220710058003,1990,16,16,0,0,0,,0,0
2.2071E+11,1500000US220710059001,1990,190,148,37,0,5,,0,0
2.2071E+11,1500000US220710069001,1990,0,0,0,0,0,,0,0
2.2071E+11,1500000US220710128002,1990,572,545,6,0,0,,25,21
2.2071E+11,1500000US220710124002,1990,674,208,432,0,34,,6,0
2.2071E+11,1500000US220710070003,1990,718,0,718,0,0,,0,0
2.2071E+11,1500000US220710060003,1990,199,169,22,0,8,,13,0
2.2071E+11,1500000US220710131004,1990,515,0,515,0,0,,9,0
2.2071E+11,1500000US220710006059,1990,3090,2110,851,21,31,,251,77
2.2071E+11,1500000US220710130001,1990,683,208,475,0,0,,5,0
2.2071E+11,1500000US220710058002,1990,214,96,118,0,0,,9,0
2.2071E+11,1500000US220710124003,1990,391,374,9,0,0,,39,8
2.2071E+11,1500000US220710122001,1990,168,168,0,0,0,,0,0
2.2071E+11,1500000US220710001001,1990,480,315,165,0,0,,0,0
2.2071E+11,1500000US220710007021,1990,1006,264,742,0,0,,15,0
2.2071E+11,1500000US220710060004,1990,242,0,214,0,28,,0,0
2.2071E+11,1500000US220710042002,1990,472,467,0,0,0,,5,5
2.2071E+11,1500000US220710132003,1990,886,259,619,0,8,,0,0
2.2071E+11,1500000US220710072004,1990,328,0,322,0,6,,0,0
2.2071E+11,1500000US220710042004,1990,368,331,29,0,0,,25,8
2.2071E+11,1500000US220710047001,1990,282,256,26,0,0,,0,0
2.2071E+11,1500000US220710060002,1990,76,13,33,0,30,,0,0
2.2071E+11,1500000US220710131001,1990,539,0,539,0,0,,0,0
2.2071E+11,1500000US220710131002,1990,851,0,851,0,0,,0,0
2.2071E+11,1500000US220710007022,1990,814,192,605,0,0,,92,17
2.2071E+11,1500000US220710124001,1990,718,301,417,0,0,,66,0
2.2071E+11,1500000US220710001005,1990,374,296,28,6,0,,44,44
2.2071E+11,1500000US220710004001,1990,483,172,304,0,0,,16,7
2.2071E+11,1500000US220710072005,1990,730,6,721,0,0,,3,3
2.2071E+11,1500000US220710042005,1990,242,192,13,9,11,,39,17
2.2071E+11,1500000US220710060001,1990,370,28,326,0,16,,0,0
2.2071E+11,1500000US220710038003,1990,268,268,0,0,0,,0,0
2.2071E+11,1500000US220710072003,1990,454,0,454,0,0,,0,0
2.2071E+11,1500000US220710049006,1990,373,41,332,0,0,,0,0
2.2071E+11,1500000US220710009032,1990,457,7,450,0,0,,0,0
2.2071E+11,1500000US220710132002,1990,1164,218,946,0,0,,13,0
2.2071E+11,1500000US220710042001,1990,643,612,24,0,0,,34,7
2.2071E+11,1500000US220710008002,1990,1060,75,985,0,0,,0,0
2.2071E+11,1500000US220710048001,1990,2508,9,2490,9,0,,0,0
2.2071E+11,1500000US220710008001,1990,822,97,725,0,0,,15,0
2.2071E+11,1500000US220710049005,1990,168,74,94,0,0,,14,0
2.2071E+11,1500000US220710058001,1990,85,32,25,0,24,,4,4
2.2071E+11,1500000US220710128001,1990,1082,770,272,0,30,,21,10
2.2071E+11,1500000US220710009014,1990,918,16,902,0,0,,0,0
2.2071E+11,1500000US220710075025,1990,862,79,783,0,0,,0,0
2.2071E+11,1500000US220710011004,1990,557,216,334,0,0,,51,7
2.2071E+11,1500000US220710132004,1990,601,273,319,5,0,,4,4
2.2071E+11,1500000US220710009042,1990,757,0,749,8,0,,0,0
2.2071E+11,1500000US220710071002,1990,294,0,294,0,0,,0,0
2.2071E+11,1500000US220710039006,1990,80,0,80,0,0,,0,0
2.2071E+11,1500000US220710038002,1990,623,603,10,0,0,,16,10
2.2071E+11,1500000US220710132001,1990,744,276,468,0,0,,0,0
2.2071E+11,1500000US220710007024,1990,571,93,478,0,0,,6,0
2.2071E+11,1500000US220710011009,1990,0,0,0,0,0,,0,0
2.2071E+11,1500000US220710049004,1990,204,59,145,0,0,,39,0
2.2071E+11,1500000US220710070002,1990,181,15,166,0,0,,0,0
2.2071E+11,1500000US220710008003,1990,990,71,919,0,0,,0,0
2.2071E+11,1500000US220710038001,1990,731,705,11,0,15,,0,0
2.2071E+11,1500000US220710018002,1990,200,113,61,7,19,,0,0
2.2071E+11,1500000US220710018003,1990,481,350,123,0,0,,31,8
2.2071E+11,1500000US220710075026,1990,444,22,422,0,0,,0,0
2.2071E+11,1500000US220710026002,1990,610,538,47,0,11,,47,14
2.2071E+11,1500000US220710049007,1990,728,217,500,0,0,,21,11
2.2071E+11,1500000US220710072002,1990,406,7,399,0,0,,0,0
2.2071E+11,1500000US220710072006,1990,325,28,279,0,4,,14,14
2.2071E+11,1500000US220710009043,1990,823,14,809,0,0,,0,0
2.2071E+11,1500000US220710039005,1990,3,0,3,0,0,,0,0
2.2071E+11,1500000US220710012002,1990,410,282,128,0,0,,13,0
2.2071E+11,1500000US220710011003,1990,1237,291,946,0,0,,13,0
2.2071E+11,1500000US220710049003,1990,335,0,335,0,0,,0,0
2.2071E+11,1500000US220710018004,1990,441,328,101,0,0,,91,12
2.2071E+11,1500000US220710012001,1990,309,116,193,0,0,,19,0
2.2071E+11,1500000US220710044015,1990,327,0,327,0,0,,0,0
2.2071E+11,1500000US220710009013,1990,644,10,634,0,0,,0,0
2.2071E+11,1500000US220710009044,1990,589,0,589,0,0,,0,0
2.2071E+11,1500000US220710044022,1990,1303,9,1294,0,0,,0,0
2.2071E+11,1500000US220710070001,1990,804,58,744,0,0,,15,2
2.2071E+11,1500000US220710011992,1990,7,7,0,0,0,,0,0
2.2071E+11,1500000US220710039003,1990,434,156,278,0,0,,7,0
2.2071E+11,1500000US220710075024,1990,479,38,441,0,0,,0,0
2.2071E+11,1500000US220710049002,1990,701,20,650,0,0,,31,31
2.2071E+11,1500000US220710063003,1990,694,212,456,0,20,,6,6
2.2071E+11,1500000US220710013044,1990,653,225,428,0,0,,0,0
2.2071E+11,1500000US220710075014,1990,620,0,620,0,0,,0,0
2.2071E+11,1500000US220710071001,1990,4258,446,3732,0,0,,93,80
2.2071E+11,1500000US220710009041,1990,577,0,577,0,0,,0,0
2.2071E+11,1500000US220710039004,1990,222,16,166,0,0,,0,40
2.2071E+11,1500000US220710044014,1990,595,0,595,0,0,,0,0
2.2071E+11,1500000US220710049001,1990,576,23,526,0,0,,50,27
2.2071E+11,1500000US220710026001,1990,579,336,225,0,18,,28,0
2.2071E+11,1500000US220710012003,1990,803,270,533,0,0,,14,0
2.2071E+11,1500000US220710026003,1990,417,312,80,0,9,,32,16
2.2071E+11,1500000US220710013033,1990,787,196,546,0,0,,45,45
2.2071E+11,1500000US220710071003,1990,168,33,123,0,0,,12,12
2.2071E+11,1500000US220710039002,1990,441,48,379,0,8,,21,6
2.2071E+11,1500000US220710063004,1990,515,224,226,0,0,,93,65
2.2071E+11,1500000US220710063002,1990,682,142,345,0,0,,277,195
2.2071E+11,1500000US220710072001,1990,800,53,718,0,12,,12,17
2.2071E+11,1500000US220710013013,1990,699,332,354,0,0,,30,13
2.2071E+11,1500000US220710013022,1990,1093,63,1008,0,0,,22,22
2.2071E+11,1500000US220710044013,1990,312,0,312,0,0,,18,0
2.2071E+11,1500000US220710011002,1990,886,239,612,9,20,,27,6
2.2071E+11,1500000US220710013012,1990,422,73,349,0,0,,0,0
2.2071E+11,1500000US220710063001,1990,327,161,116,0,22,,80,28
2.2071E+11,1500000US220710064004,1990,589,164,405,0,0,,42,20
2.2071E+11,1500000US220710027003,1990,439,31,377,0,0,,49,31
2.2071E+11,1500000US220710009033,1990,644,0,644,0,0,,0,0
2.2071E+11,1500000US220710075023,1990,1195,19,1176,0,0,,0,0
2.2071E+11,1500000US220710039001,1990,486,6,480,0,0,,18,0
2.2071E+11,1500000US220710018001,1990,360,260,88,0,0,,63,12
2.2071E+11,1500000US220710044021,1990,1077,0,1077,0,0,,0,0
2.2071E+11,1500000US220710012004,1990,694,259,313,0,122,,54,0
2.2071E+11,1500000US220710027002,1990,665,13,652,0,0,,8,0
2.2071E+11,1500000US220710009012,1990,832,0,832,0,0,,17,0
2.2071E+11,1500000US220710027004,1990,670,0,670,0,0,,0,0
2.2071E+11,1500000US220710044012,1990,411,22,389,0,0,,0,0
2.2071E+11,1500000US220710007013,1990,1095,11,1084,0,0,,0,0
2.2071E+11,1500000US220710040003,1990,682,5,672,5,0,,0,0
2.2071E+11,1500000US220710019002,1990,900,248,646,0,0,,66,6
2.2071E+11,1500000US220710044016,1990,191,0,191,0,0,,0,0
2.2071E+11,1500000US220710013014,1990,480,65,415,0,0,,0,0
2.2071E+11,1500000US220710076054,1990,0,0,0,0,0,,0,0
2.2071E+11,1500000US220710009031,1990,559,0,559,0,0,,0,0
2.2071E+11,1500000US220710075022,1990,794,35,751,0,0,,19,8
2.2071E+11,1500000US220710075013,1990,631,0,631,0,0,,0,0
2.2071E+11,1500000US220710050004,1990,372,0,344,0,0,,28,28
2.2071E+11,1500000US220710006999,1990,0,0,0,0,0,,0,0
2.2071E+11,1500000US220710017332,1990,2021,562,1347,0,49,,60,63
2.2071E+11,1500000US220710014012,1990,633,4,629,0,0,,0,0
2.2071E+11,1500000US220710065001,1990,502,444,23,0,0,,123,35
2.2071E+11,1500000US220710030003,1990,356,0,356,0,0,,0,0
2.2071E+11,1500000US220710028002,1990,561,0,561,0,0,,0,0
2.2071E+11,1500000US220710065005,1990,523,369,89,0,0,,95,65
2.2071E+11,1500000US220710009026,1990,482,0,482,0,0,,0,0
2.2071E+11,1500000US220710029001,1990,481,7,474,0,0,,0,0
2.2071E+11,1500000US220710036003,1990,711,116,591,0,0,,4,4
2.2071E+11,1500000US220710075015,1990,808,0,808,0,0,,0,0
2.2071E+11,1500000US220710064005,1990,914,398,372,0,62,,94,82
2.2071E+11,1500000US220710075021,1990,608,26,582,0,0,,0,0
2.2071E+11,1500000US220710009034,1990,659,0,659,0,0,,0,0
2.2071E+11,1500000US220710014015,1990,490,0,490,0,0,,0,0
2.2071E+11,1500000US220710036001,1990,739,43,688,0,0,,43,8
2.2071E+11,1500000US220710028001,1990,717,0,717,0,0,,7,0
2.2071E+11,1500000US220710014014,1990,755,0,755,0,0,,8,0
2.2071E+11,1500000US220710021003,1990,586,0,586,0,0,,13,0
2.2071E+11,1500000US220710030002,1990,502,10,488,0,0,,11,4
2.2071E+11,1500000US220710054002,1990,717,646,55,0,0,,45,16
2.2071E+11,1500000US220710014013,1990,676,0,676,0,0,,0,0
2.2071E+11,1500000US220710011001,1990,409,7,402,0,0,,13,0
2.2071E+11,1500000US220710022002,1990,717,83,591,0,11,,32,32
2.2071E+11,1500000US220710017981,1990,2220,0,2220,0,0,,13,0
2.2071E+11,1500000US220710022003,1990,666,17,649,0,0,,0,0
2.2071E+11,1500000US220710031001,1990,597,0,597,0,0,,0,0
2.2071E+11,1500000US220710037026,1990,1057,576,448,0,8,,95,25
2.2071E+11,1500000US220710037023,1990,549,90,413,0,0,,51,46
2.2071E+11,1500000US220710014017,1990,255,0,255,0,0,,0,0
2.2071E+11,1500000US220710014016,1990,285,0,285,0,0,,0,0
2.2071E+11,1500000US220710022001,1990,753,52,682,0,0,,22,19
2.2071E+11,1500000US220710015001,1990,399,86,290,0,4,,49,19
2.2071E+11,1500000US220710046004,1990,919,733,96,9,0,,114,81
2.2071E+11,1500000US220710021001,1990,452,22,430,0,0,,0,0
2.2071E+11,1500000US220710037024,1990,1004,193,811,0,0,,16,0
2.2071E+11,1500000US220710021002,1990,739,40,699,0,0,,28,0
2.2071E+11,1500000US220710046003,1990,1879,1795,62,7,0,,93,15
2.2071E+11,1500000US220710016002,1990,2598,0,2598,0,0,,11,0
2.2071E+11,1500000US220710041001,1990,713,554,88,7,17,,46,47
2.2071E+11,1500000US220710055003,1990,358,358,0,0,0,,41,0
2.2071E+11,1500000US220710023003,1990,680,69,611,0,0,,0,0
2.2071E+11,1500000US220710023004,1990,721,96,625,0,0,,37,0
2.2071E+11,1500000US220710023002,1990,563,25,538,0,0,,17,0
2.2071E+11,1500000US220710023005,1990,430,69,361,0,0,,0,0
2.2071E+11,1500000US220710023006,1990,774,103,656,0,0,,14,15
2.2071E+11,1500000US220710055002,1990,548,535,0,13,0,,31,0
2.2071E+11,1500000US220710017982,1990,1831,0,1831,0,0,,0,0
2.2071E+11,1500000US220710037012,1990,1441,873,564,0,0,,26,4
2.2071E+11,1500000US220710037021,1990,836,0,739,0,0,,82,97
2.2071E+11,1500000US220710076043,1990,520,520,0,0,0,,34,0
2.2071E+11,1500000US220710037022,1990,591,125,455,11,0,,11,0
2.2071E+11,1500000US220710031003,1990,441,45,396,0,0,,17,0
2.2071E+11,1500000US220710031002,1990,876,5,866,0,0,,5,5
2.2071E+11,1500000US220710033064,1990,1883,0,1883,0,0,,0,0
2.2071E+11,1500000US220710055004,1990,882,824,10,0,36,,60,12
2.2071E+11,1500000US220710033052,1990,1393,0,1393,0,0,,0,0
2.2071E+11,1500000US220710033084,1990,581,5,566,0,0,,43,10
2.2071E+11,1500000US220710023001,1990,707,75,632,0,0,,12,0
2.2071E+11,1500000US220710033072,1990,704,41,659,0,0,,12,4
2.2071E+11,1500000US220710046002,1990,0,0,0,0,0,,0,0
2.2071E+11,1500000US220710055001,1990,1100,1058,31,11,0,,22,0
2.2071E+11,1500000US220710017032,1990,466,0,466,0,0,,0,0
2.2071E+11,1500000US220710023007,1990,238,6,215,0,0,,17,17
2.2071E+11,1500000US220710024012,1990,186,24,162,0,0,,13,0
2.2071E+11,1500000US220710037011,1990,705,229,476,0,0,,30,0
2.2071E+11,1500000US220710017033,1990,1193,0,1187,0,6,,7,0
2.2071E+11,1500000US220710076042,1990,124,78,46,0,0,,0,0
2.2071E+11,1500000US220710030005,1990,259,0,259,0,0,,0,0
2.2071E+11,1500000US220710036002,1990,1043,31,1012,0,0,,17,0
2.2071E+11,1500000US220710030004,1990,308,5,290,13,0,,0,0
2.2071E+11,1500000US220710014011,1990,568,12,556,0,0,,0,0
2.2071E+11,1500000US220710007014,1990,657,34,623,0,0,,0,0
2.2071E+11,1500000US220710054003,1990,631,387,230,0,0,,105,14
2.2071E+11,1500000US220710037025,1990,569,441,128,0,0,,14,0
2.2071E+11,1500000US220710007011,1990,766,0,720,46,0,,7,0
2.2071E+11,1500000US220710041002,1990,771,352,415,0,4,,7,0
2.2071E+11,1500000US220710035001,1990,602,5,587,0,0,,23,10
2.2071E+11,1500000US220710015002,1990,731,80,651,0,0,,0,0
2.2071E+11,1500000US220710028003,1990,464,0,464,0,0,,42,0
2.2071E+11,1500000US220710028004,1990,384,4,380,0,0,,0,0
2.2071E+11,1500000US220710045004,1990,441,32,409,0,0,,44,0
2.2071E+11,1500000US220710076051,1990,418,10,408,0,0,,0,0
2.2071E+11,1500000US220710013011,1990,589,20,569,0,0,,0,0
2.2071E+11,1500000US220710027001,1990,395,31,324,0,0,,73,40
2.2071E+11,1500000US220710044011,1990,674,18,656,0,0,,0,0
2.2071E+11,1500000US220710064002,1990,480,233,137,56,16,,167,38
2.2071E+11,1500000US220710027005,1990,495,7,470,0,18,,5,0