Id,Year,Total,White,Black or African American,American Indian or Alaskan Native,Asian,Native Hawaiian and Other Pacific Islander,Hispanic,Some other race,Two or more races
1500000US220710001001,2014,845,621,78,0,0,0,160,98,48
1500000US220710001002,2014,1278,822,379,0,0,0,59,0,77
1500000US220710001003,2014,547,494,33,0,0,0,42,8,12
1500000US220710002001,2014,462,93,369,0,0,0,36,0,0
1500000US220710002002,2014,751,186,519,0,0,0,71,11,35
1500000US220710003001,2014,528,44,484,0,0,0,0,0,0
1500000US220710003002,2014,578,81,492,0,0,0,10,5,0
1500000US220710004001,2014,1013,297,691,0,23,0,34,0,2
1500000US220710004002,2014,1447,3,1411,0,0,0,0,0,33
1500000US220710006011,2014,252,0,252,0,0,0,0,0,0
1500000US220710006012,2014,685,0,685,0,0,0,0,0,0
1500000US220710006021,2014,989,116,843,4,0,0,39,19,7
1500000US220710006022,2014,640,26,614,0,0,0,0,0,0
1500000US220710006023,2014,1331,83,1230,0,18,0,0,0,0
1500000US220710006031,2014,409,25,251,0,10,0,141,116,7
1500000US220710006032,2014,753,55,582,14,102,0,69,0,0
1500000US220710006041,2014,1694,274,1403,0,6,0,0,0,11
1500000US220710006042,2014,1800,401,1316,0,34,0,178,9,40
1500000US220710006043,2014,1209,13,1196,0,0,0,0,0,0
1500000US220710006051,2014,865,197,668,0,0,0,10,0,0
1500000US220710006052,2014,536,108,428,0,0,0,0,0,0
1500000US220710006053,2014,751,436,303,0,0,0,71,12,0
1500000US220710006061,2014,1783,877,793,0,35,0,239,0,78
1500000US220710006062,2014,1251,560,630,0,0,0,85,13,48
1500000US220710006063,2014,1521,480,976,0,65,0,26,0,0
1500000US220710006071,2014,957,430,527,0,0,0,0,0,0
1500000US220710006072,2014,1513,806,652,0,0,0,130,0,55
1500000US220710006073,2014,2059,1196,863,0,0,0,117,0,0
1500000US220710006111,2014,1475,9,1442,0,24,0,0,0,0
1500000US220710006112,2014,2892,117,1920,0,483,0,489,372,0
1500000US220710006121,2014,1528,895,336,27,114,0,82,81,75
1500000US220710006131,2014,1049,27,1009,0,0,0,0,0,13
1500000US220710006132,2014,1501,65,1415,0,0,0,64,21,0
1500000US220710006133,2014,2400,344,2047,0,9,0,25,0,0
1500000US220710006151,2014,1637,534,911,6,186,0,31,0,0
1500000US220710006152,2014,1871,445,1399,0,18,0,29,0,9
1500000US220710006161,2014,1009,334,675,0,0,0,22,0,0
1500000US220710006162,2014,1485,259,1200,0,26,0,8,0,0
1500000US220710006163,2014,1706,930,715,0,9,0,37,9,43
1500000US220710006171,2014,1186,259,927,0,0,0,0,0,0
1500000US220710006172,2014,2548,346,2162,20,20,0,8,0,0
1500000US220710006181,2014,1605,908,585,0,112,0,68,0,0
1500000US220710006182,2014,2319,584,1482,30,9,0,0,71,143
1500000US220710007011,2014,73,0,73,0,0,0,0,0,0
1500000US220710007012,2014,151,0,151,0,0,0,0,0,0
1500000US220710007013,2014,167,18,149,0,0,0,1,0,0
1500000US220710007014,2014,180,0,180,0,0,0,0,0,0
1500000US220710007021,2014,425,8,417,0,0,0,0,0,0
1500000US220710007022,2014,650,56,590,4,0,0,85,0,0
1500000US220710007023,2014,108,17,91,0,0,0,0,0,0
1500000US220710007024,2014,522,49,443,0,0,0,0,21,9
1500000US220710008001,2014,382,83,299,0,0,0,0,0,0
1500000US220710008002,2014,482,11,464,7,0,0,0,0,0
1500000US220710008003,2014,485,27,419,0,18,0,0,0,21
1500000US220710009011,2014,165,0,165,0,0,0,0,0,0
1500000US220710009012,2014,225,0,225,0,0,0,0,0,0
1500000US220710009013,2014,78,0,78,0,0,0,0,0,0
1500000US220710009014,2014,322,66,256,0,0,0,0,0,0
1500000US220710009021,2014,48,0,48,0,0,0,0,0,0
1500000US220710009022,2014,189,1,188,0,0,0,0,0,0
1500000US220710009023,2014,233,0,233,0,0,0,0,0,0
1500000US220710009024,2014,219,0,219,0,0,0,0,0,0
1500000US220710009031,2014,74,0,74,0,0,0,0,0,0
1500000US220710009032,2014,216,0,216,0,0,0,0,0,0
1500000US220710009033,2014,38,0,38,0,0,0,0,0,0
1500000US220710009034,2014,148,0,148,0,0,0,0,0,0
1500000US220710009041,2014,418,9,366,0,10,0,22,22,11
1500000US220710009042,2014,424,2,422,0,0,0,2,0,0
1500000US220710011001,2014,662,67,573,0,0,0,27,22,0
1500000US220710011002,2014,1028,862,92,8,7,0,21,21,38
1500000US220710011003,2014,0,0,0,0,0,0,0,0,0
1500000US220710012001,2014,504,411,65,0,0,0,16,0,28
1500000US220710012002,2014,416,287,99,0,0,0,10,0,30
1500000US220710012003,2014,669,570,51,0,0,0,5,0,48
1500000US220710013011,2014,729,72,651,0,0,0,0,0,6
1500000US220710013012,2014,361,225,122,0,8,0,0,0,6
1500000US220710013013,2014,324,59,248,0,0,0,0,0,17
1500000US220710013014,2014,264,0,264,0,0,0,0,0,0
1500000US220710013021,2014,406,11,395,0,0,0,6,0,0
1500000US220710013022,2014,483,45,429,0,9,0,0,0,0
1500000US220710014011,2014,250,0,250,0,0,0,0,0,0
1500000US220710014012,2014,162,1,161,0,0,0,0,0,0
1500000US220710014013,2014,284,0,284,0,0,0,0,0,0
1500000US220710014014,2014,274,9,261,0,0,0,0,4,0
1500000US220710014015,2014,138,0,87,0,0,0,0,51,0
1500000US220710014016,2014,140,0,140,0,0,0,0,0,0
1500000US220710014021,2014,584,69,446,0,0,0,30,0,69
1500000US220710014022,2014,189,43,146,0,0,0,0,0,0
1500000US220710014023,2014,333,7,312,0,0,0,14,0,14
1500000US220710014024,2014,662,1,661,0,0,0,0,0,0
1500000US220710015001,2014,532,65,459,0,0,0,0,4,4
1500000US220710015002,2014,306,88,209,0,0,0,21,9,0
1500000US220710016001,2014,0,0,0,0,0,0,0,0,0
1500000US220710017011,2014,918,67,833,0,0,0,17,0,18
1500000US220710017012,2014,534,18,511,0,0,0,0,0,5
1500000US220710017013,2014,498,9,489,0,0,0,9,0,0
1500000US220710017021,2014,1022,0,1022,0,0,0,25,0,0
1500000US220710017022,2014,838,9,829,0,0,0,35,0,0
1500000US220710017023,2014,478,79,399,0,0,0,0,0,0
1500000US220710017024,2014,644,339,173,0,132,0,2,0,0
1500000US220710017201,2014,615,0,539,0,9,0,0,9,58
1500000US220710017202,2014,654,0,633,0,0,0,21,21,0
1500000US220710017203,2014,1084,0,1084,0,0,0,0,0,0
1500000US220710017204,2014,1012,15,985,0,12,0,0,0,0
1500000US220710017221,2014,382,0,382,0,0,0,23,0,0
1500000US220710017222,2014,751,0,711,0,0,14,0,0,26
1500000US220710017223,2014,1057,0,1034,0,0,0,0,23,0
1500000US220710017224,2014,434,0,315,0,0,0,138,119,0
1500000US220710017225,2014,1012,62,937,0,0,0,0,7,6
1500000US220710017226,2014,245,0,245,0,0,0,25,0,0
1500000US220710017227,2014,329,0,329,0,0,0,0,0,0
1500000US220710017231,2014,863,25,656,0,66,0,0,0,116
1500000US220710017232,2014,1654,57,1560,0,4,0,0,15,18
1500000US220710017233,2014,902,40,862,0,0,0,0,0,0
1500000US220710017234,2014,1651,167,1484,0,0,0,0,0,0
1500000US220710017241,2014,700,147,509,0,44,0,6,0,0
1500000US220710017242,2014,1083,69,936,0,61,0,0,0,17
1500000US220710017243,2014,1440,14,1299,0,88,0,47,0,39
1500000US220710017244,2014,1396,73,1263,0,0,0,60,60,0
1500000US220710017251,2014,1846,38,1552,0,0,0,211,194,62
1500000US220710017252,2014,1858,81,1777,0,0,0,37,0,0
1500000US220710017253,2014,1658,6,1651,0,0,0,0,1,0
1500000US220710017254,2014,1586,43,1543,0,0,0,13,0,0
1500000US220710017301,2014,902,33,855,0,2,0,11,0,12
1500000US220710017341,2014,835,715,0,0,81,0,11,8,31
1500000US220710017351,2014,1149,4,1131,0,0,0,28,0,14
1500000US220710017352,2014,820,59,761,0,0,0,19,0,0
1500000US220710017361,2014,684,0,675,0,0,0,9,9,0
1500000US220710017362,2014,1388,83,1292,0,13,0,59,0,0
1500000US220710017371,2014,1612,6,1595,0,5,0,17,6,0
1500000US220710017372,2014,904,53,851,0,0,0,0,0,0
1500000US220710017373,2014,645,100,528,11,0,0,0,0,6
1500000US220710017391,2014,1134,19,1115,0,0,0,0,0,0
1500000US220710017392,2014,574,0,574,0,0,0,0,0,0
1500000US220710017401,2014,1436,9,1299,0,0,0,0,95,33
1500000US220710017402,2014,1519,0,1450,0,18,0,18,33,18
1500000US220710017403,2014,1671,62,1495,0,0,0,38,0,114
1500000US220710017411,2014,1611,73,930,0,600,0,0,0,8
1500000US220710017431,2014,1562,28,1534,0,0,0,0,0,0
1500000US220710017432,2014,815,6,790,0,0,0,0,19,0
1500000US220710017441,2014,1098,0,1039,0,0,0,0,0,59
1500000US220710017442,2014,1971,0,1971,0,0,0,0,0,0
1500000US220710017443,2014,1142,58,1084,0,0,0,41,0,0
1500000US220710017451,2014,2249,133,1932,0,0,0,129,157,27
1500000US220710017452,2014,1145,11,1117,0,2,0,12,0,15
1500000US220710017461,2014,1149,39,1100,0,0,0,0,0,10
1500000US220710017462,2014,1665,9,1648,0,0,0,20,0,8
1500000US220710017463,2014,1651,11,1640,0,0,0,0,0,0
1500000US220710017471,2014,2668,0,1874,0,687,0,0,96,11
1500000US220710017472,2014,1170,29,1068,0,61,0,31,12,0
1500000US220710017481,2014,1285,18,1060,0,207,0,0,0,0
1500000US220710017482,2014,1383,0,1182,0,201,0,0,0,0
1500000US220710017483,2014,1330,58,1269,0,0,0,80,3,0
1500000US220710017484,2014,894,35,754,0,105,0,0,0,0
1500000US220710017491,2014,1189,9,594,0,575,0,19,11,0
1500000US220710017492,2014,1785,158,382,15,1001,0,389,199,30
1500000US220710017501,2014,1225,14,210,0,894,0,107,107,0
1500000US220710017502,2014,693,116,385,0,100,0,200,43,49
1500000US220710017503,2014,1523,345,252,254,630,0,639,22,20
1500000US220710017511,2014,802,217,512,6,1,0,145,66,0
1500000US220710018001,2014,922,737,77,0,18,0,93,79,11
1500000US220710018002,2014,514,465,0,17,6,0,38,0,26
1500000US220710019001,2014,220,104,116,0,0,0,0,0,0
1500000US220710019002,2014,508,151,352,5,0,0,34,0,0
1500000US220710019003,2014,611,149,430,0,0,0,152,25,7
1500000US220710020001,2014,459,60,378,0,0,0,0,0,21
1500000US220710020002,2014,364,47,304,0,0,0,1,0,13
1500000US220710020003,2014,261,43,218,0,0,0,0,0,0
1500000US220710021001,2014,376,2,374,0,0,0,0,0,0
1500000US220710021002,2014,341,20,321,0,0,0,0,0,0
1500000US220710022001,2014,231,25,206,0,0,0,5,0,0
1500000US220710022002,2014,404,8,396,0,0,0,0,0,0
1500000US220710022003,2014,190,4,186,0,0,0,9,0,0
1500000US220710023001,2014,180,0,180,0,0,0,0,0,0
1500000US220710023002,2014,179,46,119,0,0,0,0,0,14
1500000US220710023003,2014,120,0,120,0,0,0,0,0,0
1500000US220710023004,2014,229,0,229,0,0,0,0,0,0
1500000US220710023005,2014,1091,31,1016,0,0,0,52,32,12
1500000US220710024011,2014,1011,134,792,11,0,0,30,44,30
1500000US220710024012,2014,1022,67,928,0,0,0,18,0,27
1500000US220710024021,2014,371,82,289,0,0,0,59,0,0
1500000US220710024022,2014,876,66,810,0,0,0,0,0,0
1500000US220710024023,2014,639,35,604,0,0,0,26,0,0
1500000US220710024024,2014,1031,179,825,0,0,0,0,0,27
1500000US220710025011,2014,669,110,555,0,0,0,44,0,4
1500000US220710025012,2014,490,55,435,0,0,0,43,0,0
1500000US220710025013,2014,244,49,195,0,0,0,14,0,0
1500000US220710025014,2014,300,73,227,0,0,0,21,0,0
1500000US220710025021,2014,921,5,904,0,0,0,0,0,12
1500000US220710025022,2014,343,46,297,0,0,0,0,0,0
1500000US220710025023,2014,453,18,435,0,0,0,6,0,0
1500000US220710025024,2014,453,7,439,0,0,0,7,0,7
1500000US220710025031,2014,513,78,378,0,49,0,0,0,8
1500000US220710025032,2014,1125,230,895,0,0,0,0,0,0
1500000US220710025033,2014,690,319,356,0,0,0,55,15,0
1500000US220710025041,2014,621,56,559,0,0,0,93,0,6
1500000US220710025042,2014,740,200,514,14,0,0,15,0,12
1500000US220710025043,2014,391,186,177,0,3,0,27,12,13
1500000US220710025044,2014,498,97,363,0,0,0,23,0,38
1500000US220710026001,2014,615,540,43,0,32,0,0,0,0
1500000US220710026002,2014,702,553,101,0,48,0,21,0,0
1500000US220710027001,2014,541,24,503,0,0,0,19,14,0
1500000US220710027002,2014,658,235,423,0,0,0,0,0,0
1500000US220710027003,2014,298,61,237,0,0,0,52,0,0
1500000US220710028001,2014,357,0,357,0,0,0,0,0,0
1500000US220710028002,2014,718,0,703,0,15,0,0,0,0
1500000US220710028003,2014,461,5,455,0,1,0,0,0,0
1500000US220710029001,2014,551,10,541,0,0,0,0,0,0
1500000US220710029002,2014,318,0,318,0,0,0,0,0,0
1500000US220710029003,2014,567,24,543,0,0,0,40,0,0
1500000US220710030001,2014,460,46,396,0,0,0,30,0,18
1500000US220710030002,2014,685,4,670,11,0,0,11,0,0
1500000US220710031001,2014,340,0,321,0,0,0,16,19,0
1500000US220710031002,2014,753,1,626,0,0,0,0,7,119
1500000US220710033011,2014,820,546,228,0,46,0,46,0,0
1500000US220710033012,2014,652,206,446,0,0,0,31,0,0
1500000US220710033013,2014,361,156,205,0,0,0,47,0,0
1500000US220710033021,2014,655,47,608,0,0,0,8,0,0
1500000US220710033022,2014,1298,9,1284,0,0,0,6,0,5
1500000US220710033023,2014,1105,143,923,0,23,0,23,3,13
1500000US220710033024,2014,529,96,375,0,29,0,55,19,10
1500000US220710033031,2014,890,295,523,6,61,0,96,5,0
1500000US220710033032,2014,610,97,438,0,17,0,17,49,9
1500000US220710033033,2014,428,58,337,0,0,0,40,28,5
1500000US220710033041,2014,961,116,845,0,0,0,33,0,0
1500000US220710033042,2014,895,79,806,5,0,0,10,0,5
1500000US220710033071,2014,829,10,782,0,0,0,49,37,0
1500000US220710033072,2014,504,5,499,0,0,0,0,0,0
1500000US220710033081,2014,376,19,285,0,0,0,46,20,52
1500000US220710033082,2014,671,32,634,0,5,0,0,0,0
1500000US220710033083,2014,1000,0,990,0,0,0,0,0,10
1500000US220710033084,2014,514,11,367,0,0,0,126,126,10
1500000US220710033085,2014,493,0,493,0,0,0,0,0,0
1500000US220710033086,2014,257,82,123,0,17,0,0,35,0
1500000US220710034001,2014,612,142,459,0,0,11,0,0,0
1500000US220710034002,2014,632,248,348,0,0,0,52,4,32
1500000US220710035001,2014,448,12,431,0,0,0,0,0,5
1500000US220710035002,2014,283,16,267,0,0,0,0,0,0
1500000US220710035003,2014,464,129,335,0,0,0,0,0,0
1500000US220710036001,2014,475,5,436,0,0,0,27,0,34
1500000US220710036002,2014,720,161,551,0,0,0,0,8,0
1500000US220710036003,2014,643,79,537,0,0,0,6,0,27
1500000US220710037011,2014,1528,520,952,5,45,0,55,0,6
1500000US220710037012,2014,741,49,692,0,0,0,5,0,0
1500000US220710037021,2014,619,4,589,0,1,0,0,0,25
1500000US220710037022,2014,695,115,544,0,29,0,0,7,0
1500000US220710037023,2014,413,20,393,0,0,0,0,0,0
1500000US220710037024,2014,636,100,511,25,0,0,11,0,0
1500000US220710037025,2014,385,316,69,0,0,0,0,0,0
1500000US220710037026,2014,595,472,85,0,0,0,28,20,18
1500000US220710038001,2014,625,614,10,0,0,0,11,0,1
1500000US220710038002,2014,606,587,12,0,7,0,73,0,0
1500000US220710039001,2014,671,293,276,0,16,0,184,0,86
1500000US220710039002,2014,695,296,339,0,0,0,47,10,50
1500000US220710040001,2014,922,184,735,0,0,0,27,0,3
1500000US220710040002,2014,1107,217,853,5,0,0,174,32,0
1500000US220710041001,2014,760,689,54,0,12,0,42,0,5
1500000US220710041002,2014,817,614,134,3,1,0,93,60,5
1500000US220710044011,2014,366,22,339,0,0,0,5,5,0
1500000US220710044012,2014,326,24,302,0,0,0,0,0,0
1500000US220710044013,2014,572,56,480,0,0,0,13,0,36
1500000US220710044021,2014,78,0,78,0,0,0,0,0,0
1500000US220710044022,2014,0,0,0,0,0,0,0,0,0
1500000US220710045001,2014,531,53,469,0,0,0,0,0,9
1500000US220710045002,2014,752,105,639,0,0,0,17,8,0
1500000US220710045003,2014,800,381,293,0,53,0,142,57,16
1500000US220710046001,2014,560,460,85,0,0,0,8,15,0
1500000US220710046002,2014,1588,1462,80,0,0,0,126,0,46
1500000US220710046003,2014,745,650,55,19,0,0,76,0,21
1500000US220710048001,2014,1050,1,997,0,1,0,0,0,51
1500000US220710049001,2014,618,196,381,33,0,0,61,8,0
1500000US220710049002,2014,458,65,307,0,0,0,73,73,13
1500000US220710049003,2014,35,0,35,0,0,0,0,0,0
1500000US220710049004,2014,346,90,251,0,5,0,32,0,0
1500000US220710050001,2014,575,320,218,5,0,0,106,15,17
1500000US220710050002,2014,1117,323,560,134,0,0,432,100,0
1500000US220710054001,2014,607,557,46,0,0,0,142,4,0
1500000US220710054002,2014,634,455,179,0,0,0,36,0,0
1500000US220710054003,2014,612,441,95,0,0,0,139,52,24
1500000US220710055001,2014,882,842,32,0,0,0,42,8,0
1500000US220710055002,2014,868,715,109,0,12,0,75,24,8
1500000US220710055003,2014,910,797,10,0,0,0,170,84,19
1500000US220710056011,2014,636,566,0,0,65,0,15,0,5
1500000US220710056012,2014,634,504,13,0,8,0,174,104,5
1500000US220710056013,2014,491,431,46,0,14,0,0,0,0
1500000US220710056014,2014,509,470,6,0,13,0,51,20,0
1500000US220710056021,2014,460,444,16,0,0,0,12,0,0
1500000US220710056022,2014,774,774,0,0,0,0,20,0,0
1500000US220710056023,2014,853,803,31,1,0,0,14,0,18
1500000US220710056024,2014,530,530,0,0,0,0,46,0,0
1500000US220710056031,2014,509,509,0,0,0,0,59,0,0
1500000US220710056032,2014,536,517,19,0,0,0,21,0,0
1500000US220710056033,2014,349,277,65,0,7,0,46,0,0
1500000US220710056041,2014,460,417,43,0,0,0,30,0,0
1500000US220710056042,2014,600,595,0,5,0,0,5,0,0
1500000US220710056043,2014,477,448,0,0,29,0,5,0,0
1500000US220710060001,2014,1829,405,1326,0,65,0,210,27,6
1500000US220710063001,2014,826,356,401,0,7,0,179,28,34
1500000US220710063002,2014,366,121,241,0,0,0,87,0,4
1500000US220710063003,2014,585,145,332,0,5,0,232,103,0
1500000US220710064001,2014,573,323,184,0,8,0,47,33,25
1500000US220710064002,2014,692,306,347,0,2,0,40,0,37
1500000US220710064003,2014,509,208,280,0,11,0,101,3,7
1500000US220710064004,2014,551,260,244,0,0,0,90,5,42
1500000US220710065001,2014,956,520,277,0,11,26,98,63,59
1500000US220710065002,2014,874,699,127,0,29,0,24,0,19
1500000US220710065003,2014,849,408,398,0,0,0,232,31,12
1500000US220710069001,2014,354,0,354,0,0,0,0,0,0
1500000US220710069002,2014,47,7,40,0,0,0,7,0,0
1500000US220710069003,2014,396,0,396,0,0,0,0,0,0
1500000US220710070001,2014,696,216,430,0,7,0,75,0,43
1500000US220710070002,2014,1105,144,911,0,23,0,44,0,27
1500000US220710071011,2014,1098,132,926,0,14,0,78,16,10
1500000US220710071012,2014,1179,426,724,0,0,0,232,0,29
1500000US220710072001,2014,1296,51,1048,0,26,0,75,46,125
1500000US220710072002,2014,619,58,536,0,0,0,34,25,0
1500000US220710072003,2014,270,24,243,0,0,0,0,0,3
1500000US220710075011,2014,507,140,367,0,0,0,55,0,0
1500000US220710075012,2014,814,14,800,0,0,0,0,0,0
1500000US220710075013,2014,566,0,566,0,0,0,0,0,0
1500000US220710075014,2014,578,0,540,0,0,0,0,33,5
1500000US220710075015,2014,297,0,297,0,0,0,0,0,0
1500000US220710075021,2014,196,0,196,0,0,0,0,0,0
1500000US220710075022,2014,355,0,355,0,0,0,8,0,0
1500000US220710075023,2014,807,10,720,0,53,24,0,0,0
1500000US220710075024,2014,288,0,288,0,0,0,0,0,0
1500000US220710075025,2014,939,103,819,0,7,0,9,0,10
1500000US220710076041,2014,1000,938,22,0,40,0,95,0,0
1500000US220710076042,2014,758,705,40,0,0,0,15,0,13
1500000US220710076051,2014,591,51,522,18,0,0,34,0,0
1500000US220710076052,2014,884,162,703,0,0,0,20,10,9
1500000US220710076061,2014,1477,1198,162,0,0,0,74,23,94
1500000US220710076062,2014,917,776,61,0,15,0,93,0,65
1500000US220710076063,2014,1465,1181,188,14,0,0,220,59,23
1500000US220710077001,2014,1343,1078,198,0,25,0,231,14,28
1500000US220710077002,2014,1234,960,204,0,0,0,140,6,64
1500000US220710078001,2014,1631,1298,114,0,67,0,445,60,92
1500000US220710082001,2014,648,596,32,0,10,0,77,10,0
1500000US220710082002,2014,778,587,129,0,0,0,114,19,43
1500000US220710083001,2014,631,602,14,0,10,0,76,0,5
1500000US220710083002,2014,516,388,115,0,8,0,30,5,0
1500000US220710084001,2014,686,230,412,0,21,0,24,5,18
1500000US220710084002,2014,542,324,210,0,0,0,34,0,8
1500000US220710085001,2014,798,21,623,0,154,0,85,0,0
1500000US220710085002,2014,470,9,452,0,0,0,0,0,9
1500000US220710086001,2014,426,28,317,0,35,0,43,38,8
1500000US220710086002,2014,430,11,412,0,0,0,18,7,0
1500000US220710088001,2014,859,605,181,0,25,0,81,0,48
1500000US220710088002,2014,1032,706,300,0,0,0,13,0,26
1500000US220710090001,2014,510,437,52,0,0,0,0,10,11
1500000US220710090002,2014,582,557,0,0,25,0,5,0,0
1500000US220710090003,2014,867,715,19,28,39,0,13,0,66
1500000US220710091001,2014,853,329,524,0,0,0,0,0,0
1500000US220710091002,2014,342,214,87,0,41,0,10,0,0
1500000US220710091003,2014,463,107,140,0,10,0,206,206,0
1500000US220710091004,2014,764,346,418,0,0,0,0,0,0
1500000US220710092001,2014,197,11,186,0,0,0,11,0,0
1500000US220710092002,2014,689,5,684,0,0,0,0,0,0
1500000US220710092003,2014,602,13,559,0,0,0,0,9,21
1500000US220710094001,2014,328,60,268,0,0,0,26,0,0
1500000US220710094002,2014,250,0,250,0,0,0,0,0,0
1500000US220710094003,2014,344,4,340,0,0,0,83,0,0
1500000US220710094004,2014,377,0,377,0,0,0,0,0,0
1500000US220710096001,2014,594,480,106,0,0,0,72,0,8
1500000US220710096002,2014,449,374,63,0,0,0,44,0,12
1500000US220710096003,2014,551,252,283,0,16,0,20,0,0
1500000US220710097001,2014,817,502,219,0,82,0,6,9,5
1500000US220710097002,2014,849,177,528,0,0,0,116,111,33
1500000US220710099001,2014,1209,956,186,0,45,0,44,10,12
1500000US220710099002,2014,942,806,95,0,13,0,125,0,28
1500000US220710099003,2014,929,797,109,0,0,1,89,0,22
1500000US220710100001,2014,467,43,424,0,0,0,4,0,0
1500000US220710100002,2014,541,44,497,0,0,0,10,0,0
1500000US220710100003,2014,547,287,230,0,7,0,41,23,0
1500000US220710100004,2014,356,0,356,0,0,0,0,0,0
1500000US220710101001,2014,583,263,290,0,30,0,47,0,0
1500000US220710101002,2014,1304,1151,125,13,5,0,49,0,10
1500000US220710102001,2014,264,0,264,0,0,0,0,0,0
1500000US220710102002,2014,245,19,207,0,0,0,6,0,19
1500000US220710102003,2014,195,38,144,0,0,0,0,0,13
1500000US220710102004,2014,306,110,191,0,0,0,0,0,5
1500000US220710102005,2014,468,36,426,5,1,0,0,0,0
1500000US220710103001,2014,614,13,601,0,0,0,11,0,0
1500000US220710103002,2014,996,11,985,0,0,0,0,0,0
1500000US220710103003,2014,869,139,647,13,0,0,10,4,66
1500000US220710103004,2014,388,116,272,0,0,0,15,0,0
1500000US220710106001,2014,699,434,260,0,0,0,5,5,0
1500000US220710106002,2014,600,330,170,0,0,0,102,0,100
1500000US220710107001,2014,533,446,62,0,18,0,58,0,7
1500000US220710107002,2014,1158,820,226,0,24,0,36,5,83
1500000US220710108001,2014,363,268,26,18,35,0,28,16,0
1500000US220710108002,2014,957,897,55,0,5,0,43,0,0
1500000US220710109001,2014,842,147,695,0,0,0,38,0,0
1500000US220710109002,2014,1100,754,299,0,47,0,38,0,0
1500000US220710109003,2014,831,750,40,0,41,0,24,0,0
1500000US220710109004,2014,734,293,413,0,0,0,7,7,21
1500000US220710111001,2014,419,109,249,27,0,0,52,25,9
1500000US220710111002,2014,604,177,417,0,0,0,10,0,10
1500000US220710111003,2014,461,130,301,0,0,0,29,6,24
1500000US220710112001,2014,599,459,55,0,30,0,46,33,22
1500000US220710112002,2014,981,460,415,6,51,0,145,0,49
1500000US220710114001,2014,947,902,6,0,18,0,37,0,21
1500000US220710114002,2014,886,847,30,0,1,0,22,8,0
1500000US220710115001,2014,545,545,0,0,0,0,37,0,0
1500000US220710115002,2014,802,700,69,0,13,0,59,0,20
1500000US220710116001,2014,704,635,0,0,32,0,9,0,37
1500000US220710116002,2014,738,650,42,0,36,8,2,0,2
1500000US220710117001,2014,514,450,0,0,0,0,23,0,64
1500000US220710117002,2014,459,436,0,0,23,0,0,0,0
1500000US220710117003,2014,648,633,0,0,15,0,19,0,0
1500000US220710117004,2014,884,870,14,0,0,0,83,0,0
1500000US220710119001,2014,569,522,30,0,9,0,20,0,8
1500000US220710119002,2014,775,705,21,0,37,0,89,8,4
1500000US220710119003,2014,538,473,65,0,0,0,23,0,0
1500000US220710120001,2014,977,850,73,14,20,0,70,10,10
1500000US220710120002,2014,542,475,39,0,0,0,89,5,23
1500000US220710121011,2014,1121,904,67,0,60,0,192,5,85
1500000US220710121012,2014,2227,1817,119,0,181,21,61,0,89
1500000US220710121021,2014,1908,1457,245,11,120,0,121,0,75
1500000US220710121022,2014,1550,1009,325,0,41,0,217,20,155
1500000US220710121023,2014,716,620,46,0,11,0,79,14,25
1500000US220710122001,2014,1289,956,195,25,13,0,138,59,41
1500000US220710122002,2014,1037,986,33,0,18,0,61,0,0
1500000US220710123001,2014,477,27,450,0,0,0,10,0,0
1500000US220710123002,2014,648,314,254,0,0,0,89,23,57
1500000US220710123003,2014,898,648,229,0,0,0,68,8,13
1500000US220710124001,2014,640,174,432,0,8,0,41,14,12
1500000US220710124002,2014,1110,736,362,0,0,0,52,0,12
1500000US220710125001,2014,448,379,16,0,41,0,38,0,12
1500000US220710125002,2014,1074,669,274,4,121,0,81,0,6
1500000US220710126001,2014,634,550,58,0,20,0,28,0,6
1500000US220710126002,2014,658,491,76,8,55,0,19,0,28
1500000US220710126003,2014,588,536,0,0,24,0,5,7,21
1500000US220710127001,2014,657,479,157,9,0,0,109,0,12
1500000US220710127002,2014,482,317,165,0,0,0,6,0,0
1500000US220710127003,2014,554,340,214,0,0,0,0,0,0
1500000US220710127004,2014,531,508,11,0,0,0,25,12,0
1500000US220710128001,2014,727,436,230,0,32,0,4,14,15
1500000US220710128002,2014,774,575,86,0,77,0,46,0,36
1500000US220710128003,2014,839,636,126,12,23,0,92,12,30
1500000US220710129001,2014,842,651,109,0,22,0,25,49,11
1500000US220710129002,2014,568,211,284,0,53,0,9,10,10
1500000US220710130001,2014,533,239,287,0,7,0,0,0,0
1500000US220710130002,2014,824,259,552,0,0,0,6,13,0
1500000US220710130003,2014,485,286,199,0,0,0,0,0,0
1500000US220710131001,2014,334,13,321,0,0,0,13,0,0
1500000US220710131002,2014,353,77,276,0,0,0,41,0,0
1500000US220710131003,2014,445,118,327,0,0,0,81,0,0
1500000US220710131004,2014,335,72,238,0,0,0,79,11,14
1500000US220710132001,2014,306,157,138,0,0,0,0,11,0
1500000US220710132002,2014,701,186,515,0,0,0,10,0,0
1500000US220710132003,2014,754,347,373,0,0,0,69,0,34
1500000US220710132004,2014,839,611,201,0,0,0,68,0,27
1500000US220710133011,2014,752,727,25,0,0,0,103,0,0
1500000US220710133012,2014,1567,1400,43,0,124,0,47,0,0
1500000US220710133013,2014,446,422,0,0,24,0,37,0,0
1500000US220710133014,2014,839,798,0,0,0,0,41,41,0
1500000US220710133021,2014,1213,618,440,0,110,0,36,26,19
1500000US220710133022,2014,969,778,91,0,100,0,24,0,0
1500000US220710134001,2014,366,353,0,0,7,0,51,0,6
1500000US220710134002,2014,778,360,372,0,17,0,20,13,16
1500000US220710134003,2014,1150,669,184,0,255,0,51,5,37
1500000US220710135001,2014,382,304,37,0,41,0,35,0,0
1500000US220710135002,2014,531,498,2,15,16,0,15,0,0
1500000US220710135003,2014,474,450,12,0,12,0,23,0,0
1500000US220710135004,2014,710,708,1,0,1,0,111,0,0
1500000US220710136001,2014,498,396,96,0,0,0,29,0,6
1500000US220710136002,2014,538,86,441,0,11,0,51,0,0
1500000US220710137001,2014,0,0,0,0,0,0,0,0,0
1500000US220710137002,2014,174,0,174,0,0,0,0,0,0
1500000US220710137003,2014,1044,20,1024,0,0,0,26,0,0
1500000US220710137004,2014,1063,59,987,0,0,0,62,12,5
1500000US220710138001,2014,613,15,598,0,0,0,0,0,0
1500000US220710138002,2014,677,1,667,0,0,0,0,0,9
1500000US220710138003,2014,731,54,665,0,0,0,1,12,0
1500000US220710139001,2014,504,293,147,24,35,0,29,0,5
1500000US220710139002,2014,1091,403,553,0,36,0,99,99,0
1500000US220710140001,2014,322,0,322,0,0,0,0,0,0
1500000US220710140002,2014,494,0,490,0,0,0,0,0,4
1500000US220710140003,2014,720,129,570,6,0,0,120,0,15
1500000US220710140004,2014,72,0,72,0,0,0,0,0,0
1500000US220710141001,2014,1101,419,665,0,13,0,13,0,4
1500000US220710141002,2014,289,185,104,0,0,0,9,0,0
1500000US220710141003,2014,729,273,442,0,11,0,44,0,3
1500000US220710142001,2014,357,201,137,6,13,0,0,0,0
1500000US220710142002,2014,1022,727,278,0,17,0,32,0,0
1500000US220710142003,2014,359,197,139,0,23,0,4,0,0
1500000US220710143001,2014,406,0,405,0,1,0,0,0,0
1500000US220710143002,2014,148,0,148,0,0,0,0,0,0
1500000US220710143003,2014,1150,182,956,0,0,0,138,0,12
1500000US220710144001,2014,218,168,45,5,0,0,6,0,0
1500000US220710144002,2014,974,288,576,0,0,0,121,93,17
1500000US220710144003,2014,788,375,146,39,0,0,222,31,197
1500000US220710145001,2014,1494,276,1194,0,0,0,57,4,20
1500000US220719800001,2014,4,1,1,0,2,0,0,0,0
1500000US220719801001,2014,0,0,0,0,0,0,0,0,0
1500000US220719900000,2014,0,0,0,0,0,0,0,0,0
1500000US220510201011,2014,1302,1048,160,0,21,0,300,48,25
1500000US220510201012,2014,1531,1406,23,0,62,0,70,0,40
1500000US220510201021,2014,968,865,39,0,64,0,64,0,0
1500000US220510201022,2014,954,954,0,0,0,0,0,0,0
1500000US220510201023,2014,1013,918,28,0,0,0,86,0,67
1500000US220510202011,2014,807,452,227,0,93,0,52,9,26
1500000US220510202012,2014,1527,1372,48,0,96,0,394,0,11
1500000US220510202021,2014,2206,895,672,64,251,0,832,137,187
1500000US220510202022,2014,805,385,376,0,21,0,108,13,10
1500000US220510202031,2014,2309,1949,0,0,126,0,1188,234,0
1500000US220510202032,2014,2375,2104,115,7,78,0,224,0,71
1500000US220510202033,2014,1201,1010,32,0,142,0,333,0,17
1500000US220510202034,2014,1353,1314,1,0,36,0,135,0,2
1500000US220510203011,2014,1509,1356,38,0,59,0,8,20,36
1500000US220510203012,2014,2033,1660,6,0,351,0,121,0,16
1500000US220510203021,2014,2120,1826,28,0,154,0,165,0,112
1500000US220510203022,2014,1882,1370,14,0,61,0,401,365,72
1500000US220510203023,2014,716,578,0,0,73,0,218,53,12
1500000US220510203024,2014,1001,969,0,0,0,0,330,0,32
1500000US220510203031,2014,1201,1010,2,0,100,0,258,89,0
1500000US220510203032,2014,1748,1525,0,0,103,0,134,41,79
1500000US220510203033,2014,774,719,1,0,54,0,38,0,0
1500000US220510204001,2014,1429,1379,1,19,13,0,270,0,17
1500000US220510204002,2014,1732,1534,0,14,174,0,223,10,0
1500000US220510205021,2014,1474,931,136,86,0,0,608,188,133
1500000US220510205022,2014,2581,2134,192,0,166,0,988,32,57
1500000US220510205023,2014,2374,1796,372,24,95,0,627,87,0
1500000US220510205051,2014,860,23,837,0,0,0,61,0,0
1500000US220510205052,2014,990,221,769,0,0,0,169,0,0
1500000US220510205061,2014,1354,1304,1,0,0,0,591,49,0
1500000US220510205062,2014,1544,1170,29,0,116,0,502,229,0
1500000US220510205063,2014,1539,1172,338,0,29,0,146,0,0
1500000US220510205071,2014,2155,1614,235,0,198,0,228,99,9
1500000US220510205072,2014,1919,1792,29,0,24,0,552,59,15
1500000US220510205081,2014,2177,1586,186,100,205,0,626,77,23
1500000US220510205082,2014,2210,1937,235,0,10,0,637,12,16
1500000US220510205083,2014,1811,1281,170,7,15,0,411,338,0
1500000US220510205084,2014,1772,1208,306,0,181,0,271,0,77
1500000US220510205111,2014,1586,951,363,0,119,0,343,146,7
1500000US220510205112,2014,1138,907,109,0,108,0,187,10,4
1500000US220510205113,2014,1309,1012,66,0,115,0,55,0,116
1500000US220510205121,2014,1651,1383,70,0,56,0,658,114,28
1500000US220510205122,2014,1028,877,64,0,37,0,309,0,50
1500000US220510205131,2014,680,471,115,0,84,0,111,10,0
1500000US220510205132,2014,2056,1112,517,0,85,0,442,316,26
1500000US220510205133,2014,1593,1042,450,0,76,0,420,25,0
1500000US220510205134,2014,826,671,18,0,8,0,123,129,0
1500000US220510205141,2014,1378,1245,0,0,65,0,188,3,65
1500000US220510205142,2014,1184,1033,0,0,141,0,65,10,0
1500000US220510205143,2014,1240,1025,0,0,46,0,245,169,0
1500000US220510205151,2014,684,604,28,0,46,0,43,0,6
1500000US220510205152,2014,1146,856,178,67,21,0,379,24,0
1500000US220510205153,2014,1241,1001,77,10,110,0,576,43,0
1500000US220510205161,2014,1945,967,703,0,8,0,851,182,85
1500000US220510205162,2014,1908,964,770,0,0,0,434,146,28
1500000US220510205163,2014,902,628,159,0,10,0,235,70,35
1500000US220510205171,2014,969,704,161,36,47,0,130,21,0
1500000US220510205172,2014,1824,1637,20,0,161,0,64,6,0
1500000US220510205173,2014,1064,1057,7,0,0,0,182,0,0
1500000US220510206001,2014,1036,543,483,0,0,0,230,0,10
1500000US220510206002,2014,699,21,678,0,0,0,11,0,0
1500000US220510206003,2014,2005,397,1387,0,0,0,576,221,0
1500000US220510206004,2014,710,92,599,0,0,0,50,19,0
1500000US220510207001,2014,986,328,428,0,0,0,218,169,61
1500000US220510210001,2014,985,675,231,22,0,0,160,47,10
1500000US220510210002,2014,1021,471,437,0,11,0,99,68,34
1500000US220510210003,2014,486,315,166,0,0,0,36,4,1
1500000US220510211001,2014,762,494,191,0,46,0,195,28,3
1500000US220510211002,2014,530,530,0,0,0,0,44,0,0
1500000US220510211003,2014,973,920,0,14,19,0,252,20,0
1500000US220510212001,2014,1440,853,399,80,31,0,438,35,42
1500000US220510212002,2014,980,798,0,0,123,0,179,49,10
1500000US220510213001,2014,1426,1138,258,0,30,0,32,0,0
1500000US220510213002,2014,786,692,23,37,0,0,373,34,0
1500000US220510213003,2014,736,650,18,0,62,0,10,0,6
1500000US220510214001,2014,1234,1130,18,0,40,0,50,32,14
1500000US220510214002,2014,900,783,44,0,38,0,14,0,35
1500000US220510215001,2014,835,582,181,0,23,0,105,4,45
1500000US220510215002,2014,1811,733,785,0,156,0,287,92,45
1500000US220510216001,2014,1431,1084,328,0,0,0,153,0,19
1500000US220510216002,2014,1610,1442,75,0,0,0,526,54,39
1500000US220510216003,2014,2683,2109,167,42,0,0,1129,365,0
1500000US220510216004,2014,962,538,292,0,43,0,125,23,66
1500000US220510217001,2014,751,508,120,0,88,0,35,35,0
1500000US220510217002,2014,1165,979,12,0,117,0,293,44,13
1500000US220510217003,2014,1456,1023,150,215,34,0,563,0,34
1500000US220510217004,2014,1433,1346,51,0,0,0,101,18,18
1500000US220510217005,2014,534,442,92,0,0,0,46,0,0
1500000US220510218011,2014,1157,1028,47,21,57,0,72,0,4
1500000US220510218012,2014,1024,733,136,0,30,0,240,43,82
1500000US220510218031,2014,1469,519,579,0,93,0,269,153,125
1500000US220510218032,2014,1027,632,385,0,10,0,304,0,0
1500000US220510218033,2014,2104,920,875,35,164,0,673,0,110
1500000US220510218041,2014,1833,1118,417,0,14,0,897,257,27
1500000US220510219001,2014,1725,1095,257,0,172,0,440,112,89
1500000US220510220011,2014,2169,1008,948,0,13,0,276,177,23
1500000US220510220012,2014,1585,678,714,0,110,0,85,45,38
1500000US220510220013,2014,1614,470,423,0,661,0,179,15,45
1500000US220510220021,2014,1459,1322,72,45,0,0,20,20,0
1500000US220510220022,2014,1178,1079,12,87,0,0,37,0,0
1500000US220510221011,2014,1368,1298,2,0,67,0,18,0,1
1500000US220510221021,2014,1012,875,137,0,0,0,60,0,0
1500000US220510221022,2014,1519,1254,77,0,188,0,73,0,0
1500000US220510222001,2014,1038,1007,22,0,9,0,6,0,0
1500000US220510222002,2014,562,562,0,0,0,0,30,0,0
1500000US220510222003,2014,514,513,1,0,0,0,41,0,0
1500000US220510223011,2014,827,810,0,0,0,0,205,17,0
1500000US220510223012,2014,868,710,25,0,101,0,33,13,19
1500000US220510223013,2014,1026,1026,0,0,0,0,224,0,0
1500000US220510223021,2014,1067,826,131,0,93,0,89,0,17
1500000US220510223022,2014,641,540,44,18,24,0,62,0,15
1500000US220510223031,2014,1767,1193,309,0,138,0,278,45,82
1500000US220510223032,2014,1613,1386,28,0,56,0,710,56,87
1500000US220510224001,2014,1840,1764,47,4,7,0,70,18,0
1500000US220510224002,2014,1698,1646,0,0,24,0,129,16,12
1500000US220510225001,2014,973,957,0,16,0,0,13,0,0
1500000US220510225002,2014,674,674,0,0,0,0,157,0,0
1500000US220510225003,2014,869,776,91,0,0,0,52,0,2
1500000US220510226001,2014,673,673,0,0,0,0,0,0,0
1500000US220510226002,2014,1021,997,0,0,10,0,25,0,14
1500000US220510226003,2014,1474,1337,97,0,0,0,49,0,40
1500000US220510227001,2014,626,612,0,0,14,0,0,0,0
1500000US220510227002,2014,596,596,0,0,0,0,46,0,0
1500000US220510227003,2014,618,584,0,0,16,0,30,0,18
1500000US220510227004,2014,804,766,0,0,0,0,78,38,0
1500000US220510228001,2014,933,901,1,0,0,0,47,16,15
1500000US220510228002,2014,996,974,0,7,0,0,148,0,15
1500000US220510228003,2014,1017,975,0,1,37,0,148,0,4
1500000US220510229001,2014,823,800,0,0,0,0,34,0,23
1500000US220510229002,2014,1003,763,148,0,81,0,94,0,11
1500000US220510229003,2014,993,976,17,0,0,0,280,0,0
1500000US220510230011,2014,1768,1646,42,0,13,4,206,11,52
1500000US220510230021,2014,1160,1090,42,0,25,0,277,0,3
1500000US220510230022,2014,1614,1570,3,0,3,0,146,22,16
1500000US220510230023,2014,1996,1803,135,0,0,0,253,58,0
1500000US220510230031,2014,888,850,33,0,0,0,32,0,5
1500000US220510230032,2014,1113,1045,13,6,21,0,76,28,0
1500000US220510230033,2014,869,820,20,10,19,0,28,0,0
1500000US220510231001,2014,1319,1239,0,0,71,0,112,9,0
1500000US220510231002,2014,1221,1161,41,0,0,0,140,19,0
1500000US220510232001,2014,884,721,91,0,17,0,67,21,34
1500000US220510232002,2014,1918,1835,19,0,0,0,266,0,64
1500000US220510233001,2014,899,820,5,0,14,0,138,40,20
1500000US220510233002,2014,569,527,23,0,19,0,21,0,0
1500000US220510234001,2014,960,875,0,0,85,0,52,0,0
1500000US220510234002,2014,1216,1069,63,47,37,0,47,0,0
1500000US220510234003,2014,962,962,0,0,0,0,40,0,0
1500000US220510235001,2014,1486,1339,32,0,73,0,80,21,21
1500000US220510235002,2014,1397,1320,43,0,0,0,225,34,0
1500000US220510235003,2014,1292,1141,33,0,7,0,194,34,77
1500000US220510236001,2014,1609,1051,368,0,68,0,488,122,0
1500000US220510236002,2014,1562,1075,174,0,194,0,180,102,17
1500000US220510236003,2014,2138,1960,143,0,10,0,311,25,0
1500000US220510237001,2014,1117,0,1105,0,0,0,34,0,12
1500000US220510237002,2014,1053,43,1003,0,0,0,43,0,7
1500000US220510238001,2014,1969,1872,16,0,0,0,130,14,67
1500000US220510238002,2014,1852,369,1471,0,0,0,132,0,12
1500000US220510239011,2014,1224,1224,0,0,0,0,47,0,0
1500000US220510239012,2014,1264,1246,10,0,0,0,25,0,8
1500000US220510239021,2014,800,718,51,0,0,0,82,0,31
1500000US220510239022,2014,958,920,0,28,10,0,17,0,0
1500000US220510239023,2014,621,564,2,0,37,0,42,0,18
1500000US220510239031,2014,831,804,0,0,7,0,121,12,8
1500000US220510239032,2014,1469,1468,0,0,0,0,105,0,1
1500000US220510239041,2014,1225,1186,1,6,0,0,225,0,32
1500000US220510239042,2014,1622,1528,94,0,0,0,221,0,0
1500000US220510240011,2014,942,916,0,0,10,0,0,0,16
1500000US220510240012,2014,725,725,0,0,0,0,20,0,0
1500000US220510240013,2014,1400,1361,25,0,0,0,32,0,14
1500000US220510240021,2014,780,754,0,0,0,0,0,0,26
1500000US220510240022,2014,931,931,0,0,0,0,17,0,0
1500000US220510240023,2014,1304,1152,3,0,0,0,0,149,0
1500000US220510241001,2014,1402,1375,0,0,0,0,6,0,27
1500000US220510241002,2014,1840,1773,57,0,0,0,126,10,0
1500000US220510242011,2014,1476,1258,121,0,19,0,121,11,67
1500000US220510242012,2014,787,574,202,0,11,0,35,0,0
1500000US220510242021,2014,1666,1023,313,0,246,0,137,0,84
1500000US220510242022,2014,1497,770,516,10,124,0,167,77,0
1500000US220510243001,2014,1163,1049,88,20,0,0,203,0,6
1500000US220510243002,2014,626,614,7,0,0,0,63,1,4
1500000US220510243003,2014,1015,902,113,0,0,0,35,0,0
1500000US220510244001,2014,1356,1051,290,0,15,0,153,0,0
1500000US220510244002,2014,626,532,84,10,0,0,17,0,0
1500000US220510244003,2014,951,621,216,0,0,0,114,54,60
1500000US220510245001,2014,1528,1349,86,0,17,0,74,23,53
1500000US220510246001,2014,347,69,245,0,0,0,28,0,33
1500000US220510246002,2014,976,227,727,0,5,0,96,0,17
1500000US220510247001,2014,954,515,298,70,4,0,253,6,61
1500000US220510247002,2014,871,746,111,0,0,0,78,0,14
1500000US220510248001,2014,674,674,0,0,0,0,44,0,0
1500000US220510248002,2014,1826,1813,13,0,0,0,95,0,0
1500000US220510248003,2014,966,886,0,0,80,0,53,0,0
1500000US220510249001,2014,778,647,49,6,0,0,96,46,30
1500000US220510249002,2014,761,480,273,0,8,0,118,0,0
1500000US220510250011,2014,1184,396,388,0,358,0,50,0,42
1500000US220510250012,2014,1135,796,54,0,139,48,162,24,74
1500000US220510250013,2014,3320,207,3035,0,0,0,179,40,38
1500000US220510250014,2014,2408,739,1267,10,353,0,201,26,13
1500000US220510250021,2014,1052,415,431,0,0,0,219,193,13
1500000US220510250022,2014,902,721,35,0,35,0,192,0,111
1500000US220510250023,2014,1132,764,161,0,74,0,275,93,40
1500000US220510250031,2014,1223,976,181,0,58,0,158,8,0
1500000US220510250032,2014,1373,459,615,0,13,0,525,244,42
1500000US220510250033,2014,1087,749,40,17,9,0,345,253,19
1500000US220510251021,2014,636,460,86,0,28,0,14,0,62
1500000US220510251022,2014,1991,1484,364,0,112,0,62,5,26
1500000US220510251023,2014,1654,842,598,0,135,0,129,6,73
1500000US220510251031,2014,1194,560,578,0,27,0,41,0,29
1500000US220510251032,2014,1278,515,637,0,23,0,91,14,89
1500000US220510251033,2014,1553,478,515,0,261,0,366,278,21
1500000US220510251041,2014,1925,996,623,0,32,0,578,256,18
1500000US220510251042,2014,2012,1084,800,0,56,0,179,0,72
1500000US220510252011,2014,1043,476,269,0,48,0,311,197,53
1500000US220510252012,2014,1559,193,1208,0,0,0,268,158,0
1500000US220510252021,2014,2670,685,1833,43,9,0,283,69,31
1500000US220510252022,2014,1495,669,27,25,94,0,735,620,60
1500000US220510252023,2014,1061,538,281,21,32,0,488,189,0
1500000US220510252024,2014,1072,987,0,0,0,0,51,68,17
1500000US220510253001,2014,741,411,126,39,0,0,281,160,5
1500000US220510253002,2014,1455,1280,54,114,0,0,225,0,7
1500000US220510254001,2014,2474,602,1031,0,207,0,996,465,169
1500000US220510254002,2014,615,581,0,0,9,0,13,0,25
1500000US220510254003,2014,1379,382,642,0,8,0,362,347,0
1500000US220510255001,2014,1046,384,361,0,197,0,143,80,24
1500000US220510255002,2014,1959,467,1202,0,61,0,409,221,8
1500000US220510256001,2014,1480,999,325,0,10,54,214,92,0
1500000US220510257001,2014,401,36,359,0,0,0,0,0,6
1500000US220510257002,2014,934,230,570,8,49,0,57,61,16
1500000US220510258001,2014,616,382,214,0,0,0,30,20,0
1500000US220510258002,2014,1119,491,628,0,0,0,0,0,0
1500000US220510259001,2014,1388,640,659,25,13,0,62,25,26
1500000US220510259002,2014,1180,614,544,15,1,0,34,0,6
1500000US220510259003,2014,725,498,197,0,0,0,102,18,12
1500000US220510260001,2014,625,462,80,0,14,0,81,41,28
1500000US220510260002,2014,690,489,67,0,134,0,92,0,0
1500000US220510260003,2014,574,408,123,0,4,0,42,17,22
1500000US220510261001,2014,1147,339,635,0,0,0,358,155,18
1500000US220510261002,2014,2036,921,759,4,189,0,364,154,9
1500000US220510261003,2014,878,417,424,0,37,0,120,0,0
1500000US220510262001,2014,1312,32,1255,0,15,10,5,0,0
1500000US220510263001,2014,1241,1095,85,0,58,0,0,0,3
1500000US220510263002,2014,1360,1295,49,0,0,0,38,0,16
1500000US220510264001,2014,903,811,24,7,61,0,14,0,0
1500000US220510264002,2014,745,602,89,0,34,0,56,6,14
1500000US220510265001,2014,1119,927,138,0,3,0,45,0,51
1500000US220510265002,2014,912,662,206,0,2,0,85,12,30
1500000US220510266001,2014,624,534,7,15,0,0,124,26,42
1500000US220510266002,2014,1317,1029,89,19,6,0,283,121,53
1500000US220510267001,2014,1009,780,107,13,73,0,79,13,23
1500000US220510267002,2014,1026,459,487,0,64,0,118,0,16
1500000US220510268001,2014,1669,178,1403,0,0,0,37,37,51
1500000US220510268002,2014,931,209,555,0,61,0,214,106,0
1500000US220510269001,2014,680,96,579,0,0,0,5,5,0
1500000US220510269002,2014,1288,0,1283,5,0,0,11,0,0
1500000US220510269003,2014,1137,0,1101,0,0,0,0,0,36
1500000US220510270001,2014,1821,441,1173,22,185,0,51,0,0
1500000US220510270002,2014,2111,631,988,0,492,0,0,0,0
1500000US220510270003,2014,890,855,35,0,0,0,0,0,0
1500000US220510270004,2014,784,487,234,63,0,0,0,0,0
1500000US220510271001,2014,1160,1118,0,42,0,0,39,0,0
1500000US220510271002,2014,804,467,316,0,0,0,31,21,0
1500000US220510271003,2014,727,654,35,0,0,0,9,0,38
1500000US220510272001,2014,885,848,28,0,0,0,41,0,9
1500000US220510272002,2014,911,706,158,0,15,0,0,0,32
1500000US220510272003,2014,1737,938,717,8,1,0,112,73,0
1500000US220510272004,2014,864,604,228,0,0,0,33,32,0
1500000US220510272005,2014,809,611,132,19,0,38,0,0,9
1500000US220510275011,2014,3669,1337,2249,20,0,0,35,0,63
1500000US220510275012,2014,2721,1540,1139,0,0,0,28,15,27
1500000US220510275021,2014,2281,1,2268,0,0,0,0,0,12
1500000US220510275022,2014,1259,0,1250,0,0,0,0,0,9
1500000US220510276011,2014,1464,907,508,0,7,0,132,0,42
1500000US220510276012,2014,1803,969,505,12,257,0,38,0,60
1500000US220510276013,2014,835,467,208,0,111,0,59,0,49
1500000US220510276014,2014,1269,370,809,0,90,0,35,0,0
1500000US220510276021,2014,707,44,657,0,6,0,0,0,0
1500000US220510276022,2014,410,116,294,0,0,0,153,0,0
1500000US220510276023,2014,2607,555,1745,0,182,0,170,72,53
1500000US220510277011,2014,1472,77,1395,0,0,0,85,0,0
1500000US220510277012,2014,1082,18,1043,0,0,0,0,0,21
1500000US220510277013,2014,2731,0,2725,0,0,0,0,0,6
1500000US220510277014,2014,930,0,917,0,0,0,10,0,13
1500000US220510277031,2014,1890,348,1326,0,171,0,112,45,0
1500000US220510277032,2014,902,403,499,0,0,0,243,0,0
1500000US220510277033,2014,1358,694,518,0,115,0,141,31,0
1500000US220510278031,2014,1820,514,965,0,76,0,646,265,0
1500000US220510278032,2014,1205,707,378,0,52,0,230,68,0
1500000US220510278041,2014,3194,457,1678,0,579,0,750,450,30
1500000US220510278042,2014,1819,888,864,0,40,0,72,0,27
1500000US220510278043,2014,1544,704,679,0,75,0,194,86,0
1500000US220510278044,2014,1928,1221,432,4,113,0,139,16,142
1500000US220510278051,2014,2816,1079,1455,0,173,0,194,81,28
1500000US220510278052,2014,1685,111,1442,5,127,0,43,0,0
1500000US220510278053,2014,4173,1098,1748,0,896,0,492,211,220
1500000US220510278061,2014,623,530,0,0,0,0,27,0,93
1500000US220510278062,2014,2580,1301,680,17,76,0,506,506,0
1500000US220510278063,2014,2917,2369,502,0,31,0,229,0,15
1500000US220510278064,2014,925,627,224,0,11,0,226,51,12
1500000US220510278071,2014,1759,1054,194,0,480,0,254,14,17
1500000US220510278072,2014,1430,826,592,0,0,0,133,0,12
1500000US220510278073,2014,1596,1323,149,0,0,0,86,124,0
1500000US220510278074,2014,1778,1257,88,0,433,0,88,0,0
1500000US220510278075,2014,2175,1199,963,0,0,0,227,0,13
1500000US220510278091,2014,1458,750,539,0,0,0,254,169,0
1500000US220510278092,2014,2832,1915,886,0,31,0,35,0,0
1500000US220510278093,2014,946,553,147,68,143,0,61,0,35
1500000US220510278094,2014,1422,951,395,0,76,0,69,0,0
1500000US220510278101,2014,1301,190,946,0,130,0,41,0,35
1500000US220510278102,2014,1486,260,904,0,152,0,159,170,0
1500000US220510278103,2014,1731,254,1420,0,51,0,161,0,6
1500000US220510278111,2014,1222,172,1042,0,0,0,27,0,8
1500000US220510278112,2014,1203,217,902,0,30,0,98,40,14
1500000US220510278113,2014,1017,0,943,0,0,0,0,0,74
1500000US220510278121,2014,2748,318,2392,0,0,0,21,0,38
1500000US220510278122,2014,1305,153,1106,0,0,0,56,0,46
1500000US220510279011,2014,581,581,0,0,0,0,0,0,0
1500000US220510279012,2014,2363,2057,19,235,0,0,73,22,30
1500000US220510279021,2014,619,605,1,0,1,0,0,0,12
1500000US220510279022,2014,383,383,0,0,0,0,0,0,0
1500000US220510279023,2014,1350,1350,0,0,0,0,0,0,0
1500000US220510280001,2014,793,632,59,59,18,0,156,10,15
1500000US220510280002,2014,2585,1718,538,15,214,0,122,65,35
1500000US220510280003,2014,1502,941,376,0,171,0,10,0,14
1500000US220510281001,2014,1002,29,908,0,0,0,0,0,65
1500000US220510281002,2014,1199,279,919,0,1,0,0,0,0
1500000US220510282001,2014,924,630,278,0,0,0,205,0,16
1500000US220510282002,2014,1691,764,683,23,0,0,273,161,60
1500000US220510282003,2014,1527,998,383,19,0,0,176,118,9
1500000US220519800001,2014,0,0,0,0,0,0,0,0,0
1500000US220519900000,2014,0,0,0,0,0,0,0,0,0
1500000US220519901000,2014,0,0,0,0,0,0,0,0,0
1500000US220710054001,1990,406,330,66,0,0,,20,10,
1500000US220710030001,1990,504,7,476,9,0,,7,12,
1500000US220710034003,1990,1451,118,1333,0,0,,22,0,
1500000US220710009023,1990,379,0,379,0,0,,0,0,
1500000US220710050003,1990,645,219,257,0,43,,196,126,
1500000US220710009035,1990,829,0,829,0,0,,0,0,
1500000US220710013021,1990,967,95,872,0,0,,0,0,
1500000US220710040002,1990,551,6,545,0,0,,0,0,
1500000US220710071004,1990,100,27,49,0,0,,24,24,
1500000US220710065004,1990,1147,493,526,7,41,,167,80,
1500000US220710009022,1990,561,0,561,0,0,,8,0,
1500000US220710029003,1990,363,0,363,0,0,,0,0,
1500000US220710009024,1990,655,0,655,0,0,,0,0,
1500000US220710045003,1990,717,0,717,0,0,,13,0,
1500000US220710040004,1990,1034,41,993,0,0,,8,0,
1500000US220710034002,1990,481,21,460,0,0,,0,0,
1500000US220710064001,1990,463,272,150,0,0,,68,41,
1500000US220710013015,1990,608,38,570,0,0,,0,0,
1500000US220710019001,1990,484,109,375,0,0,,49,0,
1500000US220710015004,1990,550,119,431,0,0,,28,0,
1500000US220710019003,1990,792,143,571,0,7,,126,71,
1500000US220710019004,1990,534,0,534,0,0,,0,0,
1500000US220710015003,1990,283,43,219,0,21,,2,0,
1500000US220710014022,1990,588,11,577,0,0,,0,0,
1500000US220710065003,1990,423,248,120,0,0,,99,55,
1500000US220710045002,1990,927,67,860,0,0,,24,0,
1500000US220710075011,1990,469,124,345,0,0,,0,0,
1500000US220710045005,1990,438,30,408,0,0,,0,0,
1500000US220710040001,1990,539,72,451,0,0,,16,16,
1500000US220710050002,1990,386,282,53,0,15,,88,36,
1500000US220710014021,1990,740,82,658,0,0,,47,0,
1500000US220710075012,1990,544,69,475,0,0,,0,0,
1500000US220710009027,1990,688,0,688,0,0,,7,0,
1500000US220710034001,1990,80,0,80,0,0,,0,0,
1500000US220710009011,1990,641,0,641,0,0,,0,0,
1500000US220710007012,1990,992,0,992,0,0,,0,0,
1500000US220710035003,1990,506,41,465,0,0,,50,0,
1500000US220710020001,1990,895,91,786,0,0,,18,18,
1500000US220710065002,1990,753,526,138,0,5,,166,84,
1500000US220710020002,1990,663,106,540,0,0,,53,17,
1500000US220710014024,1990,1008,0,1003,5,0,,0,0,
1500000US220710020003,1990,621,54,567,0,0,,0,0,
1500000US220710009025,1990,563,0,563,0,0,,0,0,
1500000US220710050001,1990,174,102,44,0,0,,71,28,
1500000US220710041003,1990,328,94,220,0,5,,9,9,
1500000US220710076053,1990,468,48,420,0,0,,0,0,
1500000US220710014023,1990,737,46,691,0,0,,20,0,
1500000US220710009021,1990,382,5,377,0,0,,27,0,
1500000US220710035002,1990,755,26,704,0,0,,6,25,
1500000US220710029002,1990,879,17,862,0,0,,11,0,
1500000US220710076052,1990,943,0,937,0,0,,33,6,
1500000US220710029004,1990,566,0,543,0,0,,23,23,
1500000US220710024013,1990,562,309,253,0,0,,38,0,
1500000US220710033063,1990,3493,6,3487,0,0,,0,0,
1500000US220710076041,1990,1315,1315,0,0,0,,37,0,
1500000US220710056032,1990,487,465,0,0,22,,11,0,
1500000US220710033051,1990,733,108,625,0,0,,0,0,
1500000US220710024022,1990,732,235,497,0,0,,12,0,
1500000US220710033083,1990,892,271,615,0,0,,79,6,
1500000US220710024024,1990,746,370,351,14,0,,0,11,
1500000US220710056043,1990,557,557,0,0,0,,39,0,
1500000US220710024023,1990,439,127,267,0,22,,31,23,
1500000US220710064003,1990,775,436,288,0,0,,275,51,
1500000US220710045001,1990,808,225,565,0,10,,49,8,
1500000US220710014025,1990,504,0,504,0,0,,0,0,
1500000US220710033022,1990,1263,45,1218,0,0,,65,0,
1500000US220710025033,1990,620,477,143,0,0,,7,0,
1500000US220710033023,1990,1045,241,796,0,0,,16,8,
1500000US220710056033,1990,494,494,0,0,0,,23,0,
1500000US220710033071,1990,1226,26,1191,0,0,,21,9,
1500000US220710017031,1990,2316,52,2226,9,29,,47,0,
1500000US220710056031,1990,762,747,0,11,4,,0,0,
1500000US220710056041,1990,588,584,0,0,4,,0,0,
1500000US220710024021,1990,518,253,265,0,0,,60,0,
1500000US220710033082,1990,252,164,78,10,0,,12,0,
1500000US220710024025,1990,797,568,229,0,0,,17,0,
1500000US220710017035,1990,540,258,275,0,7,,10,0,
1500000US220710024011,1990,1161,414,732,0,0,,33,15,
1500000US220710056042,1990,835,819,7,5,0,,12,4,
1500000US220710056012,1990,999,982,0,5,0,,35,12,
1500000US220710056023,1990,789,762,22,0,5,,21,0,
1500000US220710033042,1990,673,281,352,0,14,,55,26,
1500000US220710033043,1990,458,140,282,0,0,,52,36,
1500000US220710033021,1990,843,395,435,0,0,,42,13,
1500000US220710033025,1990,355,168,187,0,0,,0,0,
1500000US220710033024,1990,454,283,165,0,0,,21,6,
1500000US220710025032,1990,691,586,57,0,34,,48,14,
1500000US220710025042,1990,715,502,203,0,0,,39,10,
1500000US220710025043,1990,581,442,125,0,14,,7,0,
1500000US220710017061,1990,222,0,222,0,0,,0,0,
1500000US220710033081,1990,705,324,364,0,0,,22,17,
1500000US220710033086,1990,600,9,591,0,0,,5,0,
1500000US220710033085,1990,1898,121,1741,0,16,,20,20,
1500000US220710025024,1990,436,138,298,0,0,,14,0,
1500000US220710025014,1990,594,414,171,0,9,,75,0,
1500000US220710017022,1990,765,125,605,0,0,,72,35,
1500000US220710017023,1990,453,111,319,0,0,,41,23,
1500000US220710017024,1990,771,177,594,0,0,,12,0,
1500000US220710017991,1990,19,19,0,0,0,,0,0,
1500000US220710076032,1990,1078,1067,11,0,0,,38,0,
1500000US220710056022,1990,939,939,0,0,0,,20,0,
1500000US220710017025,1990,888,324,564,0,0,,21,0,
1500000US220710017026,1990,1336,1090,225,0,21,,33,0,
1500000US220710025031,1990,593,443,133,0,0,,65,17,
1500000US220710025044,1990,579,353,206,0,0,,20,20,
1500000US220710025041,1990,640,324,316,0,0,,44,0,
1500000US220710056013,1990,551,551,0,0,0,,58,0,
1500000US220710076033,1990,1658,1636,0,0,0,,73,22,
1500000US220710017227,1990,623,0,623,0,0,,0,0,
1500000US220710046001,1990,0,0,0,0,0,,0,0,
1500000US220710017203,1990,1901,128,1773,0,0,,74,0,
1500000US220710056014,1990,631,614,0,0,17,,12,0,
1500000US220710056011,1990,841,823,0,6,0,,25,12,
1500000US220710025023,1990,896,159,725,12,0,,6,0,
1500000US220710056024,1990,644,644,0,0,0,,8,0,
1500000US220710017222,1990,1094,279,781,0,0,,0,34,
1500000US220710056021,1990,780,766,0,0,0,,30,14,
1500000US220710025013,1990,476,288,188,0,0,,12,0,
1500000US220710017226,1990,1103,0,1103,0,0,,9,0,
1500000US220710033041,1990,575,430,125,0,17,,14,3,
1500000US220710017021,1990,492,132,360,0,0,,0,0,
1500000US220710033044,1990,808,418,351,0,10,,90,29,
1500000US220710033032,1990,578,393,135,0,36,,52,14,
1500000US220710033033,1990,769,515,193,0,42,,73,19,
1500000US220710033034,1990,675,474,157,18,10,,39,16,
1500000US220710133016,1990,434,434,0,0,0,,22,0,
1500000US220710017223,1990,1678,123,1555,0,0,,0,0,
1500000US220710025022,1990,859,282,577,0,0,,76,0,
1500000US220710017013,1990,920,0,920,0,0,,19,0,
1500000US220710025012,1990,791,570,203,0,11,,56,7,
1500000US220710017224,1990,622,62,560,0,0,,0,0,
1500000US220710017225,1990,1796,94,1694,0,8,,18,0,
1500000US220710033011,1990,1095,1011,84,0,0,,49,0,
1500000US220710033012,1990,277,267,10,0,0,,0,0,
1500000US220710033013,1990,575,536,39,0,0,,10,0,
1500000US220710033014,1990,805,478,210,0,117,,14,0,
1500000US220710017214,1990,2784,268,2496,20,0,,13,0,
1500000US220710025021,1990,1120,106,1014,0,0,,31,0,
1500000US220710017231,1990,1098,764,334,0,0,,54,0,
1500000US220710017232,1990,1924,1176,748,0,0,,60,0,
1500000US220710025011,1990,536,298,238,0,0,,19,0,
1500000US220710017323,1990,738,563,175,0,0,,17,0,
1500000US220710017322,1990,1336,816,504,0,7,,45,9,
1500000US220710017233,1990,1110,658,452,0,0,,34,0,
1500000US220710006141,1990,1019,1009,0,0,10,,16,0,
1500000US220710017234,1990,1049,478,571,0,0,,33,0,
1500000US220710133012,1990,719,719,0,0,0,,17,0,
1500000US220710033031,1990,380,293,55,0,28,,16,4,
1500000US220710017202,1990,739,224,515,0,0,,50,0,
1500000US220710017221,1990,892,166,720,6,0,,0,0,
1500000US220710133015,1990,403,385,0,18,0,,29,0,
1500000US220710017283,1990,2426,825,1570,0,0,,47,31,
1500000US220710017243,1990,3266,1519,1703,0,44,,97,0,
1500000US220710017204,1990,1297,309,961,0,7,,20,20,
1500000US220710017265,1990,2166,440,1705,0,0,,20,21,
1500000US220710017212,1990,2559,296,2237,0,10,,45,16,
1500000US220710133022,1990,973,906,28,0,39,,26,0,
1500000US220710017011,1990,1142,0,1142,0,0,,0,0,
1500000US220710017213,1990,1644,72,1572,0,0,,15,0,
1500000US220710017012,1990,664,5,659,0,0,,5,0,
1500000US220710133014,1990,385,385,0,0,0,,19,0,
1500000US220710017014,1990,199,0,199,0,0,,0,0,
1500000US220710017321,1990,1362,841,521,0,0,,0,0,
1500000US220710133013,1990,707,707,0,0,0,,38,0,
1500000US220710017201,1990,1095,689,406,0,0,,0,0,
1500000US220710133017,1990,476,476,0,0,0,,0,0,
1500000US220710017273,1990,1670,293,1355,0,22,,48,0,
1500000US220710017301,1990,1496,443,960,14,79,,21,0,
1500000US220710017252,1990,1603,939,664,0,0,,42,0,
1500000US220710017292,1990,1530,450,894,0,186,,9,0,
1500000US220710017291,1990,2678,160,1271,0,1247,,78,0,
1500000US220710017253,1990,1939,647,1190,0,31,,130,71,
1500000US220710017274,1990,1588,218,1353,9,0,,0,8,
1500000US220710017281,1990,600,201,353,0,46,,0,0,
1500000US220710017293,1990,6399,449,2689,18,3243,,52,0,
1500000US220710017282,1990,3872,641,3104,0,77,,90,50,
1500000US220710017324,1990,1181,635,426,0,120,,28,0,
1500000US220710017241,1990,960,507,403,0,0,,0,50,
1500000US220710017211,1990,2042,197,1824,0,21,,25,0,
1500000US220710017242,1990,1469,1106,231,0,132,,67,0,
1500000US220710133011,1990,405,405,0,0,0,,0,0,
1500000US220710133021,1990,1569,1204,246,0,119,,23,0,
1500000US220710017249,1990,0,0,0,0,0,,0,0,
1500000US220710017254,1990,1838,743,1070,0,0,,25,25,
1500000US220710017261,1990,5602,774,4726,8,10,,227,84,
1500000US220710017341,1990,1660,1654,0,0,6,,43,0,
1500000US220710017271,1990,2828,586,2204,0,30,,42,8,
1500000US220710017262,1990,3328,1368,1898,0,62,,11,0,
1500000US220710017325,1990,2901,987,1739,0,168,,57,7,
1500000US220710017263,1990,950,520,430,0,0,,36,0,
1500000US220710017264,1990,649,549,91,9,0,,15,0,
1500000US220710017272,1990,1948,177,1685,0,71,,0,15,
1500000US220710017251,1990,2248,1259,962,0,18,,71,9,
1500000US220710114003,1990,514,465,28,0,0,,21,21,
1500000US220710104001,1990,425,255,151,0,19,,6,0,
1500000US220710097002,1990,579,125,454,0,0,,0,0,
1500000US220710114002,1990,417,403,14,0,0,,0,0,
1500000US220710105002,1990,539,208,331,0,0,,7,0,
1500000US220710106002,1990,755,150,600,0,0,,14,5,
1500000US220710006142,1990,235,235,0,0,0,,10,0,
1500000US220710104991,1990,30,0,30,0,0,,0,0,
1500000US220710006143,1990,2089,1854,173,0,62,,10,0,
1500000US220710006144,1990,3218,1442,1680,0,36,,170,60,
1500000US220710134981,1990,0,0,0,0,0,,0,0,
1500000US220710134984,1990,0,0,0,0,0,,0,0,
1500000US220710076031,1990,1882,1879,0,0,0,,74,3,
1500000US220710114004,1990,698,672,0,0,11,,47,15,
1500000US220710096003,1990,756,120,636,0,0,,15,0,
1500000US220710115003,1990,566,553,0,13,0,,8,0,
1500000US220710087002,1990,408,42,357,0,0,,9,9,
1500000US220710114001,1990,442,356,56,0,0,,48,30,
1500000US220710096002,1990,672,287,385,0,0,,12,0,
1500000US220710097001,1990,610,168,427,0,15,,0,0,
1500000US220710097003,1990,396,175,176,0,45,,10,0,
1500000US220710106003,1990,453,261,174,18,0,,0,0,
1500000US220710105001,1990,571,289,249,0,0,,46,33,
1500000US220710106001,1990,577,238,334,0,0,,16,5,
1500000US220710105003,1990,380,190,190,0,0,,11,0,
1500000US220710006081,1990,1291,925,322,22,22,,64,0,
1500000US220710081023,1990,102,28,74,0,0,,0,0,
1500000US220710088003,1990,583,57,526,0,0,,0,0,
1500000US220710006133,1990,1632,611,945,46,0,,51,30,
1500000US220710006121,1990,325,230,95,0,0,,0,0,
1500000US220710006083,1990,3080,2295,684,12,51,,138,38,
1500000US220710089003,1990,528,203,309,0,0,,53,16,
1500000US220710108002,1990,616,384,228,0,0,,26,4,
1500000US220710089002,1990,514,78,388,0,0,,53,48,
1500000US220710087001,1990,396,22,374,0,0,,0,0,
1500000US220710107002,1990,565,255,302,0,0,,61,8,
1500000US220710099003,1990,510,346,155,0,9,,26,0,
1500000US220710107003,1990,729,240,473,7,9,,14,0,
1500000US220710096001,1990,475,308,119,0,0,,91,48,
1500000US220710006082,1990,3227,2901,231,0,27,,124,68,
1500000US220710116002,1990,479,415,64,0,0,,32,0,
1500000US220710116001,1990,477,430,47,0,0,,0,0,
1500000US220710099005,1990,879,753,93,0,27,,25,6,
1500000US220710088004,1990,499,271,228,0,0,,24,0,
1500000US220710116003,1990,525,521,4,0,0,,6,0,
1500000US220710081024,1990,373,13,360,0,0,,0,0,
1500000US220710115002,1990,623,528,95,0,0,,30,0,
1500000US220710107001,1990,255,255,0,0,0,,0,0,
1500000US220710107004,1990,441,319,122,0,0,,11,0,
1500000US220710088002,1990,397,55,342,0,0,,0,0,
1500000US220710099002,1990,585,501,76,0,0,,23,8,
1500000US220710006132,1990,1214,308,836,0,0,,93,70,
1500000US220710089001,1990,336,88,228,0,0,,30,20,
1500000US220710099004,1990,512,360,152,0,0,,25,0,
1500000US220710117002,1990,375,375,0,0,0,,0,0,
1500000US220710090003,1990,775,725,50,0,0,,16,0,
1500000US220710006111,1990,2071,43,2022,0,0,,13,6,
1500000US220710109003,1990,654,590,37,0,21,,28,6,
1500000US220710109004,1990,420,420,0,0,0,,0,0,
1500000US220710083003,1990,698,128,551,0,0,,45,19,
1500000US220710099001,1990,240,202,38,0,0,,0,0,
1500000US220710108003,1990,472,451,0,21,0,,0,0,
1500000US220710115001,1990,499,476,0,12,5,,12,6,
1500000US220710088001,1990,506,323,176,0,0,,74,7,
1500000US220710081022,1990,357,0,357,0,0,,0,0,
1500000US220710108001,1990,349,349,0,0,0,,0,0,
1500000US220710006112,1990,2831,67,1982,0,782,,0,0,
1500000US220710081021,1990,114,0,114,0,0,,12,0,
1500000US220710006071,1990,842,571,271,0,0,,26,0,
1500000US220710100003,1990,428,10,411,0,7,,0,0,
1500000US220710109002,1990,476,228,248,0,0,,0,0,
1500000US220710109005,1990,384,297,87,0,0,,7,0,
1500000US220710083002,1990,418,357,54,0,7,,18,0,
1500000US220710120003,1990,435,388,47,0,0,,10,0,
1500000US220710006012,1990,209,0,209,0,0,,0,0,
1500000US220710101002,1990,779,354,366,0,20,,70,39,
1500000US220710006131,1990,503,359,144,0,0,,0,0,
1500000US220710101003,1990,694,614,72,0,8,,8,0,
1500000US220710117003,1990,640,640,0,0,0,,21,0,
1500000US220710100004,1990,398,277,121,0,0,,4,0,
1500000US220710081012,1990,2650,12,2638,0,0,,0,0,
1500000US220710090002,1990,879,713,138,0,9,,52,19,
1500000US220710006031,1990,1285,48,1195,0,0,,148,42,
1500000US220710100002,1990,456,0,456,0,0,,0,0,
1500000US220710083001,1990,265,251,0,7,7,,12,0,
1500000US220710006072,1990,1233,1175,0,0,58,,9,0,
1500000US220710100005,1990,633,0,623,10,0,,0,0,
1500000US220710082003,1990,267,230,13,0,0,,13,24,
1500000US220710091005,1990,531,95,421,0,0,,23,15,
1500000US220710006062,1990,1481,1273,203,0,0,,85,5,
1500000US220710091003,1990,535,286,249,0,0,,16,0,
1500000US220710135982,1990,0,0,0,0,0,,0,0,
1500000US220710090001,1990,603,596,0,7,0,,7,0,
1500000US220710006032,1990,1251,136,984,0,48,,212,83,
1500000US220710081011,1990,1219,33,1186,0,0,,6,0,
1500000US220710136981,1990,0,0,0,0,0,,0,0,
1500000US220710091001,1990,486,8,478,0,0,,0,0,
1500000US220710100001,1990,559,0,559,0,0,,0,0,
1500000US220710077005,1990,361,62,299,0,0,,11,0,
1500000US220710006042,1990,1898,1115,592,7,61,,312,123,
1500000US220710078003,1990,252,190,50,0,0,,12,12,
1500000US220710078002,1990,249,147,102,0,0,,19,0,
1500000US220710091004,1990,628,0,628,0,0,,30,0,
1500000US220710101001,1990,814,209,605,0,0,,0,0,
1500000US220710117004,1990,657,657,0,0,0,,8,0,
1500000US220710101004,1990,388,166,207,0,15,,0,0,
1500000US220710091002,1990,399,194,205,0,0,,0,0,
1500000US220710109001,1990,922,133,789,0,0,,7,0,
1500000US220710109006,1990,616,80,536,0,0,,16,0,
1500000US220710082002,1990,487,322,120,6,0,,89,39,
1500000US220710092004,1990,424,0,424,0,0,,40,0,
1500000US220710092002,1990,448,0,448,0,0,,0,0,
1500000US220710102004,1990,653,95,530,0,0,,28,28,
1500000US220710084003,1990,411,33,378,0,0,,0,0,
1500000US220710111002,1990,364,19,338,0,7,,0,0,
1500000US220710102003,1990,573,10,563,0,0,,0,0,
1500000US220710117001,1990,771,734,37,0,0,,24,0,
1500000US220710006063,1990,1452,1175,140,6,123,,39,8,
1500000US220710092003,1990,354,9,345,0,0,,0,0,
1500000US220710092005,1990,458,22,408,0,0,,0,28,
1500000US220710111003,1990,633,69,564,0,0,,6,0,
1500000US220710084002,1990,630,318,290,0,22,,8,0,
1500000US220710120002,1990,527,450,77,0,0,,8,0,
1500000US220710082001,1990,788,665,100,0,0,,71,23,
1500000US220710135981,1990,0,0,0,0,0,,0,0,
1500000US220710079002,1990,312,274,38,0,0,,11,0,
1500000US220710006073,1990,1895,1716,146,5,22,,59,6,
1500000US220710092001,1990,500,0,490,0,0,,10,10,
1500000US220710102002,1990,705,0,705,0,0,,0,0,
1500000US220710084001,1990,621,254,361,6,0,,0,0,
1500000US220710078004,1990,423,362,56,0,5,,51,0,
1500000US220710078001,1990,210,57,153,0,0,,0,0,
1500000US220710117005,1990,508,508,0,0,0,,24,0,
1500000US220710120001,1990,641,619,22,0,0,,42,0,
1500000US220710077002,1990,237,17,220,0,0,,0,0,
1500000US220710006043,1990,1166,86,1061,0,0,,31,19,
1500000US220710006011,1990,2810,0,2805,5,0,,0,0,
1500000US220710111004,1990,529,51,478,0,0,,0,0,
1500000US220710077004,1990,0,0,0,0,0,,0,0,
1500000US220710085004,1990,339,0,339,0,0,,0,0,
1500000US220710119002,1990,829,806,15,0,8,,6,0,
1500000US220710093013,1990,370,0,364,6,0,,0,0,
1500000US220710003003,1990,348,37,300,11,0,,0,0,
1500000US220710003002,1990,391,53,338,0,0,,0,0,
1500000US220710079001,1990,198,43,155,0,0,,0,0,
1500000US220710125002,1990,767,275,492,0,0,,43,0,
1500000US220710077003,1990,191,17,118,0,0,,51,56,
1500000US220710102005,1990,380,22,358,0,0,,0,0,
1500000US220710135983,1990,0,0,0,0,0,,0,0,
1500000US220710111001,1990,483,47,436,0,0,,0,0,
1500000US220710093022,1990,1885,22,1863,0,0,,8,0,
1500000US220710085003,1990,527,0,527,0,0,,34,0,
1500000US220710125001,1990,697,588,97,6,6,,20,0,
1500000US220710093014,1990,196,0,196,0,0,,0,0,
1500000US220710093012,1990,311,0,311,0,0,,6,0,
1500000US220710125003,1990,333,0,333,0,0,,0,0,
1500000US220710119001,1990,526,526,0,0,0,,29,0,
1500000US220710093021,1990,1951,0,1951,0,0,,0,0,
1500000US220710006041,1990,1599,347,1213,8,19,,62,12,
1500000US220710067001,1990,217,202,15,0,0,,94,0,
1500000US220710079003,1990,431,100,317,14,0,,43,0,
1500000US220710085002,1990,546,0,546,0,0,,0,0,
1500000US220710080005,1990,245,9,236,0,0,,0,0,
1500000US220710121023,1990,341,314,18,0,0,,9,9,
1500000US220710102001,1990,663,42,621,0,0,,0,0,
1500000US220710111005,1990,520,63,435,11,11,,0,0,
1500000US220710121021,1990,355,355,0,0,0,,0,0,
1500000US220710006022,1990,913,210,703,0,0,,0,0,
1500000US220710126002,1990,758,250,475,0,22,,11,11,
1500000US220710006021,1990,886,387,474,0,0,,42,25,
1500000US220710126003,1990,559,536,9,14,0,,7,0,
1500000US220710093011,1990,412,0,412,0,0,,17,0,
1500000US220710086004,1990,144,0,144,0,0,,0,0,
1500000US220710004004,1990,708,21,687,0,0,,0,0,
1500000US220710112002,1990,737,472,215,0,16,,57,34,
1500000US220710121022,1990,3561,3161,286,0,98,,217,16,
1500000US220710080003,1990,257,0,257,0,0,,0,0,
1500000US220710067002,1990,262,69,182,0,11,,11,0,
1500000US220710080004,1990,156,0,156,0,0,,0,0,
1500000US220710085001,1990,369,0,369,0,0,,0,0,
1500000US220710080001,1990,193,0,193,0,0,,0,0,
1500000US220710103002,1990,1214,33,1181,0,0,,14,0,
1500000US220710094005,1990,367,0,367,0,0,,0,0,
1500000US220710086003,1990,478,25,453,0,0,,0,0,
1500000US220710080002,1990,227,0,227,0,0,,0,0,
1500000US220710003004,1990,599,6,593,0,0,,0,0,
1500000US220710003001,1990,370,5,365,0,0,,0,0,
1500000US220710068004,1990,182,0,182,0,0,,0,0,
1500000US220710127004,1990,544,479,44,0,21,,0,0,
1500000US220710077001,1990,617,542,75,0,0,,11,0,
1500000US220710068005,1990,650,0,650,0,0,,0,0,
1500000US220710103003,1990,835,121,714,0,0,,17,0,
1500000US220710086005,1990,787,56,725,0,0,,46,6,
1500000US220710006023,1990,900,212,679,0,0,,0,9,
1500000US220710067003,1990,66,0,66,0,0,,0,0,
1500000US220710004003,1990,584,136,448,0,0,,0,0,
1500000US220710094004,1990,662,0,662,0,0,,0,0,
1500000US220710129002,1990,333,314,14,0,0,,41,5,
1500000US220710006054,1990,236,47,189,0,0,,0,0,
1500000US220710121013,1990,409,339,61,0,9,,0,0,
1500000US220710068003,1990,1061,0,1061,0,0,,0,0,
1500000US220710006051,1990,1102,315,761,8,13,,18,5,
1500000US220710112001,1990,670,579,42,0,7,,77,42,
1500000US220710127003,1990,628,222,393,0,0,,46,13,
1500000US220710094006,1990,449,18,431,0,0,,0,0,
1500000US220710086002,1990,198,11,187,0,0,,0,0,
1500000US220710126001,1990,653,508,145,0,0,,41,0,
1500000US220710059004,1990,395,167,214,14,0,,37,0,
1500000US220710119003,1990,668,628,0,15,15,,76,10,
1500000US220710006061,1990,919,894,0,0,25,,24,0,
1500000US220710001002,1990,444,187,257,0,0,,17,0,
1500000US220710068001,1990,63,0,63,0,0,,0,0,
1500000US220710094003,1990,279,0,279,0,0,,0,0,
1500000US220710086001,1990,372,0,372,0,0,,0,0,
1500000US220710103004,1990,537,79,458,0,0,,16,0,
1500000US220710059003,1990,23,23,0,0,0,,0,0,
1500000US220710069003,1990,212,0,212,0,0,,0,0,
1500000US220710002003,1990,571,85,486,0,0,,0,0,
1500000US220710094007,1990,34,0,34,0,0,,0,0,
1500000US220710068002,1990,711,0,711,0,0,,0,0,
1500000US220710002002,1990,488,42,446,0,0,,0,0,
1500000US220710002001,1990,534,129,405,0,0,,0,0,
1500000US220710127001,1990,759,419,340,0,0,,32,0,
1500000US220710121011,1990,542,397,116,0,29,,24,0,
1500000US220710006052,1990,627,277,342,0,8,,0,0,
1500000US220710057001,1990,429,411,10,8,0,,27,0,
1500000US220710042003,1990,259,231,20,8,0,,0,0,
1500000US220710001003,1990,387,306,81,0,0,,0,0,
1500000US220710004002,1990,830,201,629,0,0,,24,0,
1500000US220710122003,1990,1179,1129,45,0,0,,18,5,
1500000US220710007994,1990,0,0,0,0,0,,0,0,
1500000US220710094002,1990,622,16,606,0,0,,5,0,
1500000US220710121012,1990,1196,1007,29,0,160,,100,0,
1500000US220710123003,1990,678,616,62,0,0,,43,0,
1500000US220710127002,1990,596,240,305,0,41,,24,10,
1500000US220710129001,1990,609,349,246,0,0,,46,14,
1500000US220710103001,1990,1110,10,1091,0,0,,15,9,
1500000US220710007023,1990,897,538,307,17,0,,83,35,
1500000US220710123001,1990,621,193,412,0,0,,35,16,
1500000US220710069002,1990,4574,12,4562,0,0,,6,0,
1500000US220710130002,1990,687,175,512,0,0,,0,0,
1500000US220710128003,1990,1011,726,285,0,0,,64,0,
1500000US220710131003,1990,487,0,478,0,0,,0,9,
1500000US220710001004,1990,587,358,127,0,0,,74,102,
1500000US220710129003,1990,734,176,558,0,0,,25,0,
1500000US220710094001,1990,329,0,329,0,0,,0,0,
1500000US220710123002,1990,897,219,589,0,14,,72,75,
1500000US220710122002,1990,599,510,84,0,0,,5,5,
1500000US220710130003,1990,742,82,649,0,11,,0,0,
1500000US220710059002,1990,0,0,0,0,0,,0,0,
1500000US220710058003,1990,16,16,0,0,0,,0,0,
1500000US220710059001,1990,190,148,37,0,5,,0,0,
1500000US220710069001,1990,0,0,0,0,0,,0,0,
1500000US220710128002,1990,572,545,6,0,0,,25,21,
1500000US220710124002,1990,674,208,432,0,34,,6,0,
1500000US220710070003,1990,718,0,718,0,0,,0,0,
1500000US220710060003,1990,199,169,22,0,8,,13,0,
1500000US220710131004,1990,515,0,515,0,0,,9,0,
1500000US220710006059,1990,3090,2110,851,21,31,,251,77,
1500000US220710130001,1990,683,208,475,0,0,,5,0,
1500000US220710058002,1990,214,96,118,0,0,,9,0,
1500000US220710124003,1990,391,374,9,0,0,,39,8,
1500000US220710122001,1990,168,168,0,0,0,,0,0,
1500000US220710001001,1990,480,315,165,0,0,,0,0,
1500000US220710007021,1990,1006,264,742,0,0,,15,0,
1500000US220710060004,1990,242,0,214,0,28,,0,0,
1500000US220710042002,1990,472,467,0,0,0,,5,5,
1500000US220710132003,1990,886,259,619,0,8,,0,0,
1500000US220710072004,1990,328,0,322,0,6,,0,0,
1500000US220710042004,1990,368,331,29,0,0,,25,8,
1500000US220710047001,1990,282,256,26,0,0,,0,0,
1500000US220710060002,1990,76,13,33,0,30,,0,0,
1500000US220710131001,1990,539,0,539,0,0,,0,0,
1500000US220710131002,1990,851,0,851,0,0,,0,0,
1500000US220710007022,1990,814,192,605,0,0,,92,17,
1500000US220710124001,1990,718,301,417,0,0,,66,0,
1500000US220710001005,1990,374,296,28,6,0,,44,44,
1500000US220710004001,1990,483,172,304,0,0,,16,7,
1500000US220710072005,1990,730,6,721,0,0,,3,3,
1500000US220710042005,1990,242,192,13,9,11,,39,17,
1500000US220710060001,1990,370,28,326,0,16,,0,0,
1500000US220710038003,1990,268,268,0,0,0,,0,0,
1500000US220710072003,1990,454,0,454,0,0,,0,0,
1500000US220710049006,1990,373,41,332,0,0,,0,0,
1500000US220710009032,1990,457,7,450,0,0,,0,0,
1500000US220710132002,1990,1164,218,946,0,0,,13,0,
1500000US220710042001,1990,643,612,24,0,0,,34,7,
1500000US220710008002,1990,1060,75,985,0,0,,0,0,
1500000US220710048001,1990,2508,9,2490,9,0,,0,0,
1500000US220710008001,1990,822,97,725,0,0,,15,0,
1500000US220710049005,1990,168,74,94,0,0,,14,0,
1500000US220710058001,1990,85,32,25,0,24,,4,4,
1500000US220710128001,1990,1082,770,272,0,30,,21,10,
1500000US220710009014,1990,918,16,902,0,0,,0,0,
1500000US220710075025,1990,862,79,783,0,0,,0,0,
1500000US220710011004,1990,557,216,334,0,0,,51,7,
1500000US220710132004,1990,601,273,319,5,0,,4,4,
1500000US220710009042,1990,757,0,749,8,0,,0,0,
1500000US220710071002,1990,294,0,294,0,0,,0,0,
1500000US220710039006,1990,80,0,80,0,0,,0,0,
1500000US220710038002,1990,623,603,10,0,0,,16,10,
1500000US220710132001,1990,744,276,468,0,0,,0,0,
1500000US220710007024,1990,571,93,478,0,0,,6,0,
1500000US220710011009,1990,0,0,0,0,0,,0,0,
1500000US220710049004,1990,204,59,145,0,0,,39,0,
1500000US220710070002,1990,181,15,166,0,0,,0,0,
1500000US220710008003,1990,990,71,919,0,0,,0,0,
1500000US220710038001,1990,731,705,11,0,15,,0,0,
1500000US220710018002,1990,200,113,61,7,19,,0,0,
1500000US220710018003,1990,481,350,123,0,0,,31,8,
1500000US220710075026,1990,444,22,422,0,0,,0,0,
1500000US220710026002,1990,610,538,47,0,11,,47,14,
1500000US220710049007,1990,728,217,500,0,0,,21,11,
1500000US220710072002,1990,406,7,399,0,0,,0,0,
1500000US220710072006,1990,325,28,279,0,4,,14,14,
1500000US220710009043,1990,823,14,809,0,0,,0,0,
1500000US220710039005,1990,3,0,3,0,0,,0,0,
1500000US220710012002,1990,410,282,128,0,0,,13,0,
1500000US220710011003,1990,1237,291,946,0,0,,13,0,
1500000US220710049003,1990,335,0,335,0,0,,0,0,
1500000US220710018004,1990,441,328,101,0,0,,91,12,
1500000US220710012001,1990,309,116,193,0,0,,19,0,
1500000US220710044015,1990,327,0,327,0,0,,0,0,
1500000US220710009013,1990,644,10,634,0,0,,0,0,
1500000US220710009044,1990,589,0,589,0,0,,0,0,
1500000US220710044022,1990,1303,9,1294,0,0,,0,0,
1500000US220710070001,1990,804,58,744,0,0,,15,2,
1500000US220710011992,1990,7,7,0,0,0,,0,0,
1500000US220710039003,1990,434,156,278,0,0,,7,0,
1500000US220710075024,1990,479,38,441,0,0,,0,0,
1500000US220710049002,1990,701,20,650,0,0,,31,31,
1500000US220710063003,1990,694,212,456,0,20,,6,6,
1500000US220710013044,1990,653,225,428,0,0,,0,0,
1500000US220710075014,1990,620,0,620,0,0,,0,0,
1500000US220710071001,1990,4258,446,3732,0,0,,93,80,
1500000US220710009041,1990,577,0,577,0,0,,0,0,
1500000US220710039004,1990,222,16,166,0,0,,0,40,
1500000US220710044014,1990,595,0,595,0,0,,0,0,
1500000US220710049001,1990,576,23,526,0,0,,50,27,
1500000US220710026001,1990,579,336,225,0,18,,28,0,
1500000US220710012003,1990,803,270,533,0,0,,14,0,
1500000US220710026003,1990,417,312,80,0,9,,32,16,
1500000US220710013033,1990,787,196,546,0,0,,45,45,
1500000US220710071003,1990,168,33,123,0,0,,12,12,
1500000US220710039002,1990,441,48,379,0,8,,21,6,
1500000US220710063004,1990,515,224,226,0,0,,93,65,
1500000US220710063002,1990,682,142,345,0,0,,277,195,
1500000US220710072001,1990,800,53,718,0,12,,12,17,
1500000US220710013013,1990,699,332,354,0,0,,30,13,
1500000US220710013022,1990,1093,63,1008,0,0,,22,22,
1500000US220710044013,1990,312,0,312,0,0,,18,0,
1500000US220710011002,1990,886,239,612,9,20,,27,6,
1500000US220710013012,1990,422,73,349,0,0,,0,0,
1500000US220710063001,1990,327,161,116,0,22,,80,28,
1500000US220710064004,1990,589,164,405,0,0,,42,20,
1500000US220710027003,1990,439,31,377,0,0,,49,31,
1500000US220710009033,1990,644,0,644,0,0,,0,0,
1500000US220710075023,1990,1195,19,1176,0,0,,0,0,
1500000US220710039001,1990,486,6,480,0,0,,18,0,
1500000US220710018001,1990,360,260,88,0,0,,63,12,
1500000US220710044021,1990,1077,0,1077,0,0,,0,0,
1500000US220710012004,1990,694,259,313,0,122,,54,0,
1500000US220710027002,1990,665,13,652,0,0,,8,0,
1500000US220710009012,1990,832,0,832,0,0,,17,0,
1500000US220710027004,1990,670,0,670,0,0,,0,0,
1500000US220710044012,1990,411,22,389,0,0,,0,0,
1500000US220710007013,1990,1095,11,1084,0,0,,0,0,
1500000US220710040003,1990,682,5,672,5,0,,0,0,
1500000US220710019002,1990,900,248,646,0,0,,66,6,
1500000US220710044016,1990,191,0,191,0,0,,0,0,
1500000US220710013014,1990,480,65,415,0,0,,0,0,
1500000US220710076054,1990,0,0,0,0,0,,0,0,
1500000US220710009031,1990,559,0,559,0,0,,0,0,
1500000US220710075022,1990,794,35,751,0,0,,19,8,
1500000US220710075013,1990,631,0,631,0,0,,0,0,
1500000US220710050004,1990,372,0,344,0,0,,28,28,
1500000US220710006999,1990,0,0,0,0,0,,0,0,
1500000US220710017332,1990,2021,562,1347,0,49,,60,63,
1500000US220710014012,1990,633,4,629,0,0,,0,0,
1500000US220710065001,1990,502,444,23,0,0,,123,35,
1500000US220710030003,1990,356,0,356,0,0,,0,0,
1500000US220710028002,1990,561,0,561,0,0,,0,0,
1500000US220710065005,1990,523,369,89,0,0,,95,65,
1500000US220710009026,1990,482,0,482,0,0,,0,0,
1500000US220710029001,1990,481,7,474,0,0,,0,0,
1500000US220710036003,1990,711,116,591,0,0,,4,4,
1500000US220710075015,1990,808,0,808,0,0,,0,0,
1500000US220710064005,1990,914,398,372,0,62,,94,82,
1500000US220710075021,1990,608,26,582,0,0,,0,0,
1500000US220710009034,1990,659,0,659,0,0,,0,0,
1500000US220710014015,1990,490,0,490,0,0,,0,0,
1500000US220710036001,1990,739,43,688,0,0,,43,8,
1500000US220710028001,1990,717,0,717,0,0,,7,0,
1500000US220710014014,1990,755,0,755,0,0,,8,0,
1500000US220710021003,1990,586,0,586,0,0,,13,0,
1500000US220710030002,1990,502,10,488,0,0,,11,4,
1500000US220710054002,1990,717,646,55,0,0,,45,16,
1500000US220710014013,1990,676,0,676,0,0,,0,0,
1500000US220710011001,1990,409,7,402,0,0,,13,0,
1500000US220710022002,1990,717,83,591,0,11,,32,32,
1500000US220710017981,1990,2220,0,2220,0,0,,13,0,
1500000US220710022003,1990,666,17,649,0,0,,0,0,
1500000US220710031001,1990,597,0,597,0,0,,0,0,
1500000US220710037026,1990,1057,576,448,0,8,,95,25,
1500000US220710037023,1990,549,90,413,0,0,,51,46,
1500000US220710014017,1990,255,0,255,0,0,,0,0,
1500000US220710014016,1990,285,0,285,0,0,,0,0,
1500000US220710022001,1990,753,52,682,0,0,,22,19,
1500000US220710015001,1990,399,86,290,0,4,,49,19,
1500000US220710046004,1990,919,733,96,9,0,,114,81,
1500000US220710021001,1990,452,22,430,0,0,,0,0,
1500000US220710037024,1990,1004,193,811,0,0,,16,0,
1500000US220710021002,1990,739,40,699,0,0,,28,0,
1500000US220710046003,1990,1879,1795,62,7,0,,93,15,
1500000US220710016002,1990,2598,0,2598,0,0,,11,0,
1500000US220710041001,1990,713,554,88,7,17,,46,47,
1500000US220710055003,1990,358,358,0,0,0,,41,0,
1500000US220710023003,1990,680,69,611,0,0,,0,0,
1500000US220710023004,1990,721,96,625,0,0,,37,0,
1500000US220710023002,1990,563,25,538,0,0,,17,0,
1500000US220710023005,1990,430,69,361,0,0,,0,0,
1500000US220710023006,1990,774,103,656,0,0,,14,15,
1500000US220710055002,1990,548,535,0,13,0,,31,0,
1500000US220710017982,1990,1831,0,1831,0,0,,0,0,
1500000US220710037012,1990,1441,873,564,0,0,,26,4,
1500000US220710037021,1990,836,0,739,0,0,,82,97,
1500000US220710076043,1990,520,520,0,0,0,,34,0,
1500000US220710037022,1990,591,125,455,11,0,,11,0,
1500000US220710031003,1990,441,45,396,0,0,,17,0,
1500000US220710031002,1990,876,5,866,0,0,,5,5,
1500000US220710033064,1990,1883,0,1883,0,0,,0,0,
1500000US220710055004,1990,882,824,10,0,36,,60,12,
1500000US220710033052,1990,1393,0,1393,0,0,,0,0,
1500000US220710033084,1990,581,5,566,0,0,,43,10,
1500000US220710023001,1990,707,75,632,0,0,,12,0,
1500000US220710033072,1990,704,41,659,0,0,,12,4,
1500000US220710046002,1990,0,0,0,0,0,,0,0,
1500000US220710055001,1990,1100,1058,31,11,0,,22,0,
1500000US220710017032,1990,466,0,466,0,0,,0,0,
1500000US220710023007,1990,238,6,215,0,0,,17,17,
1500000US220710024012,1990,186,24,162,0,0,,13,0,
1500000US220710037011,1990,705,229,476,0,0,,30,0,
1500000US220710017033,1990,1193,0,1187,0,6,,7,0,
1500000US220710076042,1990,124,78,46,0,0,,0,0,
1500000US220710030005,1990,259,0,259,0,0,,0,0,
1500000US220710036002,1990,1043,31,1012,0,0,,17,0,
1500000US220710030004,1990,308,5,290,13,0,,0,0,
1500000US220710014011,1990,568,12,556,0,0,,0,0,
1500000US220710007014,1990,657,34,623,0,0,,0,0,
1500000US220710054003,1990,631,387,230,0,0,,105,14,
1500000US220710037025,1990,569,441,128,0,0,,14,0,
1500000US220710007011,1990,766,0,720,46,0,,7,0,
1500000US220710041002,1990,771,352,415,0,4,,7,0,
1500000US220710035001,1990,602,5,587,0,0,,23,10,
1500000US220710015002,1990,731,80,651,0,0,,0,0,
1500000US220710028003,1990,464,0,464,0,0,,42,0,
1500000US220710028004,1990,384,4,380,0,0,,0,0,
1500000US220710045004,1990,441,32,409,0,0,,44,0,
1500000US220710076051,1990,418,10,408,0,0,,0,0,
1500000US220710013011,1990,589,20,569,0,0,,0,0,
1500000US220710027001,1990,395,31,324,0,0,,73,40,
1500000US220710044011,1990,674,18,656,0,0,,0,0,
1500000US220710064002,1990,480,233,137,56,16,,167,38,
1500000US220710027005,1990,495,7,470,0,18,,5,0,