GEO.id,GEO.id2,GEO.display-label,HD01_VD01,HD02_VD01,HD01_VD02,HD02_VD02,HD01_VD03,HD02_VD03,HD01_VD04,HD02_VD04,HD01_VD05,HD02_VD05,HD01_VD06,HD02_VD06,HD01_VD07,HD02_VD07,HD01_VD08,HD02_VD08,HD01_VD09,HD02_VD09,HD01_VD10,HD02_VD10
Id,Id2,Geography,Estimate; Total:,Margin of Error; Total:,Estimate; Total: - White alone,Margin of Error; Total: - White alone,Estimate; Total: - Black or African American alone,Margin of Error; Total: - Black or African American alone,Estimate; Total: - American Indian and Alaska Native alone,Margin of Error; Total: - American Indian and Alaska Native alone,Estimate; Total: - Asian alone,Margin of Error; Total: - Asian alone,Estimate; Total: - Native Hawaiian and Other Pacific Islander alone,Margin of Error; Total: - Native Hawaiian and Other Pacific Islander alone,Estimate; Total: - Some other race alone,Margin of Error; Total: - Some other race alone,Estimate; Total: - Two or more races:,Margin of Error; Total: - Two or more races:,Estimate; Total: - Two or more races: - Two races including Some other race,Margin of Error; Total: - Two or more races: - Two races including Some other race,"Estimate; Total: - Two or more races: - Two races excluding Some other race, and three or more races","Margin of Error; Total: - Two or more races: - Two races excluding Some other race, and three or more races"
1500000US220710001001,220710001001,"Block Group 1, Census Tract 1, Orleans Parish, Louisiana",902,240,682,172,77,66,0,12,0,12,0,12,110,166,33,52,0,12,33,52
1500000US220710001002,220710001002,"Block Group 2, Census Tract 1, Orleans Parish, Louisiana",1048,248,768,183,235,188,0,12,0,12,0,12,0,12,45,65,0,12,45,65
1500000US220710001003,220710001003,"Block Group 3, Census Tract 1, Orleans Parish, Louisiana",682,180,597,178,67,76,0,12,0,12,0,12,6,16,12,20,0,12,12,20
1500000US220710002001,220710002001,"Block Group 1, Census Tract 2, Orleans Parish, Louisiana",491,154,90,58,401,151,0,12,0,12,0,12,0,12,0,12,0,12,0,12
1500000US220710002002,220710002002,"Block Group 2, Census Tract 2, Orleans Parish, Louisiana",742,314,181,122,514,285,0,12,0,12,0,12,11,17,36,29,0,12,36,29
1500000US220710003001,220710003001,"Block Group 1, Census Tract 3, Orleans Parish, Louisiana",528,198,30,24,498,195,0,12,0,12,0,12,0,12,0,12,0,12,0,12
1500000US220710003002,220710003002,"Block Group 2, Census Tract 3, Orleans Parish, Louisiana",486,169,75,57,407,146,0,12,0,12,0,12,4,7,0,12,0,12,0,12
1500000US220710004001,220710004001,"Block Group 1, Census Tract 4, Orleans Parish, Louisiana",946,225,343,120,561,161,0,12,0,12,0,12,0,12,42,64,0,12,42,64
1500000US220710004002,220710004002,"Block Group 2, Census Tract 4, Orleans Parish, Louisiana",1243,313,3,4,1209,313,0,12,0,12,0,12,0,12,31,45,0,12,31,45
1500000US220710006011,220710006011,"Block Group 1, Census Tract 6.01, Orleans Parish, Louisiana",283,103,0,12,283,103,0,12,0,12,0,12,0,12,0,12,0,12,0,12
1500000US220710006012,220710006012,"Block Group 2, Census Tract 6.01, Orleans Parish, Louisiana",635,241,0,12,635,241,0,12,0,12,0,12,0,12,0,12,0,12,0,12
1500000US220710006021,220710006021,"Block Group 1, Census Tract 6.02, Orleans Parish, Louisiana",811,222,117,65,682,219,6,10,0,12,0,12,6,9,0,12,0,12,0,12
1500000US220710006022,220710006022,"Block Group 2, Census Tract 6.02, Orleans Parish, Louisiana",945,299,24,32,921,302,0,12,0,12,0,12,0,12,0,12,0,12,0,12
1500000US220710006023,220710006023,"Block Group 3, Census Tract 6.02, Orleans Parish, Louisiana",1301,321,73,54,1211,314,0,12,17,23,0,12,0,12,0,12,0,12,0,12
1500000US220710006031,220710006031,"Block Group 1, Census Tract 6.03, Orleans Parish, Louisiana",691,243,21,22,292,207,0,12,12,17,0,12,345,300,21,24,0,12,21,24
1500000US220710006032,220710006032,"Block Group 2, Census Tract 6.03, Orleans Parish, Louisiana",699,192,36,30,558,202,22,39,64,78,0,12,0,12,19,27,0,12,19,27
1500000US220710006041,220710006041,"Block Group 1, Census Tract 6.04, Orleans Parish, Louisiana",1848,550,155,140,1598,534,0,12,9,15,0,12,74,136,12,19,0,12,12,19
1500000US220710006042,220710006042,"Block Group 2, Census Tract 6.04, Orleans Parish, Louisiana",1508,354,329,142,1107,372,0,12,31,45,0,12,6,21,35,57,0,12,35,57
1500000US220710006043,220710006043,"Block Group 3, Census Tract 6.04, Orleans Parish, Louisiana",1626,520,14,16,1612,519,0,12,0,12,0,12,0,12,0,12,0,12,0,12
1500000US220710006051,220710006051,"Block Group 1, Census Tract 6.05, Orleans Parish, Louisiana",781,222,166,101,615,203,0,12,0,12,0,12,0,12,0,12,0,12,0,12
1500000US220710006052,220710006052,"Block Group 2, Census Tract 6.05, Orleans Parish, Louisiana",627,263,86,80,541,245,0,12,0,12,0,12,0,12,0,12,0,12,0,12
1500000US220710006053,220710006053,"Block Group 3, Census Tract 6.05, Orleans Parish, Louisiana",691,177,513,167,169,88,0,12,3,7,0,12,6,13,0,12,0,12,0,12
1500000US220710006061,220710006061,"Block Group 1, Census Tract 6.06, Orleans Parish, Louisiana",1860,377,857,217,893,315,0,12,43,77,0,12,0,12,67,85,0,12,67,85
1500000US220710006062,220710006062,"Block Group 2, Census Tract 6.06, Orleans Parish, Louisiana",953,232,337,143,588,202,0,12,0,12,0,12,14,20,14,21,0,12,14,21
1500000US220710006063,220710006063,"Block Group 3, Census Tract 6.06, Orleans Parish, Louisiana",1394,311,541,174,769,260,6,10,78,87,0,12,0,12,0,12,0,12,0,12
1500000US220710006071,220710006071,"Block Group 1, Census Tract 6.07, Orleans Parish, Louisiana",837,311,312,147,525,322,0,12,0,12,0,12,0,12,0,12,0,12,0,12
1500000US220710006072,220710006072,"Block Group 2, Census Tract 6.07, Orleans Parish, Louisiana",1330,352,696,242,608,360,0,12,0,12,0,12,0,12,26,45,26,45,0,12
1500000US220710006073,220710006073,"Block Group 3, Census Tract 6.07, Orleans Parish, Louisiana",1791,273,1230,261,561,216,0,12,0,12,0,12,0,12,0,12,0,12,0,12
1500000US220710006111,220710006111,"Block Group 1, Census Tract 6.11, Orleans Parish, Louisiana",1742,403,9,14,1681,401,0,12,52,53,0,12,0,12,0,12,0,12,0,12
1500000US220710006112,220710006112,"Block Group 2, Census Tract 6.11, Orleans Parish, Louisiana",2566,464,52,87,1642,324,0,12,574,238,0,12,298,356,0,12,0,12,0,12
1500000US220710006121,220710006121,"Block Group 1, Census Tract 6.12, Orleans Parish, Louisiana",1797,245,1042,200,474,271,24,28,80,92,0,12,110,99,67,81,0,12,67,81
1500000US220710006131,220710006131,"Block Group 1, Census Tract 6.13, Orleans Parish, Louisiana",1038,360,48,33,960,368,0,12,10,15,0,12,0,12,20,32,0,12,20,32
1500000US220710006132,220710006132,"Block Group 2, Census Tract 6.13, Orleans Parish, Louisiana",1493,370,112,87,1381,368,0,12,0,12,0,12,0,12,0,12,0,12,0,12
1500000US220710006133,220710006133,"Block Group 3, Census Tract 6.13, Orleans Parish, Louisiana",2265,559,410,129,1846,491,0,12,9,13,0,12,0,12,0,12,0,12,0,12
1500000US220710006151,220710006151,"Block Group 1, Census Tract 6.15, Orleans Parish, Louisiana",2071,419,641,248,1310,392,6,11,114,174,0,12,0,12,0,12,0,12,0,12
1500000US220710006152,220710006152,"Block Group 2, Census Tract 6.15, Orleans Parish, Louisiana",1722,336,382,178,1315,319,0,12,16,25,0,12,0,12,9,14,0,12,9,14
1500000US220710006161,220710006161,"Block Group 1, Census Tract 6.16, Orleans Parish, Louisiana",1029,319,297,171,732,271,0,12,0,12,0,12,0,12,0,12,0,12,0,12
1500000US220710006162,220710006162,"Block Group 2, Census Tract 6.16, Orleans Parish, Louisiana",1541,504,215,114,1297,490,0,12,29,40,0,12,0,12,0,12,0,12,0,12
1500000US220710006163,220710006163,"Block Group 3, Census Tract 6.16, Orleans Parish, Louisiana",1915,502,1107,282,774,460,0,12,0,12,0,12,9,15,25,28,11,18,14,22
1500000US220710006171,220710006171,"Block Group 1, Census Tract 6.17, Orleans Parish, Louisiana",1114,311,169,111,870,326,0,12,0,12,0,12,75,121,0,12,0,12,0,12
1500000US220710006172,220710006172,"Block Group 2, Census Tract 6.17, Orleans Parish, Louisiana",2773,508,341,253,2384,507,18,28,30,47,0,12,0,12,0,12,0,12,0,12
1500000US220710006181,220710006181,"Block Group 1, Census Tract 6.18, Orleans Parish, Louisiana",1614,286,909,229,567,245,0,12,138,95,0,12,0,12,0,12,0,12,0,12
1500000US220710006182,220710006182,"Block Group 2, Census Tract 6.18, Orleans Parish, Louisiana",2176,349,557,174,1430,324,37,39,5,12,0,12,65,91,82,82,16,29,66,77
1500000US220710007011,220710007011,"Block Group 1, Census Tract 7.01, Orleans Parish, Louisiana",46,55,0,12,46,55,0,12,0,12,0,12,0,12,0,12,0,12,0,12
1500000US220710007012,220710007012,"Block Group 2, Census Tract 7.01, Orleans Parish, Louisiana",132,78,0,12,132,78,0,12,0,12,0,12,0,12,0,12,0,12,0,12
1500000US220710007013,220710007013,"Block Group 3, Census Tract 7.01, Orleans Parish, Louisiana",143,62,16,21,127,58,0,12,0,12,0,12,0,12,0,12,0,12,0,12
1500000US220710007014,220710007014,"Block Group 4, Census Tract 7.01, Orleans Parish, Louisiana",206,98,0,12,206,98,0,12,0,12,0,12,0,12,0,12,0,12,0,12
1500000US220710007021,220710007021,"Block Group 1, Census Tract 7.02, Orleans Parish, Louisiana",560,289,7,12,553,290,0,12,0,12,0,12,0,12,0,12,0,12,0,12
1500000US220710007022,220710007022,"Block Group 2, Census Tract 7.02, Orleans Parish, Louisiana",491,247,43,67,444,251,4,7,0,12,0,12,0,12,0,12,0,12,0,12
1500000US220710007023,220710007023,"Block Group 3, Census Tract 7.02, Orleans Parish, Louisiana",248,263,31,26,217,262,0,12,0,12,0,12,0,12,0,12,0,12,0,12
1500000US220710007024,220710007024,"Block Group 4, Census Tract 7.02, Orleans Parish, Louisiana",345,195,31,30,308,196,0,12,0,12,0,12,0,12,6,10,0,12,6,10
1500000US220710008001,220710008001,"Block Group 1, Census Tract 8, Orleans Parish, Louisiana",315,178,6,15,309,175,0,12,0,12,0,12,0,12,0,12,0,12,0,12
1500000US220710008002,220710008002,"Block Group 2, Census Tract 8, Orleans Parish, Louisiana",476,197,10,12,459,197,7,10,0,12,0,12,0,12,0,12,0,12,0,12
1500000US220710008003,220710008003,"Block Group 3, Census Tract 8, Orleans Parish, Louisiana",410,142,33,28,347,134,0,12,0,12,0,12,0,12,30,39,0,12,30,39
1500000US220710009011,220710009011,"Block Group 1, Census Tract 9.01, Orleans Parish, Louisiana",207,104,0,12,207,104,0,12,0,12,0,12,0,12,0,12,0,12,0,12
1500000US220710009012,220710009012,"Block Group 2, Census Tract 9.01, Orleans Parish, Louisiana",187,138,0,12,187,138,0,12,0,12,0,12,0,12,0,12,0,12,0,12
1500000US220710009013,220710009013,"Block Group 3, Census Tract 9.01, Orleans Parish, Louisiana",37,47,0,12,37,47,0,12,0,12,0,12,0,12,0,12,0,12,0,12
1500000US220710009014,220710009014,"Block Group 4, Census Tract 9.01, Orleans Parish, Louisiana",216,132,0,12,216,132,0,12,0,12,0,12,0,12,0,12,0,12,0,12
1500000US220710009021,220710009021,"Block Group 1, Census Tract 9.02, Orleans Parish, Louisiana",29,37,0,12,29,37,0,12,0,12,0,12,0,12,0,12,0,12,0,12
1500000US220710009022,220710009022,"Block Group 2, Census Tract 9.02, Orleans Parish, Louisiana",115,116,2,5,113,115,0,12,0,12,0,12,0,12,0,12,0,12,0,12
1500000US220710009023,220710009023,"Block Group 3, Census Tract 9.02, Orleans Parish, Louisiana",181,181,0,12,181,181,0,12,0,12,0,12,0,12,0,12,0,12,0,12
1500000US220710009024,220710009024,"Block Group 4, Census Tract 9.02, Orleans Parish, Louisiana",103,95,0,12,103,95,0,12,0,12,0,12,0,12,0,12,0,12,0,12
1500000US220710009031,220710009031,"Block Group 1, Census Tract 9.03, Orleans Parish, Louisiana",85,54,0,12,85,54,0,12,0,12,0,12,0,12,0,12,0,12,0,12
1500000US220710009032,220710009032,"Block Group 2, Census Tract 9.03, Orleans Parish, Louisiana",124,60,0,12,124,60,0,12,0,12,0,12,0,12,0,12,0,12,0,12
1500000US220710009033,220710009033,"Block Group 3, Census Tract 9.03, Orleans Parish, Louisiana",55,54,0,12,55,54,0,12,0,12,0,12,0,12,0,12,0,12,0,12
1500000US220710009034,220710009034,"Block Group 4, Census Tract 9.03, Orleans Parish, Louisiana",56,48,0,12,56,48,0,12,0,12,0,12,0,12,0,12,0,12,0,12
1500000US220710009041,220710009041,"Block Group 1, Census Tract 9.04, Orleans Parish, Louisiana",403,113,12,15,343,100,0,12,16,21,0,12,19,29,13,18,0,12,13,18
1500000US220710009042,220710009042,"Block Group 2, Census Tract 9.04, Orleans Parish, Louisiana",383,141,0,12,383,141,0,12,0,12,0,12,0,12,0,12,0,12,0,12
1500000US220710011001,220710011001,"Block Group 1, Census Tract 11, Orleans Parish, Louisiana",618,201,84,62,515,192,0,12,0,12,0,12,19,32,0,12,0,12,0,12
1500000US220710011002,220710011002,"Block Group 2, Census Tract 11, Orleans Parish, Louisiana",1082,173,898,164,108,74,7,11,5,8,0,12,27,33,37,33,0,12,37,33
1500000US220710011003,220710011003,"Block Group 3, Census Tract 11, Orleans Parish, Louisiana",0,12,0,12,0,12,0,12,0,12,0,12,0,12,0,12,0,12,0,12
1500000US220710012001,220710012001,"Block Group 1, Census Tract 12, Orleans Parish, Louisiana",481,123,405,99,45,35,0,12,0,12,0,12,0,12,31,36,0,12,31,36
1500000US220710012002,220710012002,"Block Group 2, Census Tract 12, Orleans Parish, Louisiana",543,155,406,120,112,89,0,12,0,12,0,12,0,12,25,29,0,12,25,29
1500000US220710012003,220710012003,"Block Group 3, Census Tract 12, Orleans Parish, Louisiana",530,177,443,156,53,54,0,12,0,12,0,12,0,12,34,27,0,12,34,27
1500000US220710013011,220710013011,"Block Group 1, Census Tract 13.01, Orleans Parish, Louisiana",618,169,56,55,558,156,0,12,0,12,0,12,0,12,4,7,0,12,4,7
1500000US220710013012,220710013012,"Block Group 2, Census Tract 13.01, Orleans Parish, Louisiana",425,133,203,78,211,130,8,12,3,6,0,12,0,12,0,12,0,12,0,12
1500000US220710013013,220710013013,"Block Group 3, Census Tract 13.01, Orleans Parish, Louisiana",305,94,75,46,226,95,0,12,0,12,0,12,0,12,4,16,0,12,4,16
1500000US220710013014,220710013014,"Block Group 4, Census Tract 13.01, Orleans Parish, Louisiana",306,157,0,12,306,157,0,12,0,12,0,12,0,12,0,12,0,12,0,12
1500000US220710013021,220710013021,"Block Group 1, Census Tract 13.02, Orleans Parish, Louisiana",459,172,5,8,454,172,0,12,0,12,0,12,0,12,0,12,0,12,0,12
1500000US220710013022,220710013022,"Block Group 2, Census Tract 13.02, Orleans Parish, Louisiana",487,169,38,31,442,178,0,12,7,10,0,12,0,12,0,12,0,12,0,12
1500000US220710014011,220710014011,"Block Group 1, Census Tract 14.01, Orleans Parish, Louisiana",229,116,0,12,229,116,0,12,0,12,0,12,0,12,0,12,0,12,0,12
1500000US220710014012,220710014012,"Block Group 2, Census Tract 14.01, Orleans Parish, Louisiana",210,111,2,2,208,111,0,12,0,12,0,12,0,12,0,12,0,12,0,12
1500000US220710014013,220710014013,"Block Group 3, Census Tract 14.01, Orleans Parish, Louisiana",308,86,0,12,308,86,0,12,0,12,0,12,0,12,0,12,0,12,0,12
1500000US220710014014,220710014014,"Block Group 4, Census Tract 14.01, Orleans Parish, Louisiana",244,131,9,14,230,130,0,12,0,12,0,12,5,8,0,12,0,12,0,12
1500000US220710014015,220710014015,"Block Group 5, Census Tract 14.01, Orleans Parish, Louisiana",73,84,0,12,22,19,0,12,0,12,0,12,51,82,0,12,0,12,0,12
1500000US220710014016,220710014016,"Block Group 6, Census Tract 14.01, Orleans Parish, Louisiana",82,49,0,12,82,49,0,12,0,12,0,12,0,12,0,12,0,12,0,12
1500000US220710014021,220710014021,"Block Group 1, Census Tract 14.02, Orleans Parish, Louisiana",538,213,66,51,394,187,0,12,0,12,0,12,0,12,78,109,0,12,78,109
1500000US220710014022,220710014022,"Block Group 2, Census Tract 14.02, Orleans Parish, Louisiana",226,107,77,91,149,68,0,12,0,12,0,12,0,12,0,12,0,12,0,12
1500000US220710014023,220710014023,"Block Group 3, Census Tract 14.02, Orleans Parish, Louisiana",347,168,7,10,322,166,0,12,0,12,0,12,0,12,18,19,0,12,18,19
1500000US220710014024,220710014024,"Block Group 4, Census Tract 14.02, Orleans Parish, Louisiana",606,164,2,3,604,163,0,12,0,12,0,12,0,12,0,12,0,12,0,12
1500000US220710015001,220710015001,"Block Group 1, Census Tract 15, Orleans Parish, Louisiana",538,198,62,87,459,216,0,12,0,12,0,12,10,14,7,10,0,12,7,10
1500000US220710015002,220710015002,"Block Group 2, Census Tract 15, Orleans Parish, Louisiana",315,137,65,53,250,125,0,12,0,12,0,12,0,12,0,12,0,12,0,12
1500000US220710016001,220710016001,"Block Group 1, Census Tract 16, Orleans Parish, Louisiana",0,12,0,12,0,12,0,12,0,12,0,12,0,12,0,12,0,12,0,12
1500000US220710017011,220710017011,"Block Group 1, Census Tract 17.01, Orleans Parish, Louisiana",654,156,2,4,645,156,0,12,0,12,0,12,0,12,7,10,7,10,0,12
1500000US220710017012,220710017012,"Block Group 2, Census Tract 17.01, Orleans Parish, Louisiana",451,180,0,12,448,181,0,12,0,12,0,12,0,12,3,6,3,6,0,12
1500000US220710017013,220710017013,"Block Group 3, Census Tract 17.01, Orleans Parish, Louisiana",505,145,6,11,499,144,0,12,0,12,0,12,0,12,0,12,0,12,0,12
1500000US220710017021,220710017021,"Block Group 1, Census Tract 17.02, Orleans Parish, Louisiana",813,292,0,12,813,292,0,12,0,12,0,12,0,12,0,12,0,12,0,12
1500000US220710017022,220710017022,"Block Group 2, Census Tract 17.02, Orleans Parish, Louisiana",784,290,12,17,772,288,0,12,0,12,0,12,0,12,0,12,0,12,0,12
1500000US220710017023,220710017023,"Block Group 3, Census Tract 17.02, Orleans Parish, Louisiana",437,183,124,92,313,142,0,12,0,12,0,12,0,12,0,12,0,12,0,12
1500000US220710017024,220710017024,"Block Group 4, Census Tract 17.02, Orleans Parish, Louisiana",527,204,356,191,108,70,0,12,63,59,0,12,0,12,0,12,0,12,0,12
1500000US220710017201,220710017201,"Block Group 1, Census Tract 17.20, Orleans Parish, Louisiana",735,294,0,12,655,281,0,12,9,14,0,12,13,19,58,68,0,12,58,68
1500000US220710017202,220710017202,"Block Group 2, Census Tract 17.20, Orleans Parish, Louisiana",659,214,0,12,659,214,0,12,0,12,0,12,0,12,0,12,0,12,0,12
1500000US220710017203,220710017203,"Block Group 3, Census Tract 17.20, Orleans Parish, Louisiana",855,268,12,20,843,271,0,12,0,12,0,12,0,12,0,12,0,12,0,12
1500000US220710017204,220710017204,"Block Group 4, Census Tract 17.20, Orleans Parish, Louisiana",933,343,20,31,902,345,0,12,11,17,0,12,0,12,0,12,0,12,0,12
1500000US220710017221,220710017221,"Block Group 1, Census Tract 17.22, Orleans Parish, Louisiana",376,182,0,12,376,182,0,12,0,12,0,12,0,12,0,12,0,12,0,12
1500000US220710017222,220710017222,"Block Group 2, Census Tract 17.22, Orleans Parish, Louisiana",625,272,35,53,543,239,0,12,0,12,22,35,0,12,25,38,0,12,25,38
1500000US220710017223,220710017223,"Block Group 3, Census Tract 17.22, Orleans Parish, Louisiana",1090,405,0,12,1067,413,0,12,0,12,0,12,23,34,0,12,0,12,0,12
1500000US220710017224,220710017224,"Block Group 4, Census Tract 17.22, Orleans Parish, Louisiana",423,186,0,12,293,124,0,12,0,12,0,12,130,205,0,12,0,12,0,12
1500000US220710017225,220710017225,"Block Group 5, Census Tract 17.22, Orleans Parish, Louisiana",973,342,65,39,895,339,0,12,0,12,0,12,5,8,8,12,0,12,8,12
1500000US220710017226,220710017226,"Block Group 6, Census Tract 17.22, Orleans Parish, Louisiana",213,100,0,12,213,100,0,12,0,12,0,12,0,12,0,12,0,12,0,12
1500000US220710017227,220710017227,"Block Group 7, Census Tract 17.22, Orleans Parish, Louisiana",181,105,0,12,181,105,0,12,0,12,0,12,0,12,0,12,0,12,0,12
1500000US220710017231,220710017231,"Block Group 1, Census Tract 17.23, Orleans Parish, Louisiana",916,373,29,33,752,303,0,12,0,12,0,12,0,12,135,187,0,12,135,187
1500000US220710017232,220710017232,"Block Group 2, Census Tract 17.23, Orleans Parish, Louisiana",1585,354,76,61,1473,350,0,12,0,12,0,12,16,25,20,22,0,12,20,22
1500000US220710017233,220710017233,"Block Group 3, Census Tract 17.23, Orleans Parish, Louisiana",1071,405,55,52,1016,413,0,12,0,12,0,12,0,12,0,12,0,12,0,12
1500000US220710017234,220710017234,"Block Group 4, Census Tract 17.23, Orleans Parish, Louisiana",1473,333,85,89,1388,339,0,12,0,12,0,12,0,12,0,12,0,12,0,12
1500000US220710017241,220710017241,"Block Group 1, Census Tract 17.24, Orleans Parish, Louisiana",523,205,147,100,376,189,0,12,0,12,0,12,0,12,0,12,0,12,0,12
1500000US220710017242,220710017242,"Block Group 2, Census Tract 17.24, Orleans Parish, Louisiana",1147,335,78,73,1012,321,0,12,57,87,0,12,0,12,0,12,0,12,0,12
1500000US220710017243,220710017243,"Block Group 3, Census Tract 17.24, Orleans Parish, Louisiana",1289,407,15,19,1152,402,0,12,90,133,0,12,0,12,32,36,32,36,0,12
1500000US220710017244,220710017244,"Block Group 4, Census Tract 17.24, Orleans Parish, Louisiana",1317,498,62,58,1206,479,0,12,0,12,0,12,49,79,0,12,0,12,0,12
1500000US220710017251,220710017251,"Block Group 1, Census Tract 17.25, Orleans Parish, Louisiana",1341,501,14,23,1181,477,0,12,0,12,0,12,97,148,49,60,12,21,37,57
1500000US220710017252,220710017252,"Block Group 2, Census Tract 17.25, Orleans Parish, Louisiana",1312,610,66,66,1246,611,0,12,0,12,0,12,0,12,0,12,0,12,0,12
1500000US220710017253,220710017253,"Block Group 3, Census Tract 17.25, Orleans Parish, Louisiana",2114,474,11,13,2103,474,0,12,0,12,0,12,0,12,0,12,0,12,0,12
1500000US220710017254,220710017254,"Block Group 4, Census Tract 17.25, Orleans Parish, Louisiana",1737,594,47,86,1537,537,0,12,0,12,0,12,153,258,0,12,0,12,0,12
1500000US220710017301,220710017301,"Block Group 1, Census Tract 17.30, Orleans Parish, Louisiana",773,152,25,33,735,145,0,12,0,12,0,12,0,12,13,21,0,12,13,21
1500000US220710017341,220710017341,"Block Group 1, Census Tract 17.34, Orleans Parish, Louisiana",677,218,554,199,0,12,8,12,52,45,0,12,13,21,50,42,0,12,50,42
1500000US220710017351,220710017351,"Block Group 1, Census Tract 17.35, Orleans Parish, Louisiana",1128,242,2,4,1116,241,0,12,0,12,0,12,0,12,10,17,10,17,0,12
1500000US220710017352,220710017352,"Block Group 2, Census Tract 17.35, Orleans Parish, Louisiana",768,203,57,91,711,203,0,12,0,12,0,12,0,12,0,12,0,12,0,12
1500000US220710017361,220710017361,"Block Group 1, Census Tract 17.36, Orleans Parish, Louisiana",444,238,6,13,427,240,0,12,0,12,0,12,11,20,0,12,0,12,0,12
1500000US220710017362,220710017362,"Block Group 2, Census Tract 17.36, Orleans Parish, Louisiana",1181,310,81,103,1086,274,0,12,14,22,0,12,0,12,0,12,0,12,0,12
1500000US220710017371,220710017371,"Block Group 1, Census Tract 17.37, Orleans Parish, Louisiana",1479,347,51,68,1423,339,0,12,5,8,0,12,0,12,0,12,0,12,0,12
1500000US220710017372,220710017372,"Block Group 2, Census Tract 17.37, Orleans Parish, Louisiana",749,270,39,39,710,273,0,12,0,12,0,12,0,12,0,12,0,12,0,12
1500000US220710017373,220710017373,"Block Group 3, Census Tract 17.37, Orleans Parish, Louisiana",600,163,95,50,496,163,9,13,0,12,0,12,0,12,0,12,0,12,0,12
1500000US220710017391,220710017391,"Block Group 1, Census Tract 17.39, Orleans Parish, Louisiana",951,184,12,19,939,184,0,12,0,12,0,12,0,12,0,12,0,12,0,12
1500000US220710017392,220710017392,"Block Group 2, Census Tract 17.39, Orleans Parish, Louisiana",605,204,0,12,605,204,0,12,0,12,0,12,0,12,0,12,0,12,0,12
1500000US220710017401,220710017401,"Block Group 1, Census Tract 17.40, Orleans Parish, Louisiana",1544,381,5,10,1374,351,0,12,0,12,0,12,149,226,16,28,0,12,16,28
1500000US220710017402,220710017402,"Block Group 2, Census Tract 17.40, Orleans Parish, Louisiana",1409,297,0,12,1349,300,0,12,24,32,0,12,34,36,2,25,2,25,0,12
1500000US220710017403,220710017403,"Block Group 3, Census Tract 17.40, Orleans Parish, Louisiana",1568,408,58,54,1396,344,0,12,0,12,0,12,0,12,114,158,0,12,114,158
1500000US220710017411,220710017411,"Block Group 1, Census Tract 17.41, Orleans Parish, Louisiana",1489,142,49,44,875,133,0,12,546,124,0,12,0,12,19,27,0,12,19,27
1500000US220710017431,220710017431,"Block Group 1, Census Tract 17.43, Orleans Parish, Louisiana",1119,270,20,33,1084,279,0,12,0,12,0,12,0,12,15,22,0,12,15,22
1500000US220710017432,220710017432,"Block Group 2, Census Tract 17.43, Orleans Parish, Louisiana",949,347,21,28,916,342,0,12,0,12,0,12,12,25,0,12,0,12,0,12
1500000US220710017441,220710017441,"Block Group 1, Census Tract 17.44, Orleans Parish, Louisiana",903,286,29,48,841,278,0,12,0,12,0,12,0,12,33,44,22,42,11,19
1500000US220710017442,220710017442,"Block Group 2, Census Tract 17.44, Orleans Parish, Louisiana",1712,491,0,12,1712,491,0,12,0,12,0,12,0,12,0,12,0,12,0,12
1500000US220710017443,220710017443,"Block Group 3, Census Tract 17.44, Orleans Parish, Louisiana",972,352,50,55,922,356,0,12,0,12,0,12,0,12,0,12,0,12,0,12
1500000US220710017451,220710017451,"Block Group 1, Census Tract 17.45, Orleans Parish, Louisiana",2325,544,160,103,1978,518,5,11,0,12,0,12,153,189,29,52,29,52,0,12
1500000US220710017452,220710017452,"Block Group 2, Census Tract 17.45, Orleans Parish, Louisiana",1448,500,10,13,1426,500,0,12,2,6,0,12,0,12,10,17,0,12,10,17
1500000US220710017461,220710017461,"Block Group 1, Census Tract 17.46, Orleans Parish, Louisiana",1182,340,28,37,1146,345,0,12,0,12,0,12,0,12,8,14,0,12,8,14
1500000US220710017462,220710017462,"Block Group 2, Census Tract 17.46, Orleans Parish, Louisiana",1428,376,12,19,1410,378,0,12,0,12,0,12,0,12,6,11,0,12,6,11
1500000US220710017463,220710017463,"Block Group 3, Census Tract 17.46, Orleans Parish, Louisiana",1360,425,47,42,1313,429,0,12,0,12,0,12,0,12,0,12,0,12,0,12
1500000US220710017471,220710017471,"Block Group 1, Census Tract 17.47, Orleans Parish, Louisiana",2373,414,5,10,1645,398,0,12,723,224,0,12,0,12,0,12,0,12,0,12
1500000US220710017472,220710017472,"Block Group 2, Census Tract 17.47, Orleans Parish, Louisiana",1222,299,10,16,1124,293,0,12,66,103,0,12,22,36,0,12,0,12,0,12
1500000US220710017481,220710017481,"Block Group 1, Census Tract 17.48, Orleans Parish, Louisiana",1048,309,82,103,862,282,0,12,104,108,0,12,0,12,0,12,0,12,0,12
1500000US220710017482,220710017482,"Block Group 2, Census Tract 17.48, Orleans Parish, Louisiana",1391,423,0,12,1264,407,0,12,127,139,0,12,0,12,0,12,0,12,0,12
1500000US220710017483,220710017483,"Block Group 3, Census Tract 17.48, Orleans Parish, Louisiana",1310,471,67,57,1241,471,0,12,0,12,0,12,2,6,0,12,0,12,0,12
1500000US220710017484,220710017484,"Block Group 4, Census Tract 17.48, Orleans Parish, Louisiana",781,386,25,41,716,380,0,12,40,90,0,12,0,12,0,12,0,12,0,12
1500000US220710017491,220710017491,"Block Group 1, Census Tract 17.49, Orleans Parish, Louisiana",1211,272,13,17,648,233,0,12,536,209,0,12,14,23,0,12,0,12,0,12
1500000US220710017492,220710017492,"Block Group 2, Census Tract 17.49, Orleans Parish, Louisiana",1868,416,137,120,371,173,14,23,1087,303,162,240,84,93,13,20,0,12,13,20
1500000US220710017501,220710017501,"Block Group 1, Census Tract 17.50, Orleans Parish, Louisiana",996,297,30,37,174,88,0,12,778,324,0,12,14,24,0,12,0,12,0,12
1500000US220710017502,220710017502,"Block Group 2, Census Tract 17.50, Orleans Parish, Louisiana",658,264,211,196,285,199,0,12,83,79,0,12,36,42,43,53,34,51,9,14
1500000US220710017503,220710017503,"Block Group 3, Census Tract 17.50, Orleans Parish, Louisiana",1789,550,273,230,395,341,221,250,862,289,0,12,25,42,13,21,7,11,6,9
1500000US220710017511,220710017511,"Block Group 1, Census Tract 17.51, Orleans Parish, Louisiana",678,176,142,77,465,189,6,10,0,12,0,12,65,63,0,12,0,12,0,12
1500000US220710018001,220710018001,"Block Group 1, Census Tract 18, Orleans Parish, Louisiana",847,216,723,195,72,57,0,12,1,3,0,12,45,68,6,9,6,9,0,12
1500000US220710018002,220710018002,"Block Group 2, Census Tract 18, Orleans Parish, Louisiana",595,133,555,136,0,12,18,29,0,12,0,12,0,12,22,30,0,12,22,30
1500000US220710019001,220710019001,"Block Group 1, Census Tract 19, Orleans Parish, Louisiana",308,107,71,53,237,114,0,12,0,12,0,12,0,12,0,12,0,12,0,12
1500000US220710019002,220710019002,"Block Group 2, Census Tract 19, Orleans Parish, Louisiana",400,142,95,68,305,136,0,12,0,12,0,12,0,12,0,12,0,12,0,12
1500000US220710019003,220710019003,"Block Group 3, Census Tract 19, Orleans Parish, Louisiana",603,204,208,133,363,173,0,12,0,12,0,12,25,41,7,11,0,12,7,11
1500000US220710020001,220710020001,"Block Group 1, Census Tract 20, Orleans Parish, Louisiana",399,151,60,67,321,132,0,12,0,12,0,12,0,12,18,29,0,12,18,29
1500000US220710020002,220710020002,"Block Group 2, Census Tract 20, Orleans Parish, Louisiana",432,180,72,65,342,166,0,12,0,12,0,12,0,12,18,21,0,12,18,21
1500000US220710020003,220710020003,"Block Group 3, Census Tract 20, Orleans Parish, Louisiana",195,90,15,14,180,89,0,12,0,12,0,12,0,12,0,12,0,12,0,12
1500000US220710021001,220710021001,"Block Group 1, Census Tract 21, Orleans Parish, Louisiana",388,164,3,4,373,162,0,12,0,12,0,12,0,12,12,18,0,12,12,18
1500000US220710021002,220710021002,"Block Group 2, Census Tract 21, Orleans Parish, Louisiana",311,125,24,34,287,127,0,12,0,12,0,12,0,12,0,12,0,12,0,12
1500000US220710022001,220710022001,"Block Group 1, Census Tract 22, Orleans Parish, Louisiana",230,80,14,27,216,80,0,12,0,12,0,12,0,12,0,12,0,12,0,12
1500000US220710022002,220710022002,"Block Group 2, Census Tract 22, Orleans Parish, Louisiana",342,129,9,15,333,132,0,12,0,12,0,12,0,12,0,12,0,12,0,12
1500000US220710022003,220710022003,"Block Group 3, Census Tract 22, Orleans Parish, Louisiana",185,81,5,7,180,80,0,12,0,12,0,12,0,12,0,12,0,12,0,12
1500000US220710023001,220710023001,"Block Group 1, Census Tract 23, Orleans Parish, Louisiana",124,75,0,12,124,75,0,12,0,12,0,12,0,12,0,12,0,12,0,12
1500000US220710023002,220710023002,"Block Group 2, Census Tract 23, Orleans Parish, Louisiana",244,146,80,116,139,78,0,12,0,12,0,12,0,12,25,33,0,12,25,33
1500000US220710023003,220710023003,"Block Group 3, Census Tract 23, Orleans Parish, Louisiana",120,83,0,12,120,83,0,12,0,12,0,12,0,12,0,12,0,12,0,12
1500000US220710023004,220710023004,"Block Group 4, Census Tract 23, Orleans Parish, Louisiana",165,78,0,12,165,78,0,12,0,12,0,12,0,12,0,12,0,12,0,12
1500000US220710023005,220710023005,"Block Group 5, Census Tract 23, Orleans Parish, Louisiana",1029,256,42,33,984,256,0,12,0,12,0,12,0,12,3,6,0,12,3,6
1500000US220710024011,220710024011,"Block Group 1, Census Tract 24.01, Orleans Parish, Louisiana",849,179,115,74,661,163,10,15,0,12,0,12,29,43,34,36,0,12,34,36
1500000US220710024012,220710024012,"Block Group 2, Census Tract 24.01, Orleans Parish, Louisiana",923,301,40,37,852,299,0,12,0,12,0,12,0,12,31,48,0,12,31,48
1500000US220710024021,220710024021,"Block Group 1, Census Tract 24.02, Orleans Parish, Louisiana",337,195,29,35,308,188,0,12,0,12,0,12,0,12,0,12,0,12,0,12
1500000US220710024022,220710024022,"Block Group 2, Census Tract 24.02, Orleans Parish, Louisiana",622,243,0,12,622,243,0,12,0,12,0,12,0,12,0,12,0,12,0,12
1500000US220710024023,220710024023,"Block Group 3, Census Tract 24.02, Orleans Parish, Louisiana",633,274,26,22,607,275,0,12,0,12,0,12,0,12,0,12,0,12,0,12
1500000US220710024024,220710024024,"Block Group 4, Census Tract 24.02, Orleans Parish, Louisiana",1197,218,279,187,895,247,0,12,0,12,0,12,0,12,23,40,0,12,23,40
1500000US220710025011,220710025011,"Block Group 1, Census Tract 25.01, Orleans Parish, Louisiana",457,195,163,103,286,173,0,12,0,12,0,12,0,12,8,11,8,11,0,12
1500000US220710025012,220710025012,"Block Group 2, Census Tract 25.01, Orleans Parish, Louisiana",461,193,49,40,387,184,0,12,0,12,0,12,0,12,25,40,0,12,25,40
1500000US220710025013,220710025013,"Block Group 3, Census Tract 25.01, Orleans Parish, Louisiana",305,148,61,58,244,143,0,12,0,12,0,12,0,12,0,12,0,12,0,12
1500000US220710025014,220710025014,"Block Group 4, Census Tract 25.01, Orleans Parish, Louisiana",437,222,41,52,396,212,0,12,0,12,0,12,0,12,0,12,0,12,0,12
1500000US220710025021,220710025021,"Block Group 1, Census Tract 25.02, Orleans Parish, Louisiana",853,254,6,8,832,252,0,12,0,12,0,12,0,12,15,15,0,12,15,15
1500000US220710025022,220710025022,"Block Group 2, Census Tract 25.02, Orleans Parish, Louisiana",261,110,58,53,203,95,0,12,0,12,0,12,0,12,0,12,0,12,0,12
1500000US220710025023,220710025023,"Block Group 3, Census Tract 25.02, Orleans Parish, Louisiana",598,273,10,16,588,274,0,12,0,12,0,12,0,12,0,12,0,12,0,12
1500000US220710025024,220710025024,"Block Group 4, Census Tract 25.02, Orleans Parish, Louisiana",292,118,0,12,286,117,0,12,0,12,0,12,0,12,6,11,0,12,6,11
1500000US220710025031,220710025031,"Block Group 1, Census Tract 25.03, Orleans Parish, Louisiana",498,242,68,58,422,240,0,12,0,12,0,12,0,12,8,18,0,12,8,18
1500000US220710025032,220710025032,"Block Group 2, Census Tract 25.03, Orleans Parish, Louisiana",887,285,202,98,685,306,0,12,0,12,0,12,0,12,0,12,0,12,0,12
1500000US220710025033,220710025033,"Block Group 3, Census Tract 25.03, Orleans Parish, Louisiana",775,207,350,119,410,140,0,12,0,12,0,12,15,23,0,12,0,12,0,12
1500000US220710025041,220710025041,"Block Group 1, Census Tract 25.04, Orleans Parish, Louisiana",667,222,69,47,581,225,0,12,0,12,0,12,0,12,17,25,0,12,17,25
1500000US220710025042,220710025042,"Block Group 2, Census Tract 25.04, Orleans Parish, Louisiana",654,197,183,58,452,191,9,17,0,12,0,12,0,12,10,11,0,12,10,11
1500000US220710025043,220710025043,"Block Group 3, Census Tract 25.04, Orleans Parish, Louisiana",440,141,192,68,227,147,0,12,7,12,0,12,8,12,6,9,6,9,0,12
1500000US220710025044,220710025044,"Block Group 4, Census Tract 25.04, Orleans Parish, Louisiana",446,163,102,79,293,148,0,12,0,12,0,12,0,12,51,59,0,12,51,59
1500000US220710026001,220710026001,"Block Group 1, Census Tract 26, Orleans Parish, Louisiana",583,160,511,139,42,38,0,12,30,45,0,12,0,12,0,12,0,12,0,12
1500000US220710026002,220710026002,"Block Group 2, Census Tract 26, Orleans Parish, Louisiana",690,148,537,127,105,83,0,12,48,56,0,12,0,12,0,12,0,12,0,12
1500000US220710027001,220710027001,"Block Group 1, Census Tract 27, Orleans Parish, Louisiana",498,271,0,12,485,269,0,12,0,12,0,12,13,21,0,12,0,12,0,12
1500000US220710027002,220710027002,"Block Group 2, Census Tract 27, Orleans Parish, Louisiana",624,188,220,121,398,148,0,12,0,12,0,12,0,12,6,16,0,12,6,16
1500000US220710027003,220710027003,"Block Group 3, Census Tract 27, Orleans Parish, Louisiana",547,297,62,48,415,278,0,12,27,38,0,12,43,59,0,12,0,12,0,12
1500000US220710028001,220710028001,"Block Group 1, Census Tract 28, Orleans Parish, Louisiana",334,126,0,12,334,126,0,12,0,12,0,12,0,12,0,12,0,12,0,12
1500000US220710028002,220710028002,"Block Group 2, Census Tract 28, Orleans Parish, Louisiana",851,229,0,12,842,230,0,12,9,13,0,12,0,12,0,12,0,12,0,12
1500000US220710028003,220710028003,"Block Group 3, Census Tract 28, Orleans Parish, Louisiana",429,176,7,12,420,177,1,2,1,2,0,12,0,12,0,12,0,12,0,12
1500000US220710029001,220710029001,"Block Group 1, Census Tract 29, Orleans Parish, Louisiana",476,240,0,12,476,240,0,12,0,12,0,12,0,12,0,12,0,12,0,12
1500000US220710029002,220710029002,"Block Group 2, Census Tract 29, Orleans Parish, Louisiana",248,145,0,12,248,145,0,12,0,12,0,12,0,12,0,12,0,12,0,12
1500000US220710029003,220710029003,"Block Group 3, Census Tract 29, Orleans Parish, Louisiana",684,242,85,98,599,241,0,12,0,12,0,12,0,12,0,12,0,12,0,12
1500000US220710030001,220710030001,"Block Group 1, Census Tract 30, Orleans Parish, Louisiana",526,153,36,44,469,147,0,12,0,12,0,12,0,12,21,24,0,12,21,24
1500000US220710030002,220710030002,"Block Group 2, Census Tract 30, Orleans Parish, Louisiana",715,213,5,8,701,212,9,15,0,12,0,12,0,12,0,12,0,12,0,12
1500000US220710031001,220710031001,"Block Group 1, Census Tract 31, Orleans Parish, Louisiana",233,104,0,12,224,106,0,12,0,12,0,12,9,12,0,12,0,12,0,12
1500000US220710031002,220710031002,"Block Group 2, Census Tract 31, Orleans Parish, Louisiana",743,272,23,31,618,270,0,12,0,12,0,12,7,7,95,135,13,17,82,135
1500000US220710033011,220710033011,"Block Group 1, Census Tract 33.01, Orleans Parish, Louisiana",781,171,511,138,221,98,0,12,49,54,0,12,0,12,0,12,0,12,0,12
1500000US220710033012,220710033012,"Block Group 2, Census Tract 33.01, Orleans Parish, Louisiana",887,369,216,116,584,359,0,12,0,12,0,12,87,140,0,12,0,12,0,12
1500000US220710033013,220710033013,"Block Group 3, Census Tract 33.01, Orleans Parish, Louisiana",254,104,127,72,127,83,0,12,0,12,0,12,0,12,0,12,0,12,0,12
1500000US220710033021,220710033021,"Block Group 1, Census Tract 33.02, Orleans Parish, Louisiana",415,182,19,20,396,182,0,12,0,12,0,12,0,12,0,12,0,12,0,12
1500000US220710033022,220710033022,"Block Group 2, Census Tract 33.02, Orleans Parish, Louisiana",1417,466,11,13,1313,455,0,12,87,131,0,12,0,12,6,9,0,12,6,9
1500000US220710033023,220710033023,"Block Group 3, Census Tract 33.02, Orleans Parish, Louisiana",1121,291,84,56,984,274,15,32,24,38,0,12,4,6,10,16,0,12,10,16
1500000US220710033024,220710033024,"Block Group 4, Census Tract 33.02, Orleans Parish, Louisiana",491,182,99,76,341,155,0,12,23,33,0,12,17,29,11,17,0,12,11,17
1500000US220710033031,220710033031,"Block Group 1, Census Tract 33.03, Orleans Parish, Louisiana",623,183,177,85,416,200,13,15,11,15,0,12,6,9,0,12,0,12,0,12
1500000US220710033032,220710033032,"Block Group 2, Census Tract 33.03, Orleans Parish, Louisiana",572,187,125,71,425,165,0,12,15,23,0,12,0,12,7,12,0,12,7,12
1500000US220710033033,220710033033,"Block Group 3, Census Tract 33.03, Orleans Parish, Louisiana",699,340,90,49,551,332,0,12,0,12,0,12,34,53,24,25,0,12,24,25
1500000US220710033041,220710033041,"Block Group 1, Census Tract 33.04, Orleans Parish, Louisiana",741,166,109,70,632,161,0,12,0,12,0,12,0,12,0,12,0,12,0,12
1500000US220710033042,220710033042,"Block Group 2, Census Tract 33.04, Orleans Parish, Louisiana",727,216,65,45,654,211,4,7,0,12,0,12,0,12,4,7,0,12,4,7
1500000US220710033071,220710033071,"Block Group 1, Census Tract 33.07, Orleans Parish, Louisiana",858,261,6,8,805,259,0,12,0,12,0,12,47,77,0,12,0,12,0,12
1500000US220710033072,220710033072,"Block Group 2, Census Tract 33.07, Orleans Parish, Louisiana",479,156,5,7,474,156,0,12,0,12,0,12,0,12,0,12,0,12,0,12
1500000US220710033081,220710033081,"Block Group 1, Census Tract 33.08, Orleans Parish, Louisiana",537,357,24,34,397,352,0,12,0,12,0,12,57,59,59,62,0,12,59,62
1500000US220710033082,220710033082,"Block Group 2, Census Tract 33.08, Orleans Parish, Louisiana",711,259,32,32,660,252,0,12,9,18,0,12,0,12,10,15,0,12,10,15
1500000US220710033083,220710033083,"Block Group 3, Census Tract 33.08, Orleans Parish, Louisiana",950,243,5,11,934,245,0,12,0,12,0,12,0,12,11,18,0,12,11,18
1500000US220710033084,220710033084,"Block Group 4, Census Tract 33.08, Orleans Parish, Louisiana",526,276,14,24,376,196,0,12,0,12,0,12,127,195,9,14,0,12,9,14
1500000US220710033085,220710033085,"Block Group 5, Census Tract 33.08, Orleans Parish, Louisiana",432,237,0,12,415,240,0,12,0,12,0,12,8,15,9,19,9,19,0,12
1500000US220710033086,220710033086,"Block Group 6, Census Tract 33.08, Orleans Parish, Louisiana",395,155,112,57,194,174,0,12,11,21,0,12,57,95,21,42,0,12,21,42
1500000US220710034001,220710034001,"Block Group 1, Census Tract 34, Orleans Parish, Louisiana",601,192,147,65,440,182,0,12,0,12,14,23,0,12,0,12,0,12,0,12
1500000US220710034002,220710034002,"Block Group 2, Census Tract 34, Orleans Parish, Louisiana",570,152,163,68,376,151,0,12,0,12,0,12,4,10,27,25,0,12,27,25
1500000US220710035001,220710035001,"Block Group 1, Census Tract 35, Orleans Parish, Louisiana",422,110,4,5,411,111,0,12,0,12,0,12,0,12,7,11,7,11,0,12
1500000US220710035002,220710035002,"Block Group 2, Census Tract 35, Orleans Parish, Louisiana",334,137,14,18,318,136,2,6,0,12,0,12,0,12,0,12,0,12,0,12
1500000US220710035003,220710035003,"Block Group 3, Census Tract 35, Orleans Parish, Louisiana",446,157,113,63,326,154,0,12,0,12,0,12,0,12,7,11,0,12,7,11
1500000US220710036001,220710036001,"Block Group 1, Census Tract 36, Orleans Parish, Louisiana",547,147,5,7,515,155,0,12,0,12,0,12,0,12,27,35,21,32,6,12
1500000US220710036002,220710036002,"Block Group 2, Census Tract 36, Orleans Parish, Louisiana",847,221,108,78,671,214,0,12,0,12,0,12,68,98,0,12,0,12,0,12
1500000US220710036003,220710036003,"Block Group 3, Census Tract 36, Orleans Parish, Louisiana",592,289,96,79,485,290,0,12,0,12,0,12,0,12,11,17,0,12,11,17
1500000US220710037011,220710037011,"Block Group 1, Census Tract 37.01, Orleans Parish, Louisiana",1357,331,551,166,752,309,4,8,41,45,0,12,0,12,9,14,0,12,9,14
1500000US220710037012,220710037012,"Block Group 2, Census Tract 37.01, Orleans Parish, Louisiana",968,445,88,62,880,442,0,12,0,12,0,12,0,12,0,12,0,12,0,12
1500000US220710037021,220710037021,"Block Group 1, Census Tract 37.02, Orleans Parish, Louisiana",691,225,4,8,656,222,0,12,1,2,0,12,0,12,30,45,0,12,30,45
1500000US220710037022,220710037022,"Block Group 2, Census Tract 37.02, Orleans Parish, Louisiana",727,311,112,106,549,289,0,12,28,43,0,12,38,51,0,12,0,12,0,12
1500000US220710037023,220710037023,"Block Group 3, Census Tract 37.02, Orleans Parish, Louisiana",443,272,16,18,427,274,0,12,0,12,0,12,0,12,0,12,0,12,0,12
1500000US220710037024,220710037024,"Block Group 4, Census Tract 37.02, Orleans Parish, Louisiana",587,319,30,25,538,320,19,28,0,12,0,12,0,12,0,12,0,12,0,12
1500000US220710037025,220710037025,"Block Group 5, Census Tract 37.02, Orleans Parish, Louisiana",384,143,305,135,79,64,0,12,0,12,0,12,0,12,0,12,0,12,0,12
1500000US220710037026,220710037026,"Block Group 6, Census Tract 37.02, Orleans Parish, Louisiana",622,157,444,130,129,105,0,12,0,12,0,12,24,36,25,38,0,12,25,38
1500000US220710038001,220710038001,"Block Group 1, Census Tract 38, Orleans Parish, Louisiana",571,133,555,136,15,20,0,12,0,12,0,12,0,12,1,3,1,3,0,12
1500000US220710038002,220710038002,"Block Group 2, Census Tract 38, Orleans Parish, Louisiana",765,231,698,206,30,47,0,12,7,11,0,12,0,12,30,42,0,12,30,42
1500000US220710039001,220710039001,"Block Group 1, Census Tract 39, Orleans Parish, Louisiana",605,149,169,75,386,161,0,12,22,24,0,12,0,12,28,33,11,18,17,24
1500000US220710039002,220710039002,"Block Group 2, Census Tract 39, Orleans Parish, Louisiana",613,156,263,91,309,145,0,12,0,12,0,12,11,12,30,27,13,20,17,18
1500000US220710040001,220710040001,"Block Group 1, Census Tract 40, Orleans Parish, Louisiana",574,217,142,77,426,190,0,12,0,12,0,12,6,13,0,12,0,12,0,12
1500000US220710040002,220710040002,"Block Group 2, Census Tract 40, Orleans Parish, Louisiana",1098,288,245,191,824,233,5,10,0,12,0,12,24,29,0,12,0,12,0,12
1500000US220710041001,220710041001,"Block Group 1, Census Tract 41, Orleans Parish, Louisiana",780,132,684,136,82,65,0,12,9,12,0,12,0,12,5,8,0,12,5,8
1500000US220710041002,220710041002,"Block Group 2, Census Tract 41, Orleans Parish, Louisiana",791,177,628,189,109,73,7,13,0,12,0,12,36,64,11,19,0,12,11,19
1500000US220710044011,220710044011,"Block Group 1, Census Tract 44.01, Orleans Parish, Louisiana",222,97,10,16,206,97,0,12,0,12,0,12,6,9,0,12,0,12,0,12
1500000US220710044012,220710044012,"Block Group 2, Census Tract 44.01, Orleans Parish, Louisiana",616,344,23,25,593,346,0,12,0,12,0,12,0,12,0,12,0,12,0,12
1500000US220710044013,220710044013,"Block Group 3, Census Tract 44.01, Orleans Parish, Louisiana",424,197,39,38,385,197,0,12,0,12,0,12,0,12,0,12,0,12,0,12
1500000US220710044021,220710044021,"Block Group 1, Census Tract 44.02, Orleans Parish, Louisiana",64,5,0,12,64,5,0,12,0,12,0,12,0,12,0,12,0,12,0,12
1500000US220710044022,220710044022,"Block Group 2, Census Tract 44.02, Orleans Parish, Louisiana",0,12,0,12,0,12,0,12,0,12,0,12,0,12,0,12,0,12,0,12
1500000US220710045001,220710045001,"Block Group 1, Census Tract 45, Orleans Parish, Louisiana",530,267,51,36,469,271,0,12,0,12,0,12,0,12,10,16,0,12,10,16
1500000US220710045002,220710045002,"Block Group 2, Census Tract 45, Orleans Parish, Louisiana",841,261,159,75,676,249,0,12,0,12,0,12,6,10,0,12,0,12,0,12
1500000US220710045003,220710045003,"Block Group 3, Census Tract 45, Orleans Parish, Louisiana",722,159,312,87,309,124,0,12,42,48,0,12,47,45,12,14,0,12,12,14
1500000US220710046001,220710046001,"Block Group 1, Census Tract 46, Orleans Parish, Louisiana",564,157,459,142,84,79,0,12,0,12,0,12,21,32,0,12,0,12,0,12
1500000US220710046002,220710046002,"Block Group 2, Census Tract 46, Orleans Parish, Louisiana",1457,257,1366,256,55,38,0,12,0,12,0,12,0,12,36,32,14,21,22,26
1500000US220710046003,220710046003,"Block Group 3, Census Tract 46, Orleans Parish, Louisiana",869,220,758,231,60,59,26,38,0,12,0,12,0,12,25,28,14,21,11,19
1500000US220710048001,220710048001,"Block Group 1, Census Tract 48, Orleans Parish, Louisiana",1376,316,1,2,1292,318,0,12,1,2,0,12,0,12,82,80,0,12,82,80
1500000US220710049001,220710049001,"Block Group 1, Census Tract 49, Orleans Parish, Louisiana",674,243,164,170,478,197,32,45,0,12,0,12,0,12,0,12,0,12,0,12
1500000US220710049002,220710049002,"Block Group 2, Census Tract 49, Orleans Parish, Louisiana",621,292,30,28,527,286,0,12,0,12,0,12,64,71,0,12,0,12,0,12
1500000US220710049003,220710049003,"Block Group 3, Census Tract 49, Orleans Parish, Louisiana",42,46,0,12,42,46,0,12,0,12,0,12,0,12,0,12,0,12,0,12
1500000US220710049004,220710049004,"Block Group 4, Census Tract 49, Orleans Parish, Louisiana",308,210,42,42,266,209,0,12,0,12,0,12,0,12,0,12,0,12,0,12
1500000US220710050001,220710050001,"Block Group 1, Census Tract 50, Orleans Parish, Louisiana",536,146,266,97,163,86,6,8,0,12,0,12,96,121,5,10,0,12,5,10
1500000US220710050002,220710050002,"Block Group 2, Census Tract 50, Orleans Parish, Louisiana",1046,375,324,159,457,275,159,146,0,12,0,12,106,165,0,12,0,12,0,12
1500000US220710054001,220710054001,"Block Group 1, Census Tract 54, Orleans Parish, Louisiana",620,167,561,158,46,60,7,13,0,12,0,12,6,9,0,12,0,12,0,12
1500000US220710054002,220710054002,"Block Group 2, Census Tract 54, Orleans Parish, Louisiana",735,229,470,163,265,190,0,12,0,12,0,12,0,12,0,12,0,12,0,12
1500000US220710054003,220710054003,"Block Group 3, Census Tract 54, Orleans Parish, Louisiana",467,137,330,100,79,52,0,12,0,12,0,12,39,62,19,32,0,12,19,32
1500000US220710055001,220710055001,"Block Group 1, Census Tract 55, Orleans Parish, Louisiana",968,183,897,171,27,43,0,12,0,12,0,12,33,33,11,16,0,12,11,16
1500000US220710055002,220710055002,"Block Group 2, Census Tract 55, Orleans Parish, Louisiana",699,226,550,157,102,117,0,12,32,37,0,12,15,18,0,12,0,12,0,12
1500000US220710055003,220710055003,"Block Group 3, Census Tract 55, Orleans Parish, Louisiana",781,216,683,188,10,16,0,12,0,12,0,12,88,134,0,12,0,12,0,12
1500000US220710056011,220710056011,"Block Group 1, Census Tract 56.01, Orleans Parish, Louisiana",611,122,537,113,0,12,0,12,70,72,0,12,0,12,4,7,0,12,4,7
1500000US220710056012,220710056012,"Block Group 2, Census Tract 56.01, Orleans Parish, Louisiana",650,193,507,136,12,19,0,12,7,14,0,12,118,169,6,9,0,12,6,9
1500000US220710056013,220710056013,"Block Group 3, Census Tract 56.01, Orleans Parish, Louisiana",418,112,359,105,47,79,0,12,12,22,0,12,0,12,0,12,0,12,0,12
1500000US220710056014,220710056014,"Block Group 4, Census Tract 56.01, Orleans Parish, Louisiana",385,102,335,106,6,9,0,12,16,27,0,12,28,39,0,12,0,12,0,12
1500000US220710056021,220710056021,"Block Group 1, Census Tract 56.02, Orleans Parish, Louisiana",316,150,305,149,11,19,0,12,0,12,0,12,0,12,0,12,0,12,0,12
1500000US220710056022,220710056022,"Block Group 2, Census Tract 56.02, Orleans Parish, Louisiana",620,104,581,97,39,56,0,12,0,12,0,12,0,12,0,12,0,12,0,12
1500000US220710056023,220710056023,"Block Group 3, Census Tract 56.02, Orleans Parish, Louisiana",702,150,653,133,32,45,1,3,0,12,0,12,0,12,16,22,0,12,16,22
1500000US220710056024,220710056024,"Block Group 4, Census Tract 56.02, Orleans Parish, Louisiana",593,177,586,178,0,12,0,12,0,12,0,12,0,12,7,10,7,10,0,12
1500000US220710056031,220710056031,"Block Group 1, Census Tract 56.03, Orleans Parish, Louisiana",683,121,683,121,0,12,0,12,0,12,0,12,0,12,0,12,0,12,0,12
1500000US220710056032,220710056032,"Block Group 2, Census Tract 56.03, Orleans Parish, Louisiana",430,122,416,114,14,21,0,12,0,12,0,12,0,12,0,12,0,12,0,12
1500000US220710056033,220710056033,"Block Group 3, Census Tract 56.03, Orleans Parish, Louisiana",347,107,274,105,63,71,0,12,10,13,0,12,0,12,0,12,0,12,0,12
1500000US220710056041,220710056041,"Block Group 1, Census Tract 56.04, Orleans Parish, Louisiana",178,71,178,71,0,12,0,12,0,12,0,12,0,12,0,12,0,12,0,12
1500000US220710056042,220710056042,"Block Group 2, Census Tract 56.04, Orleans Parish, Louisiana",705,160,701,160,0,12,4,7,0,12,0,12,0,12,0,12,0,12,0,12
1500000US220710056043,220710056043,"Block Group 3, Census Tract 56.04, Orleans Parish, Louisiana",476,144,457,140,0,12,0,12,19,32,0,12,0,12,0,12,0,12,0,12
1500000US220710060001,220710060001,"Block Group 1, Census Tract 60, Orleans Parish, Louisiana",1601,308,244,119,1150,260,0,12,174,112,0,12,33,50,0,12,0,12,0,12
1500000US220710063001,220710063001,"Block Group 1, Census Tract 63, Orleans Parish, Louisiana",861,324,278,208,482,222,0,12,3,8,0,12,80,85,18,30,4,12,14,25
1500000US220710063002,220710063002,"Block Group 2, Census Tract 63, Orleans Parish, Louisiana",251,194,47,51,201,186,0,12,0,12,0,12,0,12,3,3,1,3,2,4
1500000US220710063003,220710063003,"Block Group 3, Census Tract 63, Orleans Parish, Louisiana",736,185,173,115,449,124,0,12,0,12,0,12,114,139,0,12,0,12,0,12
1500000US220710064001,220710064001,"Block Group 1, Census Tract 64, Orleans Parish, Louisiana",636,183,334,88,205,157,0,12,36,40,0,12,38,59,23,40,0,12,23,40
1500000US220710064002,220710064002,"Block Group 2, Census Tract 64, Orleans Parish, Louisiana",554,134,242,94,297,118,0,12,3,6,0,12,0,12,12,20,0,12,12,20
1500000US220710064003,220710064003,"Block Group 3, Census Tract 64, Orleans Parish, Louisiana",514,250,242,181,251,170,0,12,9,16,0,12,7,11,5,11,0,12,5,11
1500000US220710064004,220710064004,"Block Group 4, Census Tract 64, Orleans Parish, Louisiana",730,243,336,158,383,238,0,12,0,12,0,12,11,16,0,12,0,12,0,12
1500000US220710065001,220710065001,"Block Group 1, Census Tract 65, Orleans Parish, Louisiana",940,238,473,161,281,167,0,12,8,13,37,50,70,84,71,68,0,12,71,68
1500000US220710065002,220710065002,"Block Group 2, Census Tract 65, Orleans Parish, Louisiana",978,265,692,183,146,108,0,12,30,46,0,12,110,172,0,12,0,12,0,12
1500000US220710065003,220710065003,"Block Group 3, Census Tract 65, Orleans Parish, Louisiana",702,182,335,140,313,138,10,15,0,12,0,12,29,31,15,22,0,12,15,22
1500000US220710069001,220710069001,"Block Group 1, Census Tract 69, Orleans Parish, Louisiana",426,252,0,12,426,252,0,12,0,12,0,12,0,12,0,12,0,12,0,12
1500000US220710069002,220710069002,"Block Group 2, Census Tract 69, Orleans Parish, Louisiana",49,50,8,12,41,48,0,12,0,12,0,12,0,12,0,12,0,12,0,12
1500000US220710069003,220710069003,"Block Group 3, Census Tract 69, Orleans Parish, Louisiana",305,118,0,12,305,118,0,12,0,12,0,12,0,12,0,12,0,12,0,12
1500000US220710070001,220710070001,"Block Group 1, Census Tract 70, Orleans Parish, Louisiana",711,197,246,112,432,160,0,12,12,23,0,12,0,12,21,25,0,12,21,25
1500000US220710070002,220710070002,"Block Group 2, Census Tract 70, Orleans Parish, Louisiana",1203,391,161,111,992,401,0,12,29,40,0,12,0,12,21,31,14,28,7,14
1500000US220710071011,220710071011,"Block Group 1, Census Tract 71.01, Orleans Parish, Louisiana",834,201,107,56,690,184,0,12,10,18,0,12,16,20,11,19,0,12,11,19
1500000US220710071012,220710071012,"Block Group 2, Census Tract 71.01, Orleans Parish, Louisiana",1088,204,401,199,663,151,0,12,0,12,0,12,0,12,24,28,0,12,24,28
1500000US220710072001,220710072001,"Block Group 1, Census Tract 72, Orleans Parish, Louisiana",999,202,44,39,864,195,0,12,19,28,0,12,4,8,68,92,11,17,57,89
1500000US220710072002,220710072002,"Block Group 2, Census Tract 72, Orleans Parish, Louisiana",677,204,32,37,623,206,0,12,0,12,0,12,22,31,0,12,0,12,0,12
1500000US220710072003,220710072003,"Block Group 3, Census Tract 72, Orleans Parish, Louisiana",343,177,7,11,336,178,0,12,0,12,0,12,0,12,0,12,0,12,0,12
1500000US220710075011,220710075011,"Block Group 1, Census Tract 75.01, Orleans Parish, Louisiana",634,265,31,27,603,271,0,12,0,12,0,12,0,12,0,12,0,12,0,12
1500000US220710075012,220710075012,"Block Group 2, Census Tract 75.01, Orleans Parish, Louisiana",557,212,0,12,557,212,0,12,0,12,0,12,0,12,0,12,0,12,0,12
1500000US220710075013,220710075013,"Block Group 3, Census Tract 75.01, Orleans Parish, Louisiana",455,156,0,12,455,156,0,12,0,12,0,12,0,12,0,12,0,12,0,12
1500000US220710075014,220710075014,"Block Group 4, Census Tract 75.01, Orleans Parish, Louisiana",559,212,0,12,528,214,0,12,0,12,0,12,31,50,0,12,0,12,0,12
1500000US220710075015,220710075015,"Block Group 5, Census Tract 75.01, Orleans Parish, Louisiana",219,112,0,12,219,112,0,12,0,12,0,12,0,12,0,12,0,12,0,12
1500000US220710075021,220710075021,"Block Group 1, Census Tract 75.02, Orleans Parish, Louisiana",184,92,0,12,184,92,0,12,0,12,0,12,0,12,0,12,0,12,0,12
1500000US220710075022,220710075022,"Block Group 2, Census Tract 75.02, Orleans Parish, Louisiana",209,146,0,12,209,146,0,12,0,12,0,12,0,12,0,12,0,12,0,12
1500000US220710075023,220710075023,"Block Group 3, Census Tract 75.02, Orleans Parish, Louisiana",1046,347,0,12,987,331,0,12,59,89,0,12,0,12,0,12,0,12,0,12
1500000US220710075024,220710075024,"Block Group 4, Census Tract 75.02, Orleans Parish, Louisiana",260,128,0,12,260,128,0,12,0,12,0,12,0,12,0,12,0,12,0,12
1500000US220710075025,220710075025,"Block Group 5, Census Tract 75.02, Orleans Parish, Louisiana",797,329,0,12,797,329,0,12,0,12,0,12,0,12,0,12,0,12,0,12
1500000US220710076041,220710076041,"Block Group 1, Census Tract 76.04, Orleans Parish, Louisiana",915,145,863,144,22,33,0,12,30,47,0,12,0,12,0,12,0,12,0,12
1500000US220710076042,220710076042,"Block Group 2, Census Tract 76.04, Orleans Parish, Louisiana",810,172,764,171,30,44,0,12,0,12,0,12,0,12,16,26,0,12,16,26
1500000US220710076051,220710076051,"Block Group 1, Census Tract 76.05, Orleans Parish, Louisiana",580,169,11,12,569,170,0,12,0,12,0,12,0,12,0,12,0,12,0,12
1500000US220710076052,220710076052,"Block Group 2, Census Tract 76.05, Orleans Parish, Louisiana",786,199,138,103,641,171,0,12,0,12,0,12,0,12,7,10,0,12,7,10
1500000US220710076061,220710076061,"Block Group 1, Census Tract 76.06, Orleans Parish, Louisiana",1450,298,1024,224,184,216,0,12,103,132,0,12,42,47,97,95,14,22,83,79
1500000US220710076062,220710076062,"Block Group 2, Census Tract 76.06, Orleans Parish, Louisiana",938,224,804,214,34,52,0,12,11,17,0,12,0,12,89,110,78,108,11,18
1500000US220710076063,220710076063,"Block Group 3, Census Tract 76.06, Orleans Parish, Louisiana",1202,282,993,198,209,224,0,12,0,12,0,12,0,12,0,12,0,12,0,12
1500000US220710077001,220710077001,"Block Group 1, Census Tract 77, Orleans Parish, Louisiana",1220,206,964,201,215,114,0,12,0,12,0,12,13,18,28,30,4,9,24,30
1500000US220710077002,220710077002,"Block Group 2, Census Tract 77, Orleans Parish, Louisiana",1308,267,838,182,357,216,0,12,0,12,0,12,7,14,106,82,0,12,106,82
1500000US220710078001,220710078001,"Block Group 1, Census Tract 78, Orleans Parish, Louisiana",1409,314,1153,259,67,50,0,12,59,66,0,12,46,56,84,69,0,12,84,69
1500000US220710082001,220710082001,"Block Group 1, Census Tract 82, Orleans Parish, Louisiana",670,170,633,171,27,32,0,12,10,15,0,12,0,12,0,12,0,12,0,12
1500000US220710082002,220710082002,"Block Group 2, Census Tract 82, Orleans Parish, Louisiana",859,201,626,177,142,118,0,12,0,12,0,12,20,33,71,47,0,12,71,47
1500000US220710083001,220710083001,"Block Group 1, Census Tract 83, Orleans Parish, Louisiana",651,171,598,171,17,28,0,12,31,36,0,12,0,12,5,9,0,12,5,9
1500000US220710083002,220710083002,"Block Group 2, Census Tract 83, Orleans Parish, Louisiana",598,172,372,165,218,107,0,12,0,12,0,12,8,14,0,12,0,12,0,12
1500000US220710084001,220710084001,"Block Group 1, Census Tract 84, Orleans Parish, Louisiana",667,191,197,88,410,176,0,12,41,42,0,12,6,9,13,15,8,15,5,7
1500000US220710084002,220710084002,"Block Group 2, Census Tract 84, Orleans Parish, Louisiana",669,226,290,78,353,212,0,12,0,12,0,12,0,12,26,31,0,12,26,31
1500000US220710085001,220710085001,"Block Group 1, Census Tract 85, Orleans Parish, Louisiana",724,310,24,33,549,228,0,12,151,174,0,12,0,12,0,12,0,12,0,12
1500000US220710085002,220710085002,"Block Group 2, Census Tract 85, Orleans Parish, Louisiana",621,254,4,10,584,251,0,12,0,12,0,12,0,12,33,45,27,44,6,7
1500000US220710086001,220710086001,"Block Group 1, Census Tract 86, Orleans Parish, Louisiana",396,136,26,34,322,134,0,12,20,29,0,12,28,45,0,12,0,12,0,12
1500000US220710086002,220710086002,"Block Group 2, Census Tract 86, Orleans Parish, Louisiana",375,89,12,19,363,92,0,12,0,12,0,12,0,12,0,12,0,12,0,12
1500000US220710088001,220710088001,"Block Group 1, Census Tract 88, Orleans Parish, Louisiana",763,242,464,156,241,180,0,12,18,19,0,12,0,12,40,64,0,12,40,64
1500000US220710088002,220710088002,"Block Group 2, Census Tract 88, Orleans Parish, Louisiana",974,214,580,172,373,171,0,12,0,12,0,12,0,12,21,18,0,12,21,18
1500000US220710090001,220710090001,"Block Group 1, Census Tract 90, Orleans Parish, Louisiana",471,171,399,164,50,77,0,12,0,12,0,12,10,16,12,19,12,19,0,12
1500000US220710090002,220710090002,"Block Group 2, Census Tract 90, Orleans Parish, Louisiana",649,247,615,249,0,12,0,12,34,38,0,12,0,12,0,12,0,12,0,12
1500000US220710090003,220710090003,"Block Group 3, Census Tract 90, Orleans Parish, Louisiana",784,281,675,257,4,5,12,18,36,53,0,12,0,12,57,68,0,12,57,68
1500000US220710091001,220710091001,"Block Group 1, Census Tract 91, Orleans Parish, Louisiana",1056,450,282,94,744,446,30,48,0,12,0,12,0,12,0,12,0,12,0,12
1500000US220710091002,220710091002,"Block Group 2, Census Tract 91, Orleans Parish, Louisiana",366,184,200,163,102,77,34,49,24,28,0,12,6,10,0,12,0,12,0,12
1500000US220710091003,220710091003,"Block Group 3, Census Tract 91, Orleans Parish, Louisiana",438,332,0,12,240,186,0,12,13,22,0,12,185,279,0,12,0,12,0,12
1500000US220710091004,220710091004,"Block Group 4, Census Tract 91, Orleans Parish, Louisiana",763,321,283,100,480,344,0,12,0,12,0,12,0,12,0,12,0,12,0,12
1500000US220710092001,220710092001,"Block Group 1, Census Tract 92, Orleans Parish, Louisiana",229,78,0,12,229,78,0,12,0,12,0,12,0,12,0,12,0,12,0,12
1500000US220710092002,220710092002,"Block Group 2, Census Tract 92, Orleans Parish, Louisiana",398,158,4,11,394,158,0,12,0,12,0,12,0,12,0,12,0,12,0,12
1500000US220710092003,220710092003,"Block Group 3, Census Tract 92, Orleans Parish, Louisiana",546,191,17,22,505,201,0,12,0,12,0,12,12,20,12,19,12,19,0,12
1500000US220710094001,220710094001,"Block Group 1, Census Tract 94, Orleans Parish, Louisiana",361,175,63,63,298,167,0,12,0,12,0,12,0,12,0,12,0,12,0,12
1500000US220710094002,220710094002,"Block Group 2, Census Tract 94, Orleans Parish, Louisiana",182,125,0,12,182,125,0,12,0,12,0,12,0,12,0,12,0,12,0,12
1500000US220710094003,220710094003,"Block Group 3, Census Tract 94, Orleans Parish, Louisiana",126,71,5,7,121,70,0,12,0,12,0,12,0,12,0,12,0,12,0,12
1500000US220710094004,220710094004,"Block Group 4, Census Tract 94, Orleans Parish, Louisiana",532,156,0,12,532,156,0,12,0,12,0,12,0,12,0,12,0,12,0,12
1500000US220710096001,220710096001,"Block Group 1, Census Tract 96, Orleans Parish, Louisiana",659,217,534,226,121,85,0,12,0,12,0,12,0,12,4,6,0,12,4,6
1500000US220710096002,220710096002,"Block Group 2, Census Tract 96, Orleans Parish, Louisiana",445,101,340,110,93,61,0,12,0,12,0,12,0,12,12,22,0,12,12,22
1500000US220710096003,220710096003,"Block Group 3, Census Tract 96, Orleans Parish, Louisiana",571,105,270,86,291,126,0,12,10,15,0,12,0,12,0,12,0,12,0,12
1500000US220710097001,220710097001,"Block Group 1, Census Tract 97, Orleans Parish, Louisiana",771,147,476,110,215,110,0,12,63,69,0,12,9,15,8,14,0,12,8,14
1500000US220710097002,220710097002,"Block Group 2, Census Tract 97, Orleans Parish, Louisiana",831,200,165,64,530,188,0,12,0,12,0,12,104,155,32,47,4,8,28,46
1500000US220710099001,220710099001,"Block Group 1, Census Tract 99, Orleans Parish, Louisiana",1339,244,1078,202,166,128,0,12,86,79,0,12,0,12,9,14,0,12,9,14
1500000US220710099002,220710099002,"Block Group 2, Census Tract 99, Orleans Parish, Louisiana",1021,220,866,242,113,97,0,12,15,23,0,12,0,12,27,28,12,18,15,23
1500000US220710099003,220710099003,"Block Group 3, Census Tract 99, Orleans Parish, Louisiana",858,177,740,152,102,79,0,12,0,12,3,6,0,12,13,18,2,4,11,17
1500000US220710100001,220710100001,"Block Group 1, Census Tract 100, Orleans Parish, Louisiana",509,286,47,64,462,274,0,12,0,12,0,12,0,12,0,12,0,12,0,12
1500000US220710100002,220710100002,"Block Group 2, Census Tract 100, Orleans Parish, Louisiana",438,156,42,68,396,151,0,12,0,12,0,12,0,12,0,12,0,12,0,12
1500000US220710100003,220710100003,"Block Group 3, Census Tract 100, Orleans Parish, Louisiana",461,119,235,80,199,98,0,12,6,10,0,12,21,33,0,12,0,12,0,12
1500000US220710100004,220710100004,"Block Group 4, Census Tract 100, Orleans Parish, Louisiana",435,216,0,12,435,216,0,12,0,12,0,12,0,12,0,12,0,12,0,12
1500000US220710101001,220710101001,"Block Group 1, Census Tract 101, Orleans Parish, Louisiana",700,200,288,116,384,168,0,12,28,38,0,12,0,12,0,12,0,12,0,12
1500000US220710101002,220710101002,"Block Group 2, Census Tract 101, Orleans Parish, Louisiana",1420,250,1265,234,127,78,18,23,3,4,0,12,0,12,7,10,0,12,7,10
1500000US220710102001,220710102001,"Block Group 1, Census Tract 102, Orleans Parish, Louisiana",285,113,0,12,285,113,0,12,0,12,0,12,0,12,0,12,0,12,0,12
1500000US220710102002,220710102002,"Block Group 2, Census Tract 102, Orleans Parish, Louisiana",217,157,7,8,205,155,0,12,0,12,0,12,0,12,5,7,5,7,0,12
1500000US220710102003,220710102003,"Block Group 3, Census Tract 102, Orleans Parish, Louisiana",156,85,36,38,109,98,0,12,0,12,0,12,0,12,11,15,0,12,11,15
1500000US220710102004,220710102004,"Block Group 4, Census Tract 102, Orleans Parish, Louisiana",324,131,117,82,202,134,0,12,0,12,0,12,0,12,5,8,0,12,5,8
1500000US220710102005,220710102005,"Block Group 5, Census Tract 102, Orleans Parish, Louisiana",532,158,29,35,493,162,9,13,1,2,0,12,0,12,0,12,0,12,0,12
1500000US220710103001,220710103001,"Block Group 1, Census Tract 103, Orleans Parish, Louisiana",601,207,15,22,586,206,0,12,0,12,0,12,0,12,0,12,0,12,0,12
1500000US220710103002,220710103002,"Block Group 2, Census Tract 103, Orleans Parish, Louisiana",788,250,8,14,780,251,0,12,0,12,0,12,0,12,0,12,0,12,0,12
1500000US220710103003,220710103003,"Block Group 3, Census Tract 103, Orleans Parish, Louisiana",737,215,87,54,577,208,7,12,0,12,0,12,16,26,50,57,0,12,50,57
1500000US220710103004,220710103004,"Block Group 4, Census Tract 103, Orleans Parish, Louisiana",337,111,146,94,191,83,0,12,0,12,0,12,0,12,0,12,0,12,0,12
1500000US220710106001,220710106001,"Block Group 1, Census Tract 106, Orleans Parish, Louisiana",682,195,422,111,253,194,0,12,0,12,0,12,7,11,0,12,0,12,0,12
1500000US220710106002,220710106002,"Block Group 2, Census Tract 106, Orleans Parish, Louisiana",550,146,258,95,165,78,0,12,0,12,0,12,0,12,127,126,0,12,127,126
1500000US220710107001,220710107001,"Block Group 1, Census Tract 107, Orleans Parish, Louisiana",533,126,446,107,68,67,0,12,10,12,0,12,0,12,9,16,0,12,9,16
1500000US220710107002,220710107002,"Block Group 2, Census Tract 107, Orleans Parish, Louisiana",1131,178,830,171,184,101,0,12,46,45,0,12,6,9,65,99,0,12,65,99
1500000US220710108001,220710108001,"Block Group 1, Census Tract 108, Orleans Parish, Louisiana",406,104,352,98,24,27,30,41,0,12,0,12,0,12,0,12,0,12,0,12
1500000US220710108002,220710108002,"Block Group 2, Census Tract 108, Orleans Parish, Louisiana",1005,187,966,186,39,43,0,12,0,12,0,12,0,12,0,12,0,12,0,12
1500000US220710109001,220710109001,"Block Group 1, Census Tract 109, Orleans Parish, Louisiana",1155,454,158,114,839,391,158,243,0,12,0,12,0,12,0,12,0,12,0,12
1500000US220710109002,220710109002,"Block Group 2, Census Tract 109, Orleans Parish, Louisiana",953,217,761,193,183,104,0,12,9,16,0,12,0,12,0,12,0,12,0,12
1500000US220710109003,220710109003,"Block Group 3, Census Tract 109, Orleans Parish, Louisiana",719,205,647,195,35,56,0,12,24,30,0,12,13,20,0,12,0,12,0,12
1500000US220710109004,220710109004,"Block Group 4, Census Tract 109, Orleans Parish, Louisiana",656,289,282,143,349,252,0,12,0,12,0,12,0,12,25,38,0,12,25,38
1500000US220710111001,220710111001,"Block Group 1, Census Tract 111, Orleans Parish, Louisiana",511,139,134,103,317,127,30,53,0,12,0,12,28,38,2,5,1,3,1,3
1500000US220710111002,220710111002,"Block Group 2, Census Tract 111, Orleans Parish, Louisiana",676,211,144,100,526,207,0,12,0,12,0,12,0,12,6,10,0,12,6,10
1500000US220710111003,220710111003,"Block Group 3, Census Tract 111, Orleans Parish, Louisiana",486,184,96,61,375,194,0,12,0,12,0,12,6,10,9,14,9,14,0,12
1500000US220710112001,220710112001,"Block Group 1, Census Tract 112, Orleans Parish, Louisiana",620,123,489,125,39,40,0,12,19,22,0,12,68,71,5,9,0,12,5,9
1500000US220710112002,220710112002,"Block Group 2, Census Tract 112, Orleans Parish, Louisiana",880,167,413,110,410,127,20,22,19,20,0,12,0,12,18,19,0,12,18,19
1500000US220710114001,220710114001,"Block Group 1, Census Tract 114, Orleans Parish, Louisiana",874,198,774,195,22,20,0,12,57,83,0,12,0,12,21,31,0,12,21,31
1500000US220710114002,220710114002,"Block Group 2, Census Tract 114, Orleans Parish, Louisiana",951,139,849,138,86,122,0,12,1,2,0,12,9,13,6,11,0,12,6,11
1500000US220710115001,220710115001,"Block Group 1, Census Tract 115, Orleans Parish, Louisiana",568,119,568,119,0,12,0,12,0,12,0,12,0,12,0,12,0,12,0,12
1500000US220710115002,220710115002,"Block Group 2, Census Tract 115, Orleans Parish, Louisiana",747,253,627,189,77,118,8,17,11,25,0,12,0,12,24,27,0,12,24,27
1500000US220710116001,220710116001,"Block Group 1, Census Tract 116, Orleans Parish, Louisiana",722,132,687,135,0,12,0,12,16,24,0,12,0,12,19,33,0,12,19,33
1500000US220710116002,220710116002,"Block Group 2, Census Tract 116, Orleans Parish, Louisiana",798,110,730,126,28,38,0,12,24,31,11,17,0,12,5,10,0,12,5,10
1500000US220710117001,220710117001,"Block Group 1, Census Tract 117, Orleans Parish, Louisiana",653,244,563,209,0,12,0,12,15,22,0,12,0,12,75,95,0,12,75,95
1500000US220710117002,220710117002,"Block Group 2, Census Tract 117, Orleans Parish, Louisiana",452,127,429,122,0,12,0,12,23,37,0,12,0,12,0,12,0,12,0,12
1500000US220710117003,220710117003,"Block Group 3, Census Tract 117, Orleans Parish, Louisiana",492,131,476,131,0,12,0,12,16,23,0,12,0,12,0,12,0,12,0,12
1500000US220710117004,220710117004,"Block Group 4, Census Tract 117, Orleans Parish, Louisiana",1021,214,1021,214,0,12,0,12,0,12,0,12,0,12,0,12,0,12,0,12
1500000US220710119001,220710119001,"Block Group 1, Census Tract 119, Orleans Parish, Louisiana",528,163,488,157,36,38,0,12,4,12,0,12,0,12,0,12,0,12,0,12
1500000US220710119002,220710119002,"Block Group 2, Census Tract 119, Orleans Parish, Louisiana",814,199,724,197,17,18,0,12,51,40,0,12,17,19,5,8,5,8,0,12
1500000US220710119003,220710119003,"Block Group 3, Census Tract 119, Orleans Parish, Louisiana",385,121,383,121,0,12,0,12,0,12,0,12,2,5,0,12,0,12,0,12
1500000US220710120001,220710120001,"Block Group 1, Census Tract 120, Orleans Parish, Louisiana",982,123,893,134,72,83,15,29,2,6,0,12,0,12,0,12,0,12,0,12
1500000US220710120002,220710120002,"Block Group 2, Census Tract 120, Orleans Parish, Louisiana",503,134,465,136,31,30,0,12,0,12,0,12,7,10,0,12,0,12,0,12
1500000US220710121011,220710121011,"Block Group 1, Census Tract 121.01, Orleans Parish, Louisiana",877,187,658,122,81,50,0,12,116,97,0,12,5,8,17,21,0,12,17,21
1500000US220710121012,220710121012,"Block Group 2, Census Tract 121.01, Orleans Parish, Louisiana",2106,388,1715,334,129,113,0,12,187,91,0,12,0,12,75,59,0,12,75,59
1500000US220710121021,220710121021,"Block Group 1, Census Tract 121.02, Orleans Parish, Louisiana",1770,319,1436,330,185,112,13,18,88,54,0,12,0,12,48,29,33,31,15,17
1500000US220710121022,220710121022,"Block Group 2, Census Tract 121.02, Orleans Parish, Louisiana",1484,447,979,375,311,151,0,12,47,37,0,12,16,31,131,120,60,81,71,87
1500000US220710121023,220710121023,"Block Group 3, Census Tract 121.02, Orleans Parish, Louisiana",833,235,730,240,62,65,0,12,12,17,0,12,11,18,18,35,18,35,0,12
1500000US220710122001,220710122001,"Block Group 1, Census Tract 122, Orleans Parish, Louisiana",1349,245,904,165,176,108,1,5,203,230,0,12,48,71,17,18,0,12,17,18
1500000US220710122002,220710122002,"Block Group 2, Census Tract 122, Orleans Parish, Louisiana",779,218,733,211,29,31,0,12,17,24,0,12,0,12,0,12,0,12,0,12
1500000US220710123001,220710123001,"Block Group 1, Census Tract 123, Orleans Parish, Louisiana",498,186,42,26,456,181,0,12,0,12,0,12,0,12,0,12,0,12,0,12
1500000US220710123002,220710123002,"Block Group 2, Census Tract 123, Orleans Parish, Louisiana",582,243,262,123,245,117,0,12,0,12,0,12,0,12,75,119,0,12,75,119
1500000US220710123003,220710123003,"Block Group 3, Census Tract 123, Orleans Parish, Louisiana",876,222,660,124,167,146,0,12,0,12,0,12,29,33,20,30,0,12,20,30
1500000US220710124001,220710124001,"Block Group 1, Census Tract 124, Orleans Parish, Louisiana",806,250,196,83,584,226,0,12,5,8,0,12,13,18,8,15,0,12,8,15
1500000US220710124002,220710124002,"Block Group 2, Census Tract 124, Orleans Parish, Louisiana",1021,247,672,164,345,172,0,12,0,12,0,12,0,12,4,7,0,12,4,7
1500000US220710125001,220710125001,"Block Group 1, Census Tract 125, Orleans Parish, Louisiana",435,94,382,101,5,8,0,12,36,26,0,12,0,12,12,18,0,12,12,18
1500000US220710125002,220710125002,"Block Group 2, Census Tract 125, Orleans Parish, Louisiana",1104,176,627,141,364,152,6,8,88,58,0,12,0,12,19,21,0,12,19,21
1500000US220710126001,220710126001,"Block Group 1, Census Tract 126, Orleans Parish, Louisiana",661,156,581,152,54,47,0,12,20,30,0,12,0,12,6,10,0,12,6,10
1500000US220710126002,220710126002,"Block Group 2, Census Tract 126, Orleans Parish, Louisiana",717,167,502,148,72,47,8,14,129,113,0,12,0,12,6,10,0,12,6,10
1500000US220710126003,220710126003,"Block Group 3, Census Tract 126, Orleans Parish, Louisiana",532,138,503,138,0,12,0,12,9,14,0,12,0,12,20,20,0,12,20,20
1500000US220710127001,220710127001,"Block Group 1, Census Tract 127, Orleans Parish, Louisiana",560,165,400,155,149,90,0,12,0,12,0,12,0,12,11,17,0,12,11,17
1500000US220710127002,220710127002,"Block Group 2, Census Tract 127, Orleans Parish, Louisiana",640,238,360,181,254,185,0,12,0,12,0,12,8,22,18,31,0,12,18,31
1500000US220710127003,220710127003,"Block Group 3, Census Tract 127, Orleans Parish, Louisiana",570,248,348,142,222,210,0,12,0,12,0,12,0,12,0,12,0,12,0,12
1500000US220710127004,220710127004,"Block Group 4, Census Tract 127, Orleans Parish, Louisiana",468,108,457,110,11,18,0,12,0,12,0,12,0,12,0,12,0,12,0,12
1500000US220710128001,220710128001,"Block Group 1, Census Tract 128, Orleans Parish, Louisiana",843,232,524,202,242,122,0,12,49,28,0,12,20,25,8,17,8,17,0,12
1500000US220710128002,220710128002,"Block Group 2, Census Tract 128, Orleans Parish, Louisiana",741,217,465,136,172,184,0,12,79,72,0,12,0,12,25,32,25,32,0,12
1500000US220710128003,220710128003,"Block Group 3, Census Tract 128, Orleans Parish, Louisiana",749,162,645,148,69,52,16,25,13,19,0,12,6,9,0,12,0,12,0,12
1500000US220710129001,220710129001,"Block Group 1, Census Tract 129, Orleans Parish, Louisiana",774,137,639,124,92,64,0,12,23,22,0,12,6,8,14,16,0,12,14,16
1500000US220710129002,220710129002,"Block Group 2, Census Tract 129, Orleans Parish, Louisiana",587,178,228,84,292,148,0,12,38,55,0,12,10,14,19,18,0,12,19,18
1500000US220710130001,220710130001,"Block Group 1, Census Tract 130, Orleans Parish, Louisiana",590,223,210,60,380,223,0,12,0,12,0,12,0,12,0,12,0,12,0,12
1500000US220710130002,220710130002,"Block Group 2, Census Tract 130, Orleans Parish, Louisiana",748,316,266,138,473,288,0,12,0,12,0,12,9,15,0,12,0,12,0,12
1500000US220710130003,220710130003,"Block Group 3, Census Tract 130, Orleans Parish, Louisiana",474,143,283,98,191,141,0,12,0,12,0,12,0,12,0,12,0,12,0,12
1500000US220710131001,220710131001,"Block Group 1, Census Tract 131, Orleans Parish, Louisiana",343,188,0,12,343,188,0,12,0,12,0,12,0,12,0,12,0,12,0,12
1500000US220710131002,220710131002,"Block Group 2, Census Tract 131, Orleans Parish, Louisiana",248,112,35,41,213,102,0,12,0,12,0,12,0,12,0,12,0,12,0,12
1500000US220710131003,220710131003,"Block Group 3, Census Tract 131, Orleans Parish, Louisiana",587,234,115,116,472,189,0,12,0,12,0,12,0,12,0,12,0,12,0,12
1500000US220710131004,220710131004,"Block Group 4, Census Tract 131, Orleans Parish, Louisiana",260,153,55,74,200,126,0,12,0,12,0,12,0,12,5,7,0,12,5,7
1500000US220710132001,220710132001,"Block Group 1, Census Tract 132, Orleans Parish, Louisiana",353,128,119,97,199,118,0,12,0,12,0,12,35,42,0,12,0,12,0,12
1500000US220710132002,220710132002,"Block Group 2, Census Tract 132, Orleans Parish, Louisiana",625,202,156,129,469,203,0,12,0,12,0,12,0,12,0,12,0,12,0,12
1500000US220710132003,220710132003,"Block Group 3, Census Tract 132, Orleans Parish, Louisiana",767,312,289,159,478,264,0,12,0,12,0,12,0,12,0,12,0,12,0,12
1500000US220710132004,220710132004,"Block Group 4, Census Tract 132, Orleans Parish, Louisiana",527,179,359,142,168,132,0,12,0,12,0,12,0,12,0,12,0,12,0,12
1500000US220710133011,220710133011,"Block Group 1, Census Tract 133.01, Orleans Parish, Louisiana",734,204,691,205,23,37,0,12,0,12,0,12,0,12,20,23,0,12,20,23
1500000US220710133012,220710133012,"Block Group 2, Census Tract 133.01, Orleans Parish, Louisiana",1884,459,1792,461,39,61,0,12,40,63,0,12,0,12,13,21,13,21,0,12
1500000US220710133013,220710133013,"Block Group 3, Census Tract 133.01, Orleans Parish, Louisiana",425,128,395,131,0,12,0,12,30,46,0,12,0,12,0,12,0,12,0,12
1500000US220710133014,220710133014,"Block Group 4, Census Tract 133.01, Orleans Parish, Louisiana",712,217,679,203,0,12,0,12,0,12,0,12,33,49,0,12,0,12,0,12
1500000US220710133021,220710133021,"Block Group 1, Census Tract 133.02, Orleans Parish, Louisiana",1105,185,581,149,367,147,0,12,77,64,0,12,62,60,18,23,0,12,18,23
1500000US220710133022,220710133022,"Block Group 2, Census Tract 133.02, Orleans Parish, Louisiana",1019,157,851,154,82,65,0,12,86,88,0,12,0,12,0,12,0,12,0,12
1500000US220710134001,220710134001,"Block Group 1, Census Tract 134, Orleans Parish, Louisiana",398,102,319,100,39,54,0,12,8,14,0,12,27,42,5,8,0,12,5,8
1500000US220710134002,220710134002,"Block Group 2, Census Tract 134, Orleans Parish, Louisiana",764,193,368,133,337,160,0,12,17,26,0,12,14,29,28,33,0,12,28,33
1500000US220710134003,220710134003,"Block Group 3, Census Tract 134, Orleans Parish, Louisiana",997,191,554,120,193,93,0,12,189,96,0,12,4,7,57,49,0,12,57,49
1500000US220710135001,220710135001,"Block Group 1, Census Tract 135, Orleans Parish, Louisiana",357,137,285,123,34,55,0,12,38,41,0,12,0,12,0,12,0,12,0,12
1500000US220710135002,220710135002,"Block Group 2, Census Tract 135, Orleans Parish, Louisiana",714,154,626,138,1,2,13,19,27,28,0,12,0,12,47,73,0,12,47,73
1500000US220710135003,220710135003,"Block Group 3, Census Tract 135, Orleans Parish, Louisiana",474,144,459,143,7,12,0,12,8,13,0,12,0,12,0,12,0,12,0,12
1500000US220710135004,220710135004,"Block Group 4, Census Tract 135, Orleans Parish, Louisiana",721,218,685,220,23,35,0,12,1,3,0,12,12,20,0,12,0,12,0,12
1500000US220710136001,220710136001,"Block Group 1, Census Tract 136, Orleans Parish, Louisiana",524,136,404,124,114,72,0,12,0,12,0,12,0,12,6,13,0,12,6,13
1500000US220710136002,220710136002,"Block Group 2, Census Tract 136, Orleans Parish, Louisiana",505,180,57,53,448,163,0,12,0,12,0,12,0,12,0,12,0,12,0,12
1500000US220710137001,220710137001,"Block Group 1, Census Tract 137, Orleans Parish, Louisiana",0,12,0,12,0,12,0,12,0,12,0,12,0,12,0,12,0,12,0,12
1500000US220710137002,220710137002,"Block Group 2, Census Tract 137, Orleans Parish, Louisiana",261,122,0,12,261,122,0,12,0,12,0,12,0,12,0,12,0,12,0,12
1500000US220710137003,220710137003,"Block Group 3, Census Tract 137, Orleans Parish, Louisiana",957,208,27,42,930,210,0,12,0,12,0,12,0,12,0,12,0,12,0,12
1500000US220710137004,220710137004,"Block Group 4, Census Tract 137, Orleans Parish, Louisiana",966,186,66,57,895,186,0,12,0,12,0,12,0,12,5,7,0,12,5,7
1500000US220710138001,220710138001,"Block Group 1, Census Tract 138, Orleans Parish, Louisiana",302,119,17,20,285,119,0,12,0,12,0,12,0,12,0,12,0,12,0,12
1500000US220710138002,220710138002,"Block Group 2, Census Tract 138, Orleans Parish, Louisiana",693,178,2,4,691,178,0,12,0,12,0,12,0,12,0,12,0,12,0,12
1500000US220710138003,220710138003,"Block Group 3, Census Tract 138, Orleans Parish, Louisiana",540,232,47,33,484,221,0,12,0,12,0,12,9,14,0,12,0,12,0,12
1500000US220710139001,220710139001,"Block Group 1, Census Tract 139, Orleans Parish, Louisiana",652,182,392,150,214,108,22,33,19,24,0,12,0,12,5,7,0,12,5,7
1500000US220710139002,220710139002,"Block Group 2, Census Tract 139, Orleans Parish, Louisiana",1040,228,382,104,507,189,0,12,28,37,0,12,123,124,0,12,0,12,0,12
1500000US220710140001,220710140001,"Block Group 1, Census Tract 140, Orleans Parish, Louisiana",294,165,44,67,250,158,0,12,0,12,0,12,0,12,0,12,0,12,0,12
1500000US220710140002,220710140002,"Block Group 2, Census Tract 140, Orleans Parish, Louisiana",547,144,0,12,543,144,0,12,0,12,0,12,0,12,4,7,0,12,4,7
1500000US220710140003,220710140003,"Block Group 3, Census Tract 140, Orleans Parish, Louisiana",894,298,129,147,747,271,5,7,0,12,0,12,0,12,13,23,0,12,13,23
1500000US220710140004,220710140004,"Block Group 4, Census Tract 140, Orleans Parish, Louisiana",58,48,0,12,58,48,0,12,0,12,0,12,0,12,0,12,0,12,0,12
1500000US220710141001,220710141001,"Block Group 1, Census Tract 141, Orleans Parish, Louisiana",905,345,340,224,559,199,0,12,0,12,0,12,0,12,6,9,0,12,6,9
1500000US220710141002,220710141002,"Block Group 2, Census Tract 141, Orleans Parish, Louisiana",350,194,150,132,187,170,0,12,0,12,0,12,13,27,0,12,0,12,0,12
1500000US220710141003,220710141003,"Block Group 3, Census Tract 141, Orleans Parish, Louisiana",660,194,252,156,402,144,0,12,0,12,0,12,0,12,6,9,6,9,0,12
1500000US220710142001,220710142001,"Block Group 1, Census Tract 142, Orleans Parish, Louisiana",317,118,180,90,137,79,0,12,0,12,0,12,0,12,0,12,0,12,0,12
1500000US220710142002,220710142002,"Block Group 2, Census Tract 142, Orleans Parish, Louisiana",962,180,602,189,346,100,0,12,14,16,0,12,0,12,0,12,0,12,0,12
1500000US220710142003,220710142003,"Block Group 3, Census Tract 142, Orleans Parish, Louisiana",285,128,150,103,130,76,0,12,5,19,0,12,0,12,0,12,0,12,0,12
1500000US220710143001,220710143001,"Block Group 1, Census Tract 143, Orleans Parish, Louisiana",340,114,0,12,339,114,0,12,1,2,0,12,0,12,0,12,0,12,0,12
1500000US220710143002,220710143002,"Block Group 2, Census Tract 143, Orleans Parish, Louisiana",88,49,0,12,88,49,0,12,0,12,0,12,0,12,0,12,0,12,0,12
1500000US220710143003,220710143003,"Block Group 3, Census Tract 143, Orleans Parish, Louisiana",979,277,73,95,895,267,0,12,0,12,0,12,0,12,11,18,0,12,11,18
1500000US220710144001,220710144001,"Block Group 1, Census Tract 144, Orleans Parish, Louisiana",217,80,181,72,36,30,0,12,0,12,0,12,0,12,0,12,0,12,0,12
1500000US220710144002,220710144002,"Block Group 2, Census Tract 144, Orleans Parish, Louisiana",1055,292,299,85,626,314,0,12,0,12,0,12,90,131,40,36,0,12,40,36
1500000US220710144003,220710144003,"Block Group 3, Census Tract 144, Orleans Parish, Louisiana",805,232,395,143,176,137,47,68,0,12,0,12,24,38,163,181,0,12,163,181
1500000US220710145001,220710145001,"Block Group 1, Census Tract 145, Orleans Parish, Louisiana",1852,278,486,116,1344,254,0,12,0,12,0,12,4,8,18,19,6,11,12,16
1500000US220719800001,220719800001,"Block Group 1, Census Tract 9800, Orleans Parish, Louisiana",3,3,1,2,1,2,0,12,1,2,0,12,0,12,0,12,0,12,0,12
1500000US220719801001,220719801001,"Block Group 1, Census Tract 9801, Orleans Parish, Louisiana",0,12,0,12,0,12,0,12,0,12,0,12,0,12,0,12,0,12,0,12
1500000US220719900000,220719900000,"Block Group 0, Census Tract 9900, Orleans Parish, Louisiana",0,12,0,12,0,12,0,12,0,12,0,12,0,12,0,12,0,12,0,12
