GEO.id,GEO.id2,GEO.display-label,HD01_VD01,HD01_VD02,HD01_VD03,HD01_VD04,HD01_VD05,HD01_VD06,HD01_VD07,HD01_VD08,HD01_VD09,HD01_VD10,HD01_VD11,HD01_VD12,HD01_VD13,HD01_VD14,HD01_VD15,HD01_VD16,HD01_VD17,percent
400C100US00037,37,"Abbeville, LA Urban Cluster (2010)",1859,398,212,246,209,172,44,108,91,54,98,31,46,99,37,14,0,33.45884884
400C100US00064,64,"Abbeville, SC Urban Cluster (2010)",1032,290,201,141,30,9,23,50,90,70,34,37,39,18,0,0,0,34.98062016
400C100US00118,118,"Aberdeen, MS Urban Cluster (2010)",1266,295,270,133,148,0,41,46,35,35,175,37,25,12,0,14,0,33.17535545
400C100US00199,199,"Aberdeen--Bel Air South--Bel Air North, MD Urbanized Area (2010)",10747,713,526,268,297,636,656,369,476,479,821,1178,1460,1015,835,634,384,77.29598958
400C100US00280,280,"Abilene, TX Urbanized Area (2010)",3233,313,484,433,162,140,265,269,191,203,224,154,243,99,31,15,7,52.61367151
400C100US00469,469,"Adel, GA Urban Cluster (2010)",1258,249,135,112,118,142,60,58,62,7,53,151,18,82,11,0,0,39.90461049
400C100US00658,658,"Ahoskie, NC Urban Cluster (2010)",1252,292,217,149,87,71,37,56,62,75,64,75,32,19,6,2,8,34.82428115
400C100US00766,766,"Akron, OH Urbanized Area (2010)",29248,6364,3138,3135,1819,1969,1951,1608,1422,1189,1440,2029,1322,794,557,340,171,43.842314
400C100US00901,901,"Albany, GA Urbanized Area (2010)",20805,4921,2243,1619,1820,1451,1330,1230,897,722,1232,1171,1065,573,213,228,90,42.06200433
400C100US00970,970,"Albany--Schenectady, NY Urbanized Area (2010)",22280,3285,2238,2154,1548,1713,1316,739,1012,829,1696,1719,2051,976,511,371,122,50.90664273
400C100US00982,982,"Albemarle, NC Urban Cluster (2010)",1493,381,146,246,110,42,84,34,41,78,166,42,46,13,49,0,15,38.0442063
400C100US01090,1090,"Albion, MI Urban Cluster (2010)",1102,302,122,151,76,123,53,67,9,7,97,69,20,6,0,0,0,29.76406534
400C100US01171,1171,"Albuquerque, NM Urbanized Area (2010)",8344,1182,708,446,681,357,526,296,529,388,517,782,837,452,208,256,179,59.56375839
400C100US01252,1252,"Alexander City, AL Urban Cluster (2010)",1687,341,114,197,252,171,111,94,80,73,89,66,82,17,0,0,0,36.27741553
400C100US01279,1279,"Alexandria, LA Urbanized Area (2010)",12022,1854,1222,1499,1092,972,715,843,603,399,785,679,754,325,156,54,70,44.77624355
400C100US01468,1468,"Allendale, SC Urban Cluster (2010)",1088,208,212,66,126,85,121,26,44,65,79,13,24,19,0,0,0,35.9375
400C100US01495,1495,"Allentown, PA--NJ Urbanized Area (2010)",12583,1702,1060,466,745,803,835,621,429,627,996,1283,1120,786,338,437,335,62.04402766
400C100US01765,1765,"Alton, IL--MO Urbanized Area (2010)",3003,519,322,288,163,271,113,145,205,124,171,203,267,78,112,7,15,47.95204795
400C100US01927,1927,"Amarillo, TX Urbanized Area (2010)",4588,739,569,432,316,402,437,299,128,162,234,165,398,202,25,55,25,46.42545772
400C100US02008,2008,"Americus, GA Urban Cluster (2010)",3838,1071,473,298,407,231,162,186,157,221,184,276,119,53,0,0,0,35.38301199
400C100US02116,2116,"Amite City, LA Urban Cluster (2010)",1193,115,193,153,40,102,66,73,75,53,149,128,46,0,0,0,0,49.45515507
400C100US02305,2305,"Anchorage, AK Urbanized Area (2010)",5906,287,415,443,423,395,283,214,279,106,556,561,578,498,130,550,188,66.76261429
400C100US02386,2386,"Anderson, IN Urbanized Area (2010)",2870,675,277,199,159,120,196,240,91,138,223,245,182,73,28,8,16,50.17421603
400C100US02413,2413,"Anderson, SC Urbanized Area (2010)",8340,1686,772,990,929,572,557,450,157,184,684,389,437,246,111,100,76,40.65947242
400C100US02602,2602,"Ann Arbor, MI Urbanized Area (2010)",18773,2081,1476,1325,1402,982,1269,1013,1170,1086,1426,1372,1683,1148,522,533,285,61.29547755
400C100US02629,2629,"Anniston--Oxford, AL Urbanized Area (2010)",8589,1692,1145,749,552,483,498,438,490,366,582,479,561,303,135,56,60,46.19862615
400C100US02683,2683,"Antioch, CA Urbanized Area (2010)",12894,1069,914,642,939,783,766,206,298,496,965,1242,1392,1263,670,734,515,66.28664495
400C100US02912,2912,"Arcadia--Southeast Arcadia, FL Urban Cluster (2010)",1122,241,164,84,158,65,3,86,85,42,69,62,0,59,4,0,0,36.54188948
400C100US03115,3115,"Arkadelphia, AR Urban Cluster (2010)",1165,369,142,138,93,13,77,106,30,20,15,40,33,46,43,0,0,35.19313305
400C100US03331,3331,"Asheboro, NC Urban Cluster (2010)",1483,186,254,185,126,80,47,101,107,0,106,95,59,115,0,9,13,43.96493594
400C100US03358,3358,"Asheville, NC Urbanized Area (2010)",7667,1529,1039,874,506,545,594,352,387,196,585,365,356,207,66,36,30,41.39820008
400C100US03655,3655,"Athens, AL Urban Cluster (2010)",1725,319,145,78,63,106,150,111,76,115,203,137,149,56,17,0,0,58.7826087
400C100US03763,3763,"Athens-Clarke County, GA Urbanized Area (2010)",10868,2567,1076,1020,821,691,786,485,407,313,661,1092,506,179,119,40,105,43.18181818
400C100US03817,3817,"Atlanta, GA Urbanized Area (2010)",589617,63059,34664,35107,34638,35723,36733,33199,33128,27868,52053,58708,61705,36269,19904,16493,10366,65.53847667
400C100US03898,3898,"Atlantic City, NJ Urbanized Area (2010)",15265,2449,1231,1160,1038,1108,1025,788,641,543,1038,1401,1127,840,309,379,188,54.23517851
400C100US03925,3925,"Atmore, AL Urban Cluster (2010)",1486,380,254,221,248,48,157,33,16,10,71,34,14,0,0,0,0,22.54374159
400C100US04033,4033,"Auburn, AL Urbanized Area (2010)",7956,1734,722,727,680,698,392,425,370,455,571,239,489,278,120,21,35,42.67219708
400C100US04222,4222,"Augusta-Richmond County, GA--SC Urbanized Area (2010)",49751,7670,4592,3900,3444,2802,3063,2233,2772,2047,3671,4030,4625,2423,1383,668,428,54.9596993
400C100US04384,4384,"Austin, TX Urbanized Area (2010)",41488,4644,2547,2123,2802,2138,2563,2212,2209,2217,3522,3541,4559,2735,1703,1041,932,65.64307752
400C100US04549,4549,"Avondale--Goodyear, AZ Urbanized Area (2010)",5515,309,216,383,283,71,365,284,314,318,573,411,816,447,469,184,72,77.11695376
400C100US04627,4627,"Bainbridge, GA Urban Cluster (2010)",2454,733,342,223,188,109,125,74,112,113,193,99,71,24,48,0,0,35.00407498
400C100US04681,4681,"Bakersfield, CA Urbanized Area (2010)",11385,1594,1671,898,672,598,633,541,421,297,772,977,943,612,281,215,260,52.27931489
400C100US04843,4843,"Baltimore, MD Urbanized Area (2010)",285181,31961,17574,14564,14009,14430,15031,13584,13711,12579,24094,29009,32958,20682,12041,11753,7201,67.55113419
400C100US05113,5113,"Barnesville, GA Urban Cluster (2010)",1071,265,169,60,59,95,106,66,69,33,45,42,49,13,0,0,0,39.49579832
400C100US05167,5167,"Barnstable Town, MA Urbanized Area (2010)",1773,88,108,130,133,95,63,115,138,82,115,151,263,148,34,68,42,68.7535251
400C100US05302,5302,"Barstow, CA Urban Cluster (2010)",1372,264,233,301,61,42,58,61,0,19,81,55,89,86,0,22,0,34.32944606
400C100US05437,5437,"Bastrop, LA Urban Cluster (2010)",3562,718,611,443,366,263,177,222,79,141,261,135,67,38,21,20,0,32.59404829
400C100US05680,5680,"Baton Rouge, LA Urbanized Area (2010)",80306,10835,6355,6808,5294,5428,4754,3861,4503,3585,6223,6748,7241,4241,1881,1732,817,56.76537245
400C100US05707,5707,"Battle Creek, MI Urbanized Area (2010)",4477,861,402,380,392,396,271,136,153,180,320,310,363,101,95,39,78,45.7002457
400C100US06031,6031,"Beaufort--Port Royal, SC Urban Cluster (2010)",4602,652,376,284,305,511,269,261,329,277,423,342,314,134,65,29,31,53.75923512
400C100US06058,6058,"Beaumont, TX Urbanized Area (2010)",20359,3316,2285,1462,1752,1414,1348,948,1110,897,1409,1517,1000,932,484,265,220,49.75686429
400C100US06139,6139,"Beckley, WV Urbanized Area (2010)",2665,647,291,220,218,124,200,172,76,99,159,165,177,32,29,42,14,43.71482176
400C100US06517,6517,"Belle Glade, FL Urban Cluster (2010)",4116,858,691,291,314,227,297,176,202,154,346,136,224,128,43,19,10,42.15257532
400C100US06760,6760,"Beloit, WI--IL Urbanized Area (2010)",1781,387,308,177,118,117,110,92,73,48,88,123,65,21,0,50,4,37.84390792
400C100US06814,6814,"Belzoni, MS Urban Cluster (2010)",1382,399,264,129,87,150,58,49,26,44,40,50,8,37,10,0,31,25.54269175
400C100US06895,6895,"Bennettsville, SC Urban Cluster (2010)",2419,562,321,120,246,120,135,169,120,96,104,253,126,7,22,18,0,43.40636627
400C100US07138,7138,"Benton Harbor--St. Joseph--Fair Plain, MI Urbanized Area (2010)",6825,1689,924,765,696,516,335,352,282,147,374,328,227,118,72,0,0,32.74725275
400C100US07732,7732,"Binghamton, NY--PA Urbanized Area (2010)",3142,739,356,385,274,203,105,200,103,213,142,125,111,78,67,35,6,37.71483132
400C100US07786,7786,"Birmingham, AL Urbanized Area (2010)",112345,16943,10122,8870,7475,7619,7107,6521,6106,4318,8838,8858,9762,5040,2430,1555,781,54.57830789
400C100US08002,8002,"Blacksburg, VA Urbanized Area (2010)",1568,316,169,119,72,97,111,95,29,46,150,183,67,29,44,41,0,50.70153061
400C100US08380,8380,"Bloomington, IN Urbanized Area (2010)",1611,416,126,167,70,118,54,67,44,0,54,208,159,62,15,27,24,44.32029795
400C100US08407,8407,"Bloomington--Normal, IL Urbanized Area (2010)",4439,918,456,370,401,277,266,248,139,160,224,208,312,203,64,83,110,45.43816175
400C100US08515,8515,"Bluefield, WV--VA Urban Cluster (2010)",1464,275,363,140,112,54,88,60,35,45,32,107,54,72,0,23,4,35.51912568
400C100US08650,8650,"Blytheville, AR Urban Cluster (2010)",3694,786,444,340,239,226,288,162,212,105,211,266,323,38,24,0,30,44.91066594
400C100US08731,8731,"Bogalusa, LA Urban Cluster (2010)",2100,587,246,191,237,150,91,107,77,131,110,51,79,0,16,27,0,32.80952381
400C100US08785,8785,"Boise City, ID Urbanized Area (2010)",1365,107,131,114,90,88,139,151,57,0,88,137,159,41,25,0,38,61.17216117
400C100US08974,8974,"Bonita Springs, FL Urbanized Area (2010)",4129,246,257,413,281,414,417,175,326,304,423,473,234,60,67,0,39,60.98328893
400C100US09271,9271,"Boston, MA--NH--RI Urbanized Area (2010)",121560,14806,9977,7184,6533,5452,6647,5586,6047,4481,9899,10691,12741,8137,4825,5031,3523,63.84336953
400C100US09379,9379,"Bowling Green, KY Urbanized Area (2010)",3556,605,322,431,198,223,212,232,205,147,240,170,335,126,87,23,0,49.97187852
400C100US09801,9801,"Breaux Bridge, LA Urban Cluster (2010)",1845,338,130,180,140,171,183,138,46,20,110,135,53,128,36,0,37,48.02168022
400C100US09946,9946,"Bremerton, WA Urbanized Area (2010)",2227,263,163,150,92,156,179,102,85,79,155,264,309,151,49,30,0,62.99955097
400C100US10081,10081,"Brewton, AL Urban Cluster (2010)",1085,218,219,18,162,122,8,63,23,9,62,138,43,0,0,0,0,31.88940092
400C100US10162,10162,"Bridgeport--Stamford, CT--NY Urbanized Area (2010)",34894,4303,2217,2344,2250,2016,1876,1217,1345,1245,2291,3449,4017,2417,1442,1489,976,62.37175446
400C100US10189,10189,"Bridgeton, NJ Urban Cluster (2010)",2972,481,222,240,161,211,163,120,135,155,349,224,213,149,51,56,42,55.75370121
400C100US10594,10594,"Brookhaven, MS Urban Cluster (2010)",2308,443,278,394,159,176,148,107,162,98,108,147,48,11,9,20,0,37.17504333
400C100US10891,10891,"Browns Mills--Fort Dix, NJ Urban Cluster (2010)",1713,35,32,63,16,95,86,38,132,47,103,330,396,130,137,59,14,85.931115
400C100US10945,10945,"Brownsville, TN Urban Cluster (2010)",2452,466,290,210,246,219,215,236,41,123,121,126,75,28,32,24,0,41.63947798
400C100US11026,11026,"Brunswick, GA Urbanized Area (2010)",7062,1194,802,765,695,655,562,519,305,209,343,379,331,159,125,0,19,41.78702917
400C100US11350,11350,"Buffalo, NY Urbanized Area (2010)",55504,11008,6504,5106,4508,3843,3500,2647,2365,1809,3410,3880,3269,1822,760,601,472,44.20402133
400C100US11728,11728,"Burlington, NC Urbanized Area (2010)",11334,1550,1271,1018,830,595,680,659,954,481,688,729,816,532,264,148,119,53.5556732
400C100US12025,12025,"Butner, NC Urban Cluster (2010)",1115,113,89,80,39,52,41,74,75,99,72,51,178,134,0,18,0,66.5470852
400C100US12241,12241,"Cairo, GA Urban Cluster (2010)",1651,469,180,298,209,61,42,111,51,3,39,119,15,49,0,5,0,26.28709873
400C100US12808,12808,"Cambridge, MD Urban Cluster (2010)",2444,454,300,353,145,201,166,133,86,123,42,169,145,52,65,10,0,40.54828151
400C100US12916,12916,"Camden, AR Urban Cluster (2010)",2586,683,424,164,222,264,119,81,70,47,186,192,47,33,33,21,0,32.05723125
400C100US12970,12970,"Camden, SC Urban Cluster (2010)",2056,333,261,240,273,222,113,55,89,134,58,85,73,94,26,0,0,35.35992218
400C100US13132,13132,"Camilla, GA Urban Cluster (2010)",1313,253,84,139,71,77,164,89,0,17,189,73,23,95,0,0,39,52.47524752
400C100US13321,13321,"Canton, MS Urban Cluster (2010)",4015,805,410,321,200,400,337,151,161,155,294,407,219,20,43,92,0,46.79950187
400C100US13375,13375,"Canton, OH Urbanized Area (2010)",9577,1961,1007,905,722,535,687,565,512,490,459,615,672,194,115,74,64,46.43416519
400C100US13510,13510,"Cape Coral, FL Urbanized Area (2010)",14567,1898,1291,962,1286,1167,1094,906,693,641,1407,1335,1016,469,172,71,159,54.66465298
400C100US13537,13537,"Cape Girardeau, MO--IL Urbanized Area (2010)",1777,429,159,338,140,184,49,90,31,16,146,56,61,16,30,0,32,29.65672482
400C100US13591,13591,"Carbondale, IL Urbanized Area (2010)",2996,1107,444,270,125,141,156,200,117,83,35,57,70,87,52,21,31,30.34045394
400C100US14023,14023,"Carrollton, GA Urban Cluster (2010)",3517,745,327,360,197,212,287,162,195,72,193,218,341,135,26,31,16,47.65425078
400C100US14185,14185,"Cartersville, GA Urbanized Area (2010)",2652,355,228,370,105,142,113,218,117,124,210,343,173,103,39,12,0,54.75113122
400C100US14752,14752,"Cedar Rapids, IA Urbanized Area (2010)",3071,775,280,264,174,158,270,129,93,65,214,140,188,148,70,25,78,46.23901009
400C100US15211,15211,"Champaign, IL Urbanized Area (2010)",8152,1906,903,666,694,520,503,501,209,155,605,348,618,197,130,71,126,42.48037291
400C100US15481,15481,"Charleston, WV Urbanized Area (2010)",3192,549,291,294,300,259,131,214,129,170,247,172,188,130,66,30,22,46.96115288
400C100US15508,15508,"Charleston--North Charleston, SC Urbanized Area (2010)",51568,7339,4196,4795,3882,3939,3608,2990,2557,2281,3818,4031,3899,2179,1174,657,223,53.16669252
400C100US15670,15670,"Charlotte, NC--SC Urbanized Area (2010)",130202,14566,9313,8271,8603,8894,7996,7957,7278,6262,10528,12929,12858,6059,3809,2923,1956,61.86924932
400C100US15724,15724,"Charlottesville, VA Urbanized Area (2010)",5462,1004,243,405,403,378,298,257,352,122,398,398,483,391,110,106,114,55.45587697
400C100US15832,15832,"Chattanooga, TN--GA Urbanized Area (2010)",27429,4659,3058,2547,2000,2076,1443,1704,1332,1206,1970,1757,1850,850,420,452,105,47.71956688
400C100US15994,15994,"Cheraw, SC Urban Cluster (2010)",1928,636,251,224,190,47,69,183,91,78,75,68,16,0,0,0,0,30.08298755
400C100US16183,16183,"Chester, SC Urban Cluster (2010)",2233,502,324,128,236,158,130,112,76,70,83,101,158,64,55,36,0,39.63278101
400C100US16264,16264,"Chicago, IL--IN Urbanized Area (2010)",579940,94725,46119,41516,37588,33198,31599,28177,26470,22098,43316,48859,54460,29990,17969,14195,9661,56.34962237
400C100US16885,16885,"Cincinnati, OH--KY--IN Urbanized Area (2010)",99341,19693,10710,7429,8073,6102,5841,4982,4158,3824,6159,7200,6821,3873,1820,1739,917,47.64800032
400C100US17263,17263,"Clarksdale, MS Urban Cluster (2010)",4727,1228,559,468,216,289,289,271,359,183,146,366,248,33,63,0,9,41.61201608
400C100US17317,17317,"Clarksville, TN--KY Urbanized Area (2010)",12580,1562,703,832,753,954,835,791,670,648,1058,1247,1515,507,118,186,201,61.81240064
400C100US17641,17641,"Cleveland, MS Urban Cluster (2010)",3229,650,434,332,266,274,227,271,157,70,195,158,115,26,36,15,3,39.42397027
400C100US17668,17668,"Cleveland, OH Urbanized Area (2010)",164051,33787,16051,14100,12560,11040,10091,8646,6885,6186,10535,11957,11091,5485,2481,1955,1201,46.63976446
400C100US17722,17722,"Cleveland, TN Urbanized Area (2010)",1353,249,73,123,110,52,108,75,63,45,167,106,123,16,34,0,9,55.13673319
400C100US17776,17776,"Clewiston, FL Urban Cluster (2010)",1077,153,91,191,199,128,11,6,60,7,8,115,15,93,0,0,0,29.24791086
400C100US17992,17992,"Clinton, NC Urban Cluster (2010)",1510,371,258,163,81,96,45,37,37,50,88,98,103,41,8,32,2,35.82781457
400C100US18046,18046,"Clinton, SC Urban Cluster (2010)",1346,359,167,129,169,120,60,4,87,25,27,63,116,6,14,0,0,29.86627043
400C100US18208,18208,"Clovis, NM Urban Cluster (2010)",1165,163,246,101,28,68,29,0,43,144,100,55,100,51,23,0,14,47.98283262
400C100US18748,18748,"College Station--Bryan, TX Urbanized Area (2010)",7170,1507,839,543,512,683,319,449,317,112,297,473,375,368,83,137,156,43.0404463
400C100US18856,18856,"Colorado Springs, CO Urbanized Area (2010)",13641,1385,706,746,762,780,807,748,814,608,1266,1460,1511,677,550,651,170,67.89824793
400C100US18910,18910,"Columbia, MS Urban Cluster (2010)",1021,289,131,214,143,87,0,0,19,0,48,8,49,0,0,33,0,15.37708129
400C100US18937,18937,"Columbia, MO Urbanized Area (2010)",4678,855,688,374,262,216,218,350,152,68,383,421,473,134,9,31,44,48.80290723
400C100US18964,18964,"Columbia, SC Urbanized Area (2010)",70520,8538,4931,4821,4951,4807,5027,3935,4595,3033,5093,6391,7091,3754,1657,1175,721,60.22688599
400C100US18991,18991,"Columbia, TN Urban Cluster (2010)",2850,512,432,381,217,192,189,176,67,117,195,90,111,76,13,43,39,39.15789474
400C100US19099,19099,"Columbus, GA--AL Urbanized Area (2010)",40709,6255,3463,3258,3168,2634,3142,2685,1867,1306,3056,3220,3391,1637,689,549,389,53.87260802
400C100US19180,19180,"Columbus, MS Urban Cluster (2010)",6814,1506,1205,660,576,360,442,187,328,298,280,463,323,158,18,10,0,36.79189903
400C100US19234,19234,"Columbus, OH Urbanized Area (2010)",102784,17032,8125,7439,7568,6762,6324,5824,5786,4205,7228,8479,7618,4830,2562,1669,1333,54.34503425
400C100US19504,19504,"Concord, CA Urbanized Area (2010)",5623,355,215,177,217,145,252,85,241,272,299,703,848,463,423,550,378,80.27743198
400C100US19558,19558,"Concord, NC Urbanized Area (2010)",15383,2163,1576,1152,1291,1084,981,789,1049,866,1095,1076,1229,409,329,234,60,52.76604043
400C100US19755,19755,"Conroe--The Woodlands, TX Urbanized Area (2010)",5095,775,425,289,190,322,305,337,255,158,390,217,509,164,284,365,110,60.72620216
400C100US19801,19801,"Conway, AR Urbanized Area (2010)",4072,663,308,467,369,333,411,163,188,108,259,411,136,127,13,91,25,47.4459725
400C100US20071,20071,"Cordele, GA Urban Cluster (2010)",2893,965,403,332,217,196,157,60,139,150,22,165,71,16,0,0,0,26.96163152
400C100US20098,20098,"Corinth, MS Urban Cluster (2010)",1093,182,226,63,83,138,42,22,98,167,72,0,0,0,0,0,0,36.68801464
400C100US20287,20287,"Corpus Christi, TX Urbanized Area (2010)",5307,604,451,637,328,481,311,150,338,163,349,402,315,407,180,107,84,52.87356322
400C100US20341,20341,"Corsicana, TX Urban Cluster (2010)",1951,489,212,242,147,24,105,107,93,36,73,272,87,50,0,0,14,42.90107637
400C100US20719,20719,"Covington, TN Urban Cluster (2010)",1665,344,201,141,149,155,124,149,69,34,87,126,58,15,0,13,0,40.54054054
400C100US21043,21043,"Crestview, FL Urban Cluster (2010)",1892,227,136,114,165,126,133,101,19,0,182,227,275,37,28,24,98,59.40803383
400C100US21340,21340,"Crossett, AR Urban Cluster (2010)",1067,144,316,184,159,56,74,0,3,0,14,49,56,12,0,0,0,19.49390815
400C100US21421,21421,"Crowley, LA Urban Cluster (2010)",1577,452,203,227,167,94,79,68,117,52,34,50,7,0,19,8,0,27.52060875
400C100US21556,21556,"Crystal Springs, MS Urban Cluster (2010)",1118,275,159,119,73,0,140,17,72,0,98,102,63,0,0,0,0,44.00715564
400C100US21691,21691,"Culpeper, VA Urban Cluster (2010)",1425,89,162,69,74,102,72,59,96,31,51,143,170,183,58,38,28,65.19298246
400C100US21826,21826,"Cuthbert, GA Urban Cluster (2010)",1030,242,221,27,91,115,46,113,0,15,20,99,11,0,0,0,30,32.42718447
400C100US22042,22042,"Dallas--Fort Worth--Arlington, TX Urbanized Area (2010)",344811,40670,25358,21789,21593,21243,21025,19401,18149,14987,26772,33914,34391,21083,10692,8402,5342,62.10880743
400C100US22069,22069,"Dalton, GA Urbanized Area (2010)",1544,83,237,221,221,170,161,79,30,49,75,60,94,61,0,3,0,39.6373057
400C100US22096,22096,"Danbury, CT--NY Urbanized Area (2010)",2295,42,146,154,100,47,77,119,55,54,189,343,291,227,203,152,96,78.69281046
400C100US22204,22204,"Danville, IL Urbanized Area (2010)",3546,917,385,364,278,252,130,178,176,139,192,162,220,48,78,19,8,38.07106599
400C100US22253,22253,"Danville, VA--NC Urban Cluster (2010)",8986,1559,1005,896,706,601,708,383,424,435,497,623,578,289,126,96,60,46.95081237
400C100US22285,22285,"Daphne--Fairhope, AL Urbanized Area (2010)",2222,357,170,207,148,134,91,245,127,88,99,297,76,47,53,52,31,54.27542754
400C100US22366,22366,"Davenport, IA--IL Urbanized Area (2010)",9470,1689,877,696,507,772,827,570,518,345,809,499,689,287,92,117,176,52.04857445
400C100US22447,22447,"Dawson, GA Urban Cluster (2010)",1114,272,241,86,108,119,13,58,21,62,71,32,15,0,16,0,0,25.85278276
400C100US22528,22528,"Dayton, OH Urbanized Area (2010)",50540,9716,4841,3843,3918,3876,4060,2465,2562,2024,3222,3001,3342,1764,838,597,471,48.17174515
400C100US22690,22690,"Decatur, AL Urbanized Area (2010)",5102,773,662,549,664,358,146,280,354,116,238,344,301,217,96,4,0,41.08192866
400C100US22717,22717,"Decatur, IL Urbanized Area (2010)",5728,1311,864,455,434,411,234,256,248,127,310,437,349,168,50,41,33,39.33310056
400C100US22960,22960,"DeKalb, IL Urbanized Area (2010)",2024,516,202,179,196,77,124,92,127,52,57,120,170,68,0,44,0,42.19367589
400C100US23311,23311,"Deltona, FL Urbanized Area (2010)",5530,754,277,454,454,331,252,488,258,294,613,557,513,162,94,20,9,58.95117541
400C100US23365,23365,"Demopolis, AL Urban Cluster (2010)",1480,451,117,182,98,99,77,38,80,51,115,68,41,29,17,17,0,36.01351351
400C100US23446,23446,"Denmark, SC Urban Cluster (2010)",1008,295,125,146,81,82,0,0,33,0,29,90,104,0,0,11,12,27.67857143
400C100US23500,23500,"Denton--Lewisville, TX Urbanized Area (2010)",10482,1044,411,679,537,552,634,635,423,530,905,1070,941,1026,332,455,308,69.25205114
400C100US23527,23527,"Denver--Aurora, CO Urbanized Area (2010)",53971,7356,3646,3718,3160,3366,2896,2572,2495,2749,4130,4903,5069,3111,1524,2181,1095,60.63441478
400C100US23662,23662,"DeRidder, LA Urban Cluster (2010)",1465,180,190,156,102,146,75,30,68,81,96,76,149,48,38,22,8,47.16723549
400C100US23743,23743,"Des Moines, IA Urbanized Area (2010)",9247,1606,641,799,732,793,601,387,601,401,488,686,839,474,121,46,32,50.5677517
400C100US23824,23824,"Detroit, MI Urbanized Area (2010)",360912,65795,32663,29500,25808,23127,20866,19079,16609,14894,25298,27949,27138,14417,6979,6590,4200,50.98722126
400C100US24202,24202,"Dillon, SC Urban Cluster (2010)",2078,448,201,250,146,210,106,131,72,0,214,110,106,19,50,15,0,39.6053898
400C100US24391,24391,"Donaldsonville, LA Urban Cluster (2010)",3166,622,323,217,175,394,244,247,53,34,100,244,330,43,45,90,5,45.32533165
400C100US24472,24472,"Dothan, AL Urbanized Area (2010)",8047,1605,1036,875,701,576,543,434,325,329,465,456,365,146,60,86,45,40.4374301
400C100US24526,24526,"Douglas, GA Urban Cluster (2010)",2331,508,324,221,164,134,45,120,63,206,198,183,82,46,28,9,0,42.04204204
400C100US24580,24580,"Dover, DE Urbanized Area (2010)",10337,913,805,546,492,602,468,510,542,578,1081,1083,1081,603,463,373,197,67.51475283
400C100US24715,24715,"Dublin, GA Urban Cluster (2010)",4068,1140,529,396,255,299,130,281,161,98,245,152,232,96,19,11,24,35.61946903
400C100US24877,24877,"Dumas, AR Urban Cluster (2010)",1289,317,228,171,135,17,59,39,29,3,116,101,21,30,23,0,0,32.6609775
400C100US25039,25039,"Dunn, NC Urban Cluster (2010)",1792,402,234,172,144,116,124,59,95,71,125,90,113,28,10,3,6,40.40178571
400C100US25228,25228,"Durham, NC Urbanized Area (2010)",44455,5632,3242,3190,3388,3017,2871,2242,2056,1906,3636,3724,4057,2553,1191,982,768,58.45461703
400C100US25309,25309,"Dyersburg, TN Urban Cluster (2010)",1617,306,153,149,84,83,95,72,47,95,128,206,140,46,0,0,13,52.07173779
400C100US25741,25741,"Easton, MD Urban Cluster (2010)",1153,111,40,42,259,78,45,54,91,11,126,148,35,0,66,40,7,54.0329575
400C100US25849,25849,"East Stroudsburg, PA--NJ Urbanized Area (2010)",2442,63,59,153,132,204,4,166,96,92,107,254,326,253,194,213,126,74.97952498
400C100US26092,26092,"Eden, NC Urban Cluster (2010)",1650,229,118,190,204,157,65,238,123,61,119,36,17,73,0,9,11,45.57575758
400C100US26119,26119,"Edenton, NC Urban Cluster (2010)",1137,387,76,202,162,81,11,85,0,18,63,7,0,23,0,16,6,20.1407212
400C100US26362,26362,"Elberton, GA Urban Cluster (2010)",1038,202,302,179,78,82,22,49,47,9,33,12,14,0,0,9,0,18.78612717
400C100US26470,26470,"El Dorado, AR Urban Cluster (2010)",3576,764,456,359,252,230,178,244,196,110,244,132,241,83,64,23,0,42.36577181
400C100US26686,26686,"Elizabeth City, NC Urban Cluster (2010)",3749,933,339,380,219,318,215,142,154,104,208,319,179,142,41,50,6,41.61109629
400C100US26750,26750,"Elizabethtown--Radcliff, KY Urbanized Area (2010)",4667,486,157,346,167,237,227,212,90,227,577,513,601,342,248,129,108,70.15213199
400C100US26794,26794,"Elkhart, IN--MI Urbanized Area (2010)",3680,803,339,335,304,267,187,178,185,149,317,239,242,83,45,7,0,44.34782609
400C100US27118,27118,"Elmira, NY Urbanized Area (2010)",1340,296,265,52,70,131,88,14,0,27,58,84,67,34,26,123,5,39.25373134
400C100US27253,27253,"El Paso, TX--NM Urbanized Area (2010)",8803,585,440,403,545,338,578,478,443,544,935,1181,808,670,413,241,201,73.74758605
400C100US27550,27550,"Emporia, VA Urban Cluster (2010)",1788,409,204,103,225,75,203,69,82,103,86,104,77,48,0,0,0,43.17673378
400C100US27685,27685,"Enterprise, AL Urban Cluster (2010)",2315,524,244,245,142,164,95,104,90,63,183,70,139,79,93,10,70,43.0237581
400C100US27766,27766,"Erie, PA Urbanized Area (2010)",6428,1395,865,632,484,426,305,285,357,119,441,414,371,224,80,0,30,40.85252022
400C100US28090,28090,"Eufaula, AL--GA Urban Cluster (2010)",1709,402,246,164,139,107,76,69,77,76,86,161,53,27,0,26,0,38.09245173
400C100US28144,28144,"Eunice, LA Urban Cluster (2010)",1408,310,251,95,101,77,117,46,74,36,98,75,101,16,2,9,0,40.76704545
400C100US28333,28333,"Evansville, IN--KY Urbanized Area (2010)",8250,1828,1067,719,635,710,572,626,333,320,385,361,377,167,127,8,15,39.89090909
400C100US28549,28549,"Fairbanks, AK Urbanized Area (2010)",1462,158,60,64,22,12,56,185,12,35,88,145,250,68,116,122,69,78.38577291
400C100US28657,28657,"Fairfield, CA Urbanized Area (2010)",8141,703,495,336,284,309,335,318,360,473,589,903,901,803,423,530,379,73.87298858
400C100US29089,29089,"Fargo, ND--MN Urbanized Area (2010)",1786,479,248,183,54,174,80,51,68,57,124,44,104,99,0,10,11,36.28219485
400C100US29440,29440,"Fayetteville, NC Urbanized Area (2010)",45809,5128,3517,2909,2978,3137,3076,2838,2480,2614,3731,4285,4585,2396,834,806,495,61.42897684
400C100US29494,29494,"Fayetteville--Springdale--Rogers, AR--MO Urbanized Area (2010)",2902,391,243,151,216,164,276,121,188,80,125,211,213,239,43,200,41,59.85527223
400C100US29602,29602,"Fernandina Beach, FL Urban Cluster (2010)",1008,61,156,75,140,74,40,32,18,12,103,86,26,64,9,105,7,49.8015873
400C100US29683,29683,"Ferriday, LA Urban Cluster (2010)",1419,443,313,98,182,75,38,45,54,39,105,4,11,0,0,12,0,21.70542636
400C100US29791,29791,"Fitzgerald, GA Urban Cluster (2010)",1972,754,171,199,64,114,124,139,90,100,15,97,68,31,0,6,0,33.97565923
400C100US29872,29872,"Flint, MI Urbanized Area (2010)",32380,7250,3291,2860,2975,2015,1918,1667,1656,1061,1901,1933,1959,1044,415,301,134,43.20259419
400C100US29953,29953,"Florence, AL Urbanized Area (2010)",6000,1367,452,516,379,469,377,281,388,238,461,485,289,142,95,15,46,46.95
400C100US30061,30061,"Florence, SC Urbanized Area (2010)",15308,2376,1703,1321,1166,1131,1032,860,835,568,1141,1168,1242,319,271,88,87,49.71910112
400C100US30331,30331,"Forest City, NC Urban Cluster (2010)",1919,307,456,146,106,103,240,151,62,18,100,99,123,8,0,0,0,41.74048984
400C100US30466,30466,"Forrest City, AR Urban Cluster (2010)",2541,549,264,237,152,237,135,99,44,132,251,266,90,47,16,22,0,43.36875246
400C100US30748,30748,"Fort Leonard Wood, MO Urban Cluster (2010)",1304,21,83,78,36,137,72,16,147,71,150,150,203,127,8,5,0,72.77607362
400C100US30925,30925,"Fort Smith, AR--OK Urbanized Area (2010)",3215,483,595,301,266,341,226,74,188,89,191,207,148,53,19,14,20,38.22706065
400C100US31033,31033,"Fort Valley, GA Urban Cluster (2010)",2720,644,370,412,183,188,193,77,86,72,206,130,96,6,37,20,0,33.93382353
400C100US31060,31060,"Fort Walton Beach--Navarre--Wright, FL Urbanized Area (2010)",4935,505,403,304,141,100,432,596,272,246,400,428,432,345,158,41,132,70.55724417
400C100US31087,31087,"Fort Wayne, IN Urbanized Area (2010)",15961,3089,1856,1220,990,1183,1229,950,789,534,1091,1005,1203,388,227,124,83,47.7601654
400C100US31249,31249,"Frankfort, KY Urban Cluster (2010)",1907,382,97,123,45,169,113,227,66,200,64,180,145,47,36,13,0,57.21027792
400C100US31303,31303,"Franklin, LA Urban Cluster (2010)",2253,413,275,314,128,173,140,91,122,88,152,111,143,36,31,18,18,42.16600089
400C100US31438,31438,"Franklin, VA Urban Cluster (2010)",2245,349,309,260,220,138,171,194,31,115,198,114,78,34,0,34,0,43.16258352
400C100US31519,31519,"Frederick, MD Urbanized Area (2010)",6736,495,309,356,242,260,324,319,304,221,361,839,640,641,446,676,303,75.32660333
400C100US31600,31600,"Fredericksburg, VA Urbanized Area (2010)",8864,539,340,177,432,567,255,450,304,445,448,1112,1137,696,724,728,510,76.81633574
400C100US31681,31681,"Freeport, IL Urban Cluster (2010)",1564,285,276,45,198,83,136,49,81,87,122,65,43,16,71,0,7,43.28644501
400C100US31843,31843,"Fresno, CA Urbanized Area (2010)",15577,2861,2035,1459,1245,645,863,601,609,587,1087,1308,940,471,370,295,201,47.06939719
400C100US32113,32113,"Gadsden, AL Urbanized Area (2010)",5717,905,804,725,579,366,219,252,334,172,396,544,162,177,49,27,6,40.8955746
400C100US32140,32140,"Gaffney, SC Urban Cluster (2010)",2929,650,229,358,316,142,149,204,184,154,144,114,176,35,42,32,0,42.13041994
400C100US32167,32167,"Gainesville, FL Urbanized Area (2010)",14213,3234,1527,1266,1103,950,859,950,605,337,1138,882,668,405,110,71,108,43.15063674
400C100US32194,32194,"Gainesville, GA Urbanized Area (2010)",4054,492,244,592,405,303,164,179,256,78,391,415,297,138,82,0,18,49.77799704
400C100US32491,32491,"Galveston, TX Urban Cluster (2010)",3703,909,469,416,328,249,216,128,101,162,184,244,164,82,10,29,12,35.97083446
400C100US32653,32653,"Gastonia, NC--SC Urbanized Area (2010)",11545,1630,1145,1044,1024,716,865,690,652,593,857,788,887,335,83,138,98,51.8492854
400C100US33031,33031,"Georgetown, SC Urban Cluster (2010)",2236,455,356,230,380,167,82,82,48,24,125,50,140,42,38,17,0,28.980322
400C100US33814,33814,"Goldsboro, NC Urbanized Area (2010)",9912,1757,881,739,761,712,696,462,503,578,801,759,646,262,166,135,54,51.06941082
400C100US34151,34151,"Gramercy--Lutcher, LA Urban Cluster (2010)",2376,387,255,160,206,99,218,52,66,159,77,193,372,17,53,56,6,53.40909091
400C100US34300,34300,"Grand Rapids, MI Urbanized Area (2010)",21403,4400,2401,2190,1379,1339,1796,1012,995,598,1325,1444,1337,622,251,195,119,45.29271597
400C100US34813,34813,"Green Bay, WI Urbanized Area (2010)",1587,181,403,185,103,106,156,72,118,30,27,29,105,20,24,2,26,38.37429112
400C100US35164,35164,"Greensboro, NC Urbanized Area (2010)",47055,6327,3999,4032,3255,3752,3402,3004,3166,1811,3575,3704,3744,1633,632,740,279,54.5956859
400C100US35272,35272,"Greenville, AL Urban Cluster (2010)",1429,223,203,276,89,122,71,116,52,28,117,55,33,27,8,9,0,36.10916725
400C100US35353,35353,"Greenville, MS Urban Cluster (2010)",9334,1826,1400,936,785,513,650,538,370,312,558,619,310,236,53,141,87,41.50417827
400C100US35380,35380,"Greenville, NC Urbanized Area (2010)",16364,2776,1541,1440,1636,1242,1132,947,766,773,1302,1052,898,543,102,135,79,47.23172818
400C100US35461,35461,"Greenville, SC Urbanized Area (2010)",28262,5049,3194,2568,2458,2089,2455,1145,1420,1238,1826,1864,1645,585,314,199,213,45.65848135
400C100US35488,35488,"Greenville, TX Urban Cluster (2010)",1556,263,294,93,134,124,66,73,93,86,120,171,24,15,0,0,0,41.64524422
400C100US35569,35569,"Greenwood, MS Urban Cluster (2010)",4972,1662,565,398,381,339,292,172,209,91,309,225,171,50,78,10,20,32.7232502
400C100US35596,35596,"Greenwood, SC Urban Cluster (2010)",5981,963,994,711,743,408,304,326,69,209,274,433,276,186,56,11,18,36.14780137
400C100US35623,35623,"Grenada, MS Urban Cluster (2010)",1690,432,247,204,190,97,102,54,26,6,183,90,48,0,4,0,7,30.76923077
400C100US35920,35920,"Gulfport, MS Urbanized Area (2010)",17777,3087,1744,1673,1731,1409,1363,881,724,715,1593,1082,985,312,213,155,110,45.75012657
400C100US36190,36190,"Hagerstown, MD--WV--PA Urbanized Area (2010)",6511,913,388,537,416,397,294,235,277,228,446,712,730,388,176,302,72,59.28428813
400C100US36514,36514,"Hammond, LA Urbanized Area (2010)",7482,1164,816,1037,671,591,532,412,102,309,422,538,357,310,102,52,67,42.80940925
400C100US36703,36703,"Hanford, CA Urbanized Area (2010)",1594,139,116,73,97,81,84,56,35,85,82,214,121,43,153,103,112,68.25595985
400C100US37081,37081,"Harrisburg, PA Urbanized Area (2010)",19633,2579,1330,1337,1251,1315,1370,1392,998,883,1897,1880,1491,848,406,447,209,60.20985076
400C100US37162,37162,"Harrisonburg, VA Urbanized Area (2010)",1248,239,107,113,46,112,121,9,59,31,2,80,153,146,19,11,0,50.56089744
400C100US37243,37243,"Hartford, CT Urbanized Area (2010)",43427,5405,2867,2683,2647,2357,2390,2297,2048,1788,3586,4049,4849,2515,1762,1415,769,63.2509729
400C100US37405,37405,"Hartsville, SC Urban Cluster (2010)",2066,499,312,165,113,160,143,138,36,96,40,162,133,22,32,15,0,39.54501452
400C100US37594,37594,"Hattiesburg, MS Urbanized Area (2010)",11753,2466,1453,1245,717,931,673,772,343,573,721,680,839,179,102,17,42,42.04033013
400C100US37918,37918,"Hazlehurst, MS Urban Cluster (2010)",1122,258,150,100,54,31,71,126,102,32,59,53,53,0,15,0,18,47.14795009
400C100US38172,38172,"Helena-West Helena, AR Urban Cluster (2010)",3098,702,538,408,313,207,99,118,117,30,274,38,102,50,31,44,27,30.01936733
400C100US38215,38215,"Hemet, CA Urbanized Area (2010)",3260,388,491,327,272,123,195,124,162,159,127,170,280,213,40,169,20,50.88957055
400C100US38242,38242,"Hempstead, TX Urban Cluster (2010)",1028,104,78,151,92,10,69,77,104,101,48,105,57,32,0,0,0,57.6848249
400C100US38269,38269,"Henderson, NC Urban Cluster (2010)",4221,810,659,570,498,315,211,219,141,159,112,319,136,11,0,0,61,32.43307273
400C100US38323,38323,"Henderson, TX Urban Cluster (2010)",1003,112,60,121,194,75,86,53,87,40,51,5,40,57,22,0,0,43.96809571
400C100US38647,38647,"Hickory, NC Urbanized Area (2010)",6359,1179,854,320,525,649,521,300,374,264,462,329,185,282,44,20,51,44.53530429
400C100US38809,38809,"High Point, NC Urbanized Area (2010)",16438,2341,1858,1426,1186,1270,950,1095,1169,533,1074,1363,1187,585,203,106,92,50.83951819
400C100US39079,39079,"Hilton Head Island, SC Urbanized Area (2010)",2424,378,228,71,52,258,123,171,63,75,150,231,310,116,95,23,80,59.28217822
400C100US39133,39133,"Hinesville, GA Urbanized Area (2010)",7987,904,531,481,645,315,550,335,505,269,887,769,900,497,180,123,96,63.99148617
400C100US39565,39565,"Holly Springs, MS Urban Cluster (2010)",1366,313,78,245,99,120,75,93,54,28,101,43,83,0,2,32,0,37.40849195
400C100US39758,39758,"Homosassa Springs--Beverly Hills--Citrus Springs, FL Urbanized Area (2010)",1230,205,164,43,151,165,114,48,66,25,84,94,67,4,0,0,0,40.81300813
400C100US40024,40024,"Hope, AR Urban Cluster (2010)",1630,235,167,216,317,138,71,18,196,99,56,27,57,17,9,7,0,34.17177914
400C100US40078,40078,"Hopkinsville, KY Urban Cluster (2010)",3958,876,536,292,468,298,188,317,142,56,317,230,84,76,40,27,11,37.59474482
400C100US40213,40213,"Hot Springs, AR Urbanized Area (2010)",2657,476,510,245,311,146,234,107,102,71,232,21,60,80,48,0,14,36.46970267
400C100US40375,40375,"Houma, LA Urbanized Area (2010)",10225,1614,680,985,1073,791,731,503,561,436,584,597,812,373,254,133,98,49.70171149
400C100US40429,40429,"Houston, TX Urbanized Area (2010)",348224,39667,23175,22093,20916,20329,22023,17682,16905,14941,28627,32547,34745,21872,13099,11851,7752,63.76470318
400C100US40645,40645,"Humboldt, TN Urban Cluster (2010)",1503,243,117,221,118,125,58,170,92,25,129,132,55,9,0,9,0,45.17631404
400C100US40753,40753,"Huntington, WV--KY--OH Urbanized Area (2010)",3062,807,383,200,186,160,207,115,217,64,111,244,142,140,63,13,10,43.30502939
400C100US40780,40780,"Huntsville, AL Urbanized Area (2010)",28322,3616,2681,2075,2095,1723,1670,1797,1179,911,2070,2082,2504,1681,757,840,641,56.95925429
400C100US40807,40807,"Huntsville, TX Urban Cluster (2010)",2425,728,549,73,214,75,189,117,94,16,82,148,37,86,0,17,0,32.41237113
400C100US41077,41077,"Immokalee, FL Urban Cluster (2010)",1074,327,147,52,126,57,37,30,60,20,67,97,23,0,31,0,0,33.98510242
400C100US41212,41212,"Indianapolis, IN Urbanized Area (2010)",102099,15723,9044,8281,7319,7186,7507,6447,4992,4097,7790,7601,7660,3988,1885,1390,1189,53.42461728
400C100US41266,41266,"Indianola, MS Urban Cluster (2010)",2759,478,279,291,270,257,138,124,98,50,241,256,168,60,15,8,26,42.91409931
400C100US41347,41347,"Indio--Cathedral City, CA Urbanized Area (2010)",3025,187,238,255,252,246,135,145,185,52,154,255,533,170,98,91,29,61.05785124
400C100US41590,41590,"Iowa City, IA Urbanized Area (2010)",2314,373,271,323,126,150,130,144,174,6,148,171,188,50,0,51,9,46.28349179
400C100US41914,41914,"Ithaca, NY Urbanized Area (2010)",1143,386,74,106,70,42,68,26,7,36,82,7,143,29,24,21,22,40.6824147
400C100US42157,42157,"Jackson, MI Urbanized Area (2010)",3552,1138,349,264,228,178,226,158,136,25,167,228,223,147,39,31,15,39.27364865
400C100US42211,42211,"Jackson, MS Urbanized Area (2010)",63052,8980,5106,4801,5129,4716,4271,3771,3309,2760,4742,4917,5107,2905,1144,757,637,54.43126308
400C100US42265,42265,"Jackson, TN Urbanized Area (2010)",10910,1934,1302,1011,627,863,877,682,636,350,792,634,837,228,55,50,32,47.4152154
400C100US42346,42346,"Jacksonville, FL Urbanized Area (2010)",98343,14393,8586,7173,6585,7111,6667,6097,5152,3842,6925,8455,8650,4806,1813,1254,834,55.41319667
400C100US42400,42400,"Jacksonville, NC Urbanized Area (2010)",7285,649,436,879,580,394,666,410,667,309,432,793,439,412,119,100,0,59.67055594
400C100US42427,42427,"Jacksonville, TX Urban Cluster (2010)",1038,287,163,185,49,25,44,28,38,45,20,99,9,37,0,0,9,31.6955684
400C100US42751,42751,"Jasper, TX Urban Cluster (2010)",1200,404,175,90,92,62,61,75,36,34,17,59,74,21,0,0,0,31.41666667
400C100US42805,42805,"Jeanerette, LA Urban Cluster (2010)",1314,312,147,99,122,50,95,136,40,38,167,31,60,17,0,0,0,44.44444444
400C100US42967,42967,"Jefferson City, MO Urbanized Area (2010)",2350,441,189,98,262,169,195,64,185,140,99,194,111,105,13,45,40,50.68085106
400C100US43102,43102,"Jesup, GA Urban Cluster (2010)",1178,364,143,90,114,27,58,30,54,36,33,84,125,20,0,0,0,37.35144312
400C100US43210,43210,"Johnson City, TN Urbanized Area (2010)",1908,301,236,277,55,167,153,53,105,89,164,124,123,42,0,0,19,45.70230608
400C100US43291,43291,"Johnstown, PA Urbanized Area (2010)",1410,505,285,71,101,51,68,57,68,33,69,51,34,14,3,0,0,28.15602837
400C100US43345,43345,"Jonesboro, AR Urbanized Area (2010)",3972,959,410,448,260,344,282,112,137,155,311,202,261,8,53,23,7,39.04833837
400C100US43372,43372,"Jonesboro, LA Urban Cluster (2010)",1055,255,207,95,99,63,59,49,56,37,40,44,13,0,0,38,0,31.84834123
400C100US43507,43507,"Junction City, KS Urban Cluster (2010)",2492,177,66,114,68,229,233,108,162,391,242,282,174,207,13,21,5,73.75601926
400C100US43723,43723,"Kalamazoo, MI Urbanized Area (2010)",10384,2068,1554,1051,699,818,530,301,622,441,462,464,672,359,128,95,120,40.38906009
400C100US43885,43885,"Kankakee, IL Urbanized Area (2010)",4587,1025,473,306,240,309,281,103,283,265,336,337,282,128,134,85,0,48.7028559
400C100US43912,43912,"Kansas City, MO--KS Urbanized Area (2010)",92235,14903,8043,6645,6191,6377,6285,5246,5121,3155,7105,7770,7969,3523,1936,1262,704,54.29175476
400C100US44479,44479,"Kennewick--Pasco, WA Urbanized Area (2010)",1295,273,139,22,19,69,41,106,29,48,101,125,219,26,39,0,39,59.69111969
400C100US44506,44506,"Kenosha, WI--IL Urbanized Area (2010)",3686,636,381,416,302,234,178,217,36,103,216,341,253,228,103,5,37,46.58166034
400C100US44992,44992,"Killeen, TX Urbanized Area (2010)",20751,1327,1092,1426,1242,1261,1219,1266,1057,1234,2532,1880,2698,999,684,639,195,69.4087032
400C100US45235,45235,"Kingsport, TN--VA Urbanized Area (2010)",1033,171,60,203,64,56,47,79,35,32,80,63,58,31,19,10,25,46.36979671
400C100US45262,45262,"Kingston, NY Urbanized Area (2010)",1591,161,94,75,157,83,179,129,122,64,109,214,52,76,28,11,37,64.1734758
400C100US45289,45289,"Kingstree, SC Urban Cluster (2010)",1471,283,247,191,106,138,84,68,33,129,35,92,46,14,0,5,0,34.39836846
400C100US45397,45397,"Kinston, NC Urban Cluster (2010)",6422,1441,695,577,470,565,304,344,307,312,291,375,355,170,96,94,26,41.63811897
400C100US45451,45451,"Kissimmee, FL Urbanized Area (2010)",9245,755,717,582,533,522,671,498,498,422,888,994,1161,403,285,200,116,66.37101136
400C100US45640,45640,"Knoxville, TN Urbanized Area (2010)",19205,4152,1859,1794,1351,1391,1340,947,963,448,1292,1425,1069,541,261,212,160,45.08200989
400C100US45694,45694,"Kokomo, IN Urbanized Area (2010)",2281,575,197,230,113,67,216,63,115,96,91,150,175,52,68,33,40,48.18062253
400C100US45721,45721,"Kosciusko, MS Urban Cluster (2010)",1299,407,71,182,105,95,72,100,5,38,38,61,87,0,0,38,0,33.7952271
400C100US45937,45937,"Lady Lake--The Villages, FL Urbanized Area (2010)",1058,71,101,54,66,80,148,8,30,112,134,86,34,57,0,77,0,64.83931947
400C100US46018,46018,"Lafayette, IN Urbanized Area (2010)",2644,571,232,463,201,336,38,75,233,6,82,103,128,51,36,0,89,31.80786687
400C100US46045,46045,"Lafayette, LA Urbanized Area (2010)",25183,3981,2795,2311,2281,1491,1597,1312,1244,927,1649,1721,1992,897,372,328,285,48.93777548
400C100US46234,46234,"LaGrange, GA Urban Cluster (2010)",5572,1085,574,663,363,305,334,206,231,232,422,463,412,175,27,40,40,46.33883704
400C100US46531,46531,"Lake Charles, LA Urbanized Area (2010)",15626,2679,1533,1196,1604,1306,699,903,751,484,1236,1070,895,448,292,405,125,46.76820683
400C100US46558,46558,"Lake City, FL Urban Cluster (2010)",2224,401,225,300,205,122,31,101,199,70,214,109,135,93,19,0,0,43.66007194
400C100US46612,46612,"Lake City, SC Urban Cluster (2010)",2145,563,271,164,99,87,235,122,76,117,133,87,53,46,51,0,41,44.8018648
400C100US46801,46801,"Lake Jackson--Angleton, TX Urbanized Area (2010)",2737,266,168,123,103,346,171,126,132,246,275,224,235,158,39,111,14,63.24442821
400C100US46828,46828,"Lakeland, FL Urbanized Area (2010)",12822,1650,986,932,1000,991,740,1058,522,553,1298,997,1139,595,194,116,51,56.6448292
400C100US47098,47098,"Lake Providence, LA Urban Cluster (2010)",1522,392,238,239,124,193,67,48,60,28,60,11,49,9,4,0,0,22.07621551
400C100US47530,47530,"Lancaster, PA Urbanized Area (2010)",6066,798,461,385,577,393,295,433,426,220,458,699,326,267,117,136,75,56.90735246
400C100US47557,47557,"Lancaster, SC Urban Cluster (2010)",3510,951,475,283,344,227,159,224,106,110,145,244,185,27,0,12,18,35.04273504
400C100US47611,47611,"Lancaster--Palmdale, CA Urbanized Area (2010)",17461,3313,1445,948,1115,602,768,1042,570,693,1384,1190,1793,1146,679,476,297,57.48811637
400C100US47719,47719,"Lansing, MI Urbanized Area (2010)",14861,3040,836,1325,953,815,748,836,736,753,833,1338,1280,635,409,172,152,53.10544378
400C100US47995,47995,"Las Vegas--Henderson, NV Urbanized Area (2010)",78358,10443,5412,5139,5086,5036,5478,4671,4251,3679,5958,7186,7615,3139,1927,1886,1452,60.28995125
400C100US48043,48043,"Laurel, MS Urban Cluster (2010)",4808,826,670,806,436,404,308,216,245,54,339,191,113,106,0,81,13,34.65058236
400C100US48151,48151,"Laurens, SC Urban Cluster (2010)",1366,319,126,99,155,124,36,37,90,83,111,44,55,87,0,0,0,39.7510981
400C100US48178,48178,"Laurinburg, NC Urban Cluster (2010)",3599,1074,492,446,270,198,222,171,118,73,92,190,171,50,32,0,0,31.09196999
400C100US48232,48232,"Lawrence, KS Urbanized Area (2010)",1772,179,120,164,161,133,89,53,49,18,286,256,179,14,25,46,0,57.27990971
400C100US48394,48394,"Lawton, OK Urbanized Area (2010)",6990,717,691,563,488,384,434,302,431,316,553,769,708,385,137,50,62,59.32761087
400C100US48475,48475,"Leavenworth, KS Urban Cluster (2010)",1819,230,119,78,128,116,106,61,68,93,153,250,118,141,122,20,16,63.11159978
400C100US48691,48691,"Lebanon, TN Urban Cluster (2010)",1263,328,138,64,127,50,147,95,0,60,61,151,19,10,0,13,0,44.02216944
400C100US48799,48799,"Leesburg--Eustis--Tavares, FL Urbanized Area (2010)",4987,709,609,400,471,225,390,324,201,240,123,611,495,58,66,19,46,51.59414478
400C100US48826,48826,"Lee's Summit, MO Urbanized Area (2010)",2141,178,18,109,15,46,54,74,123,174,150,398,246,217,44,225,70,82.90518449
400C100US48853,48853,"Leesville, LA Urban Cluster (2010)",1250,158,115,94,72,97,81,83,48,61,101,106,83,95,24,25,7,57.12
400C100US48961,48961,"Leland, MS Urban Cluster (2010)",1197,239,97,233,125,115,59,39,114,28,44,60,29,11,0,4,0,32.41436926
400C100US49096,49096,"Leominster--Fitchburg, MA Urbanized Area (2010)",1457,142,65,172,68,51,35,64,40,43,111,240,204,75,67,57,23,65.82017845
400C100US49582,49582,"Lexington-Fayette, KY Urbanized Area (2010)",17551,3638,1507,1488,1576,1307,1200,903,542,928,752,1057,1297,551,392,281,132,45.78086719
400C100US49594,49594,"Lexington Park--California--Chesapeake Ranch Estates, MD Urbanized Area (2010)",4078,443,253,222,64,213,201,235,263,102,196,514,464,362,311,169,66,70.69641981
400C100US49852,49852,"Lima, OH Urbanized Area (2010)",4576,998,732,437,419,154,288,163,225,99,292,190,376,93,30,53,27,40.12237762
400C100US49933,49933,"Lincoln, NE Urbanized Area (2010)",3798,425,641,558,121,327,500,90,61,238,390,133,190,74,9,32,9,45.44497104
400C100US49987,49987,"Lincolnton, NC Urban Cluster (2010)",1043,88,111,160,157,55,131,28,81,38,0,106,34,14,21,19,0,45.25407478
400C100US50392,50392,"Little Rock, AR Urbanized Area (2010)",50684,7114,4629,4350,4205,3397,4003,3161,2939,2162,3827,3691,3809,1585,833,683,296,53.24954621
400C100US50500,50500,"Live Oak, FL Urban Cluster (2010)",1052,377,50,156,288,22,0,52,18,20,0,45,12,12,0,0,0,15.11406844
400C100US51256,51256,"Longview, TX Urbanized Area (2010)",7704,1246,966,922,583,609,356,287,364,386,473,584,510,249,126,26,17,43.84735202
400C100US51364,51364,"Lorain--Elyria, OH Urbanized Area (2010)",7243,1362,883,699,587,643,410,390,263,372,568,358,420,168,75,36,9,42.37194533
400C100US51445,51445,"Los Angeles--Long Beach--Anaheim, CA Urbanized Area (2010)",329689,37422,30438,20001,20073,17380,18087,14183,14014,13155,24690,29799,33096,22513,12850,12232,9756,61.99023929
400C100US51742,51742,"Louisville, MS Urban Cluster (2010)",1078,397,85,130,129,36,21,36,14,25,88,56,39,9,13,0,0,27.92207792
400C100US51755,51755,"Louisville/Jefferson County, KY--IN Urbanized Area (2010)",66231,11738,6609,5442,4773,4799,4152,3646,3170,2741,4579,4650,4891,2185,1429,748,679,49.62932766
400C100US51877,51877,"Lubbock, TX Urbanized Area (2010)",6542,911,809,570,420,714,411,275,392,380,462,461,411,95,83,121,27,47.66126567
400C100US51985,51985,"Lufkin, TX Urban Cluster (2010)",3834,545,338,380,436,327,223,283,186,94,270,379,260,47,35,21,10,47.15701617
400C100US52066,52066,"Lumberton, NC Urban Cluster (2010)",3170,748,236,258,315,237,139,178,205,163,177,138,214,18,35,96,13,43.40694006
400C100US52201,52201,"Lynchburg, VA Urbanized Area (2010)",9691,1579,1021,894,842,743,690,572,494,460,492,740,712,215,137,40,60,47.59054793
400C100US52390,52390,"McAllen, TX Urbanized Area (2010)",1128,93,57,62,109,51,83,107,0,41,61,83,177,69,73,33,29,67.0212766
400C100US52471,52471,"McComb, MS Urban Cluster (2010)",4145,897,423,526,255,287,207,199,318,140,228,188,262,74,73,0,68,42.38841978
400C100US52687,52687,"McKinney, TX Urbanized Area (2010)",6595,403,142,200,46,537,372,107,100,248,525,630,1110,925,543,505,202,79.86353298
400C100US52822,52822,"Macon, GA Urbanized Area (2010)",26817,5848,2943,2689,2177,2163,1457,1506,897,766,1587,1763,1652,593,228,466,82,41.00756983
400C100US52930,52930,"McRae, GA Urban Cluster (2010)",1212,339,123,25,178,215,32,46,94,65,63,0,25,7,0,0,0,27.39273927
400C100US53200,53200,"Madison, WI Urbanized Area (2010)",9012,1831,853,605,515,819,536,309,485,467,527,798,449,348,128,211,131,48.70173103
400C100US53227,53227,"Madisonville, KY Urban Cluster (2010)",1030,185,251,7,48,56,28,65,125,44,45,82,67,9,18,0,0,46.89320388
400C100US53362,53362,"Magnolia, AR Urban Cluster (2010)",1664,603,177,154,56,32,190,17,118,55,57,41,112,25,27,0,0,38.58173077
400C100US53551,53551,"Malvern, AR Urban Cluster (2010)",1224,164,111,166,165,57,113,27,25,115,39,119,71,8,44,0,0,45.83333333
400C100US53740,53740,"Manchester, NH Urbanized Area (2010)",1721,223,57,71,154,122,49,123,59,147,122,124,135,138,31,91,75,63.5676932
400C100US53794,53794,"Mandeville--Covington, LA Urbanized Area (2010)",2070,241,242,281,71,123,61,220,59,49,239,164,194,45,36,0,45,53.71980676
400C100US53848,53848,"Manhattan, KS Urbanized Area (2010)",1287,257,35,89,24,20,107,35,54,175,96,135,152,67,41,0,0,66.97746698
400C100US54037,54037,"Manning, SC Urban Cluster (2010)",1122,378,211,110,32,104,82,51,19,55,0,31,23,0,0,26,0,25.57932264
400C100US54064,54064,"Mansfield, LA Urban Cluster (2010)",1693,422,157,245,93,102,107,44,71,9,92,90,127,110,0,15,9,39.81098641
400C100US54091,54091,"Mansfield, OH Urbanized Area (2010)",3161,664,235,163,349,217,293,176,263,111,190,164,191,101,32,12,0,48.49731098
400C100US54415,54415,"Marianna, AR Urban Cluster (2010)",1065,363,125,149,9,96,101,68,25,49,46,15,0,0,19,0,0,30.3286385
400C100US54442,54442,"Marianna, FL Urban Cluster (2010)",1002,224,146,147,136,67,0,85,122,9,0,0,66,0,0,0,0,28.14371257
400C100US54477,54477,"Maricopa, AZ Urban Cluster (2010)",1366,57,10,9,0,92,9,25,17,57,113,471,277,169,23,37,0,87.70131772
400C100US54577,54577,"Marion, IN Urban Cluster (2010)",1956,447,167,301,143,191,142,62,109,41,66,131,117,8,0,0,31,36.14519427
400C100US54685,54685,"Marion, SC Urban Cluster (2010)",1745,652,187,170,87,82,102,63,7,84,112,103,55,0,36,5,0,32.49283668
400C100US54739,54739,"Marion Oaks, FL Urban Cluster (2010)",1205,68,91,107,25,85,129,119,87,119,212,113,0,17,33,0,0,68.7966805
400C100US54793,54793,"Marksville, LA Urban Cluster (2010)",1067,141,74,203,166,35,34,98,77,60,109,43,19,8,0,0,0,41.9868791
400C100US55036,55036,"Marshall, TX Urban Cluster (2010)",3372,809,373,388,102,251,84,99,187,171,262,106,317,125,16,52,30,42.97153025
400C100US55252,55252,"Martinsville, VA Urban Cluster (2010)",3963,788,467,287,534,213,226,173,168,195,258,250,181,120,62,41,0,42.24072672
400C100US55603,55603,"Mauldin--Simpsonville, SC Urbanized Area (2010)",6854,295,319,520,395,266,330,222,365,252,620,1067,1198,458,287,185,75,73.81091334
400C100US56116,56116,"Memphis, TN--MS--AR Urbanized Area (2010)",190036,27095,15663,15363,14189,13027,11998,10648,10252,7821,14433,16740,15249,8592,4738,2718,1510,55.09429792
400C100US56251,56251,"Merced, CA Urbanized Area (2010)",2490,360,385,196,187,110,125,101,54,159,135,137,257,111,63,82,28,50.2811245
400C100US56305,56305,"Meridian, MS Urban Cluster (2010)",9128,1617,1374,1275,928,698,521,254,449,383,358,383,606,142,28,63,49,35.45135846
400C100US56602,56602,"Miami, FL Urbanized Area (2010)",357363,43112,26811,25282,25037,23937,21776,21285,19306,17897,28665,31623,33984,18613,8517,7525,3993,59.65474881
400C100US56656,56656,"Michigan City--La Porte, IN--MI Urbanized Area (2010)",3076,750,404,282,219,215,159,189,55,125,135,189,199,95,21,18,21,39.20676203
400C100US56845,56845,"Middletown, DE Urban Cluster (2010)",2136,41,46,19,95,103,156,76,38,114,83,162,312,342,175,178,196,85.76779026
400C100US56899,56899,"Middletown, NY Urbanized Area (2010)",3701,288,112,130,119,122,143,172,249,115,352,304,577,330,393,231,64,79.16779249
400C100US56926,56926,"Middletown, OH Urbanized Area (2010)",2241,424,362,218,181,166,105,71,107,94,117,181,128,35,46,4,2,39.71441321
400C100US57007,57007,"Midland, TX Urbanized Area (2010)",3191,278,137,259,259,146,385,118,152,160,401,273,274,219,58,62,10,66.18614854
400C100US57196,57196,"Milford, DE Urban Cluster (2010)",1019,187,86,47,46,27,60,71,89,47,18,71,151,51,36,0,32,61.43277723
400C100US57223,57223,"Milledgeville, GA Urban Cluster (2010)",4529,990,466,665,549,298,149,241,146,111,212,205,329,44,13,93,18,34.46676971
400C100US57466,57466,"Milwaukee, WI Urbanized Area (2010)",95086,15855,11325,9339,8083,7043,6626,4809,5040,3469,6395,5816,5458,2935,1416,897,580,45.68601056
400C100US57493,57493,"Minden, LA Urban Cluster (2010)",2815,479,455,404,193,212,155,195,212,48,203,76,141,26,7,9,0,38.08170515
400C100US57628,57628,"Minneapolis--St. Paul, MN--WI Urbanized Area (2010)",85371,15774,7563,7173,6279,5064,5033,3871,4044,3141,6285,6272,6568,3758,1814,1577,1155,50.9751555
400C100US57709,57709,"Mission Viejo--Lake Forest--San Clemente, CA Urbanized Area (2010)",3244,85,105,36,121,116,96,74,109,333,234,260,514,198,391,322,250,85.72749692
400C100US57925,57925,"Mobile, AL Urbanized Area (2010)",47114,8603,4987,4749,3705,3179,3026,2051,2039,1860,3374,3124,3289,1428,784,635,281,46.46389608
400C100US58006,58006,"Modesto, CA Urbanized Area (2010)",3639,546,412,210,322,320,127,225,154,67,333,181,268,285,102,36,51,50.26106073
400C100US58168,58168,"Monessen--California, PA Urbanized Area (2010)",1550,350,179,169,91,92,92,101,44,15,111,87,104,57,31,17,10,43.16129032
400C100US58303,58303,"Monroe, GA Urban Cluster (2010)",2428,645,274,124,248,131,234,256,61,29,191,88,46,101,0,0,0,41.43327842
400C100US58330,58330,"Monroe, LA Urbanized Area (2010)",17696,3564,2648,1904,1354,1441,983,708,775,531,901,962,966,544,181,108,126,38.34199819
400C100US58573,58573,"Montezuma, GA Urban Cluster (2010)",1344,391,131,141,94,139,86,85,76,15,93,46,42,0,0,0,5,33.33333333
400C100US58600,58600,"Montgomery, AL Urbanized Area (2010)",47356,6720,4776,3786,3306,3040,2709,2698,3113,1905,3583,3686,3803,1885,1384,693,269,54.32891291
400C100US58708,58708,"Monticello, AR Urban Cluster (2010)",1268,498,121,77,147,75,39,77,32,57,56,30,51,0,0,0,8,27.60252366
400C100US58843,58843,"Monticello, NY Urban Cluster (2010)",1070,253,45,106,202,30,81,102,10,0,26,68,113,26,0,8,0,40.56074766
400C100US59194,59194,"Morehead City, NC Urban Cluster (2010)",1129,244,194,10,61,55,67,98,18,36,182,50,90,19,5,0,0,50.04428698
400C100US59221,59221,"Morgan City, LA Urban Cluster (2010)",2609,543,273,388,136,192,60,129,35,76,159,236,194,110,20,18,40,41.28018398
400C100US59275,59275,"Morgantown, WV Urbanized Area (2010)",1007,156,117,115,53,21,56,0,73,15,149,55,107,16,34,14,26,54.12115194
400C100US59410,59410,"Morristown, TN Urbanized Area (2010)",1065,135,84,184,72,62,144,25,107,19,64,12,137,0,20,0,0,49.57746479
400C100US59572,59572,"Moultrie, GA Urban Cluster (2010)",2956,775,407,315,418,251,186,99,136,29,54,54,179,39,9,0,5,26.72530447
400C100US60195,60195,"Mount Pocono--Emerald Lakes, PA Urban Cluster (2010)",2035,120,101,37,101,197,102,77,123,122,125,219,247,233,67,92,72,72.67813268
400C100US60598,60598,"Mullins, SC Urban Cluster (2010)",1363,371,322,57,113,76,55,175,61,34,2,56,0,6,17,0,18,31.10785033
400C100US60625,60625,"Muncie, IN Urbanized Area (2010)",2221,597,216,162,171,172,131,116,87,141,72,85,183,50,20,0,18,40.65736155
400C100US60733,60733,"Murfreesboro, TN Urbanized Area (2010)",7518,944,614,465,552,431,431,524,453,269,513,702,740,314,124,426,16,60.01596169
400C100US60799,60799,"Murrieta--Temecula--Menifee, CA Urbanized Area (2010)",7671,281,232,295,151,264,347,240,157,296,611,991,1167,731,932,655,321,84.05683744
400C100US60841,60841,"Muskegon, MI Urbanized Area (2010)",7946,1868,901,890,801,724,480,271,257,153,529,351,478,169,42,32,0,34.75962749
400C100US60868,60868,"Muskogee, OK Urban Cluster (2010)",2532,578,291,296,140,123,142,35,204,125,223,136,179,52,8,0,0,43.60189573
400C100US60895,60895,"Myrtle Beach--Socastee, SC--NC Urbanized Area (2010)",8020,1502,1001,710,346,690,604,434,356,451,614,419,427,142,76,126,122,47.01995012
400C100US60949,60949,"Nacogdoches, TX Urban Cluster (2010)",3288,723,353,354,303,260,271,192,249,14,164,250,103,25,27,0,0,39.38564477
400C100US61165,61165,"Nashua, NH--MA Urbanized Area (2010)",1413,72,24,112,53,113,29,38,78,130,57,111,247,179,56,60,54,73.53149328
400C100US61273,61273,"Nashville-Davidson, TN Urbanized Area (2010)",78080,9757,6533,6093,5907,4709,5111,4969,3906,3504,6008,6373,6877,3391,1688,1898,1356,57.73693648
400C100US61327,61327,"Natchez, MS--LA Urban Cluster (2010)",5583,1442,623,742,486,392,146,307,321,132,355,263,199,115,5,25,30,33.99605947
400C100US61354,61354,"Natchitoches, LA Urban Cluster (2010)",4327,1125,590,374,433,247,254,345,180,83,164,240,160,76,26,7,23,36.006471
400C100US61786,61786,"New Bedford, MA Urbanized Area (2010)",2700,402,277,241,216,147,167,132,195,152,149,133,237,153,54,9,36,52.48148148
400C100US61840,61840,"New Bern, NC Urbanized Area (2010)",4483,892,539,347,256,248,408,176,285,337,211,433,169,78,11,30,63,49.09658711
400C100US61894,61894,"Newberry, SC Urban Cluster (2010)",1765,352,239,100,260,44,180,91,25,35,109,170,90,46,0,13,11,43.62606232
400C100US62164,62164,"New Castle, PA Urban Cluster (2010)",1137,379,148,98,20,92,22,52,91,6,32,41,109,33,0,11,3,35.18029903
400C100US62407,62407,"New Haven, CT Urbanized Area (2010)",29573,3792,2340,1913,1680,1753,2064,1556,1554,992,2155,2450,2872,1796,985,1106,565,61.18756974
400C100US62677,62677,"New Orleans, LA Urbanized Area (2010)",137699,24601,13697,12480,9767,9329,8635,6416,7055,5404,8921,9705,10606,5519,2663,1732,1169,49.25598588
400C100US63001,63001,"New Roads, LA Urban Cluster (2010)",1395,220,168,264,74,67,49,75,26,71,61,137,170,13,0,0,0,43.15412186
400C100US63217,63217,"New York--Newark, NY--NJ--CT Urbanized Area (2010)",1166799,146038,80231,66958,61702,57916,60602,55061,55224,44504,86978,107360,128645,82173,49900,51128,32379,64.61729912
400C100US63433,63433,"Norman, OK Urbanized Area (2010)",1740,298,44,365,177,102,36,55,38,22,158,154,89,89,27,75,11,43.33333333
400C100US63838,63838,"North Port--Port Charlotte, FL Urbanized Area (2010)",4432,294,668,407,326,249,202,424,215,224,353,312,301,426,4,27,0,56.13718412
400C100US64135,64135,"Norwich--New London, CT--RI Urbanized Area (2010)",4818,560,321,333,299,265,255,233,184,365,398,430,431,273,132,196,143,63.09672063
400C100US64567,64567,"Ocala, FL Urbanized Area (2010)",9433,1422,787,1003,993,615,676,648,606,242,753,620,431,463,64,33,77,48.90278808
400C100US64864,64864,"Odessa, TX Urbanized Area (2010)",1873,237,199,214,130,66,64,67,64,78,190,170,237,55,58,0,44,54.83182061
400C100US64945,64945,"Ogden--Layton, UT Urbanized Area (2010)",2046,211,162,51,78,93,228,111,145,35,138,231,169,232,86,53,23,70.91886608
400C100US65080,65080,"Oklahoma City, OK Urbanized Area (2010)",44329,7019,3513,3452,3525,3195,2705,2689,2084,1435,3461,3773,3699,1887,795,702,395,53.29468294
400C100US65242,65242,"Olympia--Lacey, WA Urbanized Area (2010)",2539,270,64,130,109,66,26,78,152,63,247,453,289,270,228,70,24,74.83261126
400C100US65269,65269,"Omaha, NE--IA Urbanized Area (2010)",25648,4250,2470,1876,2519,2061,1666,1343,1092,938,1816,1648,1897,984,612,294,182,48.6275733
400C100US65593,65593,"Opelousas, LA Urban Cluster (2010)",5710,1690,792,707,377,297,230,324,198,133,444,234,227,39,14,4,0,32.34676007
400C100US65701,65701,"Orangeburg, SC Urban Cluster (2010)",8481,1897,1065,675,508,661,371,378,432,216,669,637,527,226,101,94,24,43.33215423
400C100US65863,65863,"Orlando, FL Urbanized Area (2010)",93712,10330,7398,6894,7259,6463,7726,5694,5073,4166,7749,8512,7939,3946,1815,1615,1133,59.08314837
400C100US66106,66106,"Osceola, AR Urban Cluster (2010)",1593,403,170,186,130,109,88,109,91,61,52,45,119,18,4,0,8,37.35091023
400C100US66484,66484,"Owensboro, KY Urbanized Area (2010)",1569,282,96,170,221,102,114,39,40,21,117,129,103,106,29,0,0,44.48693435
400C100US66565,66565,"Oxford, MS Urban Cluster (2010)",1605,478,80,121,132,114,159,43,28,195,100,19,113,0,23,0,0,42.36760125
400C100US66592,66592,"Oxford, NC Urban Cluster (2010)",1881,410,185,127,166,95,217,86,126,65,136,134,88,28,14,4,0,47.74056353
400C100US66673,66673,"Oxnard, CA Urbanized Area (2010)",3140,121,210,147,119,194,155,115,77,109,295,249,505,312,133,270,129,74.8089172
400C100US66690,66690,"Ozark, AL Urban Cluster (2010)",1523,303,240,156,108,104,90,78,45,51,72,178,22,44,13,15,4,40.18384767
400C100US66781,66781,"Paducah, KY--IL Urban Cluster (2010)",2757,582,346,342,192,224,158,109,100,131,273,111,73,73,0,23,20,38.84657236
400C100US66916,66916,"Pahokee, FL Urban Cluster (2010)",1494,388,185,140,97,121,21,106,77,80,77,82,47,14,37,22,0,37.68406961
400C100US67051,67051,"Palatka, FL Urban Cluster (2010)",2577,470,506,371,221,196,184,70,149,93,104,144,38,11,0,0,20,31.54831199
400C100US67078,67078,"Palestine, TX Urban Cluster (2010)",1455,281,201,232,54,189,34,107,43,36,89,105,41,8,27,0,8,34.22680412
400C100US67105,67105,"Palm Bay--Melbourne, FL Urbanized Area (2010)",16294,1954,1733,1480,1019,1454,1154,1025,651,483,1160,1345,1156,890,336,376,78,53.11157481
400C100US67134,67134,"Palm Coast--Daytona Beach--Port Orange, FL Urbanized Area (2010)",14782,3156,1430,1309,1307,1361,937,797,779,490,713,732,993,280,263,167,68,42.07143824
400C100US67294,67294,"Panama City, FL Urbanized Area (2010)",6456,806,464,429,514,521,294,395,379,189,635,639,701,219,161,61,49,57.65179678
400C100US67564,67564,"Paris, TX Urban Cluster (2010)",2239,588,207,123,172,177,155,160,106,100,110,116,124,67,30,4,0,43.41223761
400C100US67807,67807,"Pascagoula, MS Urbanized Area (2010)",7402,1389,709,695,537,488,536,350,306,418,541,576,465,180,89,98,25,48.41934612
400C100US68482,68482,"Pensacola, FL--AL Urbanized Area (2010)",22729,3550,1776,2032,2332,1687,2020,1494,1423,756,1705,1234,1535,582,217,243,143,49.94500418
400C100US68509,68509,"Peoria, IL Urbanized Area (2010)",12027,2269,1155,1011,1347,1037,723,522,544,486,755,745,640,431,195,110,57,43.30256922
400C100US69049,69049,"Philadelphia, MS Urban Cluster (2010)",1154,207,227,70,113,133,9,60,30,38,57,75,50,68,0,17,0,35.00866551
400C100US69076,69076,"Philadelphia, PA--NJ--DE--MD Urbanized Area (2010)",439619,64449,36341,29977,27138,27273,27017,22774,22496,18178,33518,37574,39423,23058,12579,10861,6963,57.87761675
400C100US69184,69184,"Phoenix--Mesa, AZ Urbanized Area (2010)",67884,9118,5561,4819,4180,4041,4205,4016,3779,2757,5962,5561,5913,3557,1896,1591,928,59.1671086
400C100US69211,69211,"Picayune, MS Urban Cluster (2010)",1602,364,172,184,142,136,97,37,70,65,26,125,137,25,22,0,0,37.70287141
400C100US69454,69454,"Pine Bluff, AR Urbanized Area (2010)",13468,2236,1513,1271,1161,1015,807,716,553,455,1028,922,904,502,224,78,83,46.56964657
400C100US69517,69517,"Pinehurst--Southern Pines, NC Urban Cluster (2010)",2592,371,322,423,232,231,174,111,83,50,176,154,161,43,11,23,27,39.08179012
400C100US69697,69697,"Pittsburgh, PA Urbanized Area (2010)",73028,14118,7667,6441,5684,4672,5027,3438,2990,2511,4772,4994,5300,2670,1086,996,662,47.16820945
400C100US70345,70345,"Plymouth, NC Urban Cluster (2010)",1180,461,42,124,120,143,16,34,39,16,40,57,0,74,14,0,0,24.57627119
400C100US70480,70480,"Poinciana, FL Urban Cluster (2010)",3631,322,271,283,76,447,359,213,418,302,285,173,268,119,83,0,12,61.47066924
400C100US70993,70993,"Port Arthur, TX Urbanized Area (2010)",11907,2134,1406,1197,839,813,962,771,463,271,725,759,727,362,169,132,177,46.34248761
400C100US71155,71155,"Port Huron, MI Urbanized Area (2010)",1356,205,305,118,184,90,93,52,29,0,121,56,26,6,0,0,71,33.48082596
400C100US71263,71263,"Portland, ME Urbanized Area (2010)",2227,595,256,266,146,169,93,66,144,78,96,94,114,33,56,0,21,35.69824877
400C100US71317,71317,"Portland, OR--WA Urbanized Area (2010)",22444,4380,1931,1396,1358,1256,1022,1445,885,870,1656,1478,1779,1124,822,747,295,54.01443593
400C100US71479,71479,"Port St. Lucie, FL Urbanized Area (2010)",18046,2980,1512,1545,1353,1185,1316,1179,758,725,1311,1083,1380,858,355,239,267,52.48254461
400C100US71749,71749,"Pottstown, PA Urbanized Area (2010)",2436,284,320,111,214,157,137,158,68,130,97,139,238,151,161,57,14,55.41871921
400C100US71803,71803,"Poughkeepsie--Newburgh, NY--NJ Urbanized Area (2010)",15744,1855,922,867,893,979,725,752,820,329,938,1269,2010,1238,844,729,574,64.96443089
400C100US72262,72262,"Princess Anne, MD Urban Cluster (2010)",1379,326,147,102,81,106,151,63,112,13,93,44,126,0,0,15,0,44.74256708
400C100US72505,72505,"Providence, RI--MA Urbanized Area (2010)",24136,3961,1820,1383,1589,1638,1738,1188,1299,1097,1575,2094,2005,1058,788,493,410,56.94812728
400C100US73018,73018,"Quincy, FL Urban Cluster (2010)",2327,644,209,188,83,187,246,98,134,26,120,183,123,58,0,21,7,43.66136657
400C100US73126,73126,"Quitman, GA Urban Cluster (2010)",1078,308,116,133,91,114,109,33,65,0,28,20,7,0,25,29,0,29.3135436
400C100US73153,73153,"Racine, WI Urbanized Area (2010)",7272,1276,789,666,801,502,318,425,374,346,606,351,476,142,108,64,28,44.5269527
400C100US73261,73261,"Raleigh, NC Urbanized Area (2010)",72890,6110,4565,4582,4175,4547,5442,3936,3663,3644,6698,7836,7036,4768,2236,2486,1166,67.10248319
400C100US73639,73639,"Rayne, LA Urban Cluster (2010)",1071,140,136,135,43,84,121,72,76,78,41,10,114,5,0,0,16,49.7665733
400C100US73693,73693,"Reading, PA Urbanized Area (2010)",6015,781,634,581,402,480,450,240,389,232,389,460,429,291,135,93,29,52.15295096
400C100US74152,74152,"Reidsville, NC Urban Cluster (2010)",2355,513,279,222,229,167,115,79,78,53,256,201,116,31,0,9,7,40.12738854
400C100US74179,74179,"Reno, NV--CA Urbanized Area (2010)",3661,531,467,428,206,257,194,259,98,129,176,185,265,208,75,87,96,48.40207594
400C100US74638,74638,"Richmond, IN--OH Urban Cluster (2010)",1174,225,150,70,101,116,105,63,21,49,47,57,133,30,0,7,0,43.61158433
400C100US74665,74665,"Richmond, KY Urban Cluster (2010)",1179,315,231,100,69,88,24,122,33,38,31,36,25,48,19,0,0,31.89143342
400C100US74746,74746,"Richmond, VA Urbanized Area (2010)",115511,13559,8457,6971,6519,6748,7046,7129,6119,5793,10048,10734,11571,7120,3594,2566,1537,63.41993403
400C100US75151,75151,"Ripley, TN Urban Cluster (2010)",2047,470,334,241,203,205,99,70,155,33,44,137,26,0,30,0,0,29.01807523
400C100US75340,75340,"Riverside--San Bernardino, CA Urbanized Area (2010)",56247,6004,4186,3336,3467,2806,2709,2436,2116,2160,4395,5288,7050,4068,2043,2650,1533,64.79990044
400C100US75421,75421,"Roanoke, VA Urbanized Area (2010)",13117,2336,1180,1003,766,906,916,673,849,350,1118,979,918,617,232,207,67,52.80170771
400C100US75448,75448,"Roanoke Rapids, NC Urban Cluster (2010)",4150,1177,521,553,311,338,238,135,122,92,191,126,106,184,22,8,26,30.12048193
400C100US75637,75637,"Rochester, MN Urbanized Area (2010)",2088,461,131,196,154,135,155,122,26,59,194,30,230,96,32,18,49,48.41954023
400C100US75664,75664,"Rochester, NY Urbanized Area (2010)",41329,8074,4228,3724,3404,2609,2886,2192,1723,1579,2675,2649,2746,1453,508,558,321,46.67424811
400C100US75718,75718,"Rockford, IL Urbanized Area (2010)",12911,3131,1237,1172,1117,789,706,625,455,389,947,690,911,354,216,76,96,42.32824723
400C100US75745,75745,"Rock Hill, SC Urbanized Area (2010)",11428,1423,1332,817,762,944,965,844,458,478,992,823,830,357,248,80,75,53.81519076
400C100US75772,75772,"Rockingham--Hamlet, NC Urban Cluster (2010)",2971,724,313,344,255,189,206,189,57,34,179,227,103,71,37,10,33,38.57287109
400C100US75988,75988,"Rocky Mount, NC Urbanized Area (2010)",14494,1995,1575,1294,1338,1037,997,719,828,651,1154,1200,1144,265,136,68,93,50.05519525
400C100US76204,76204,"Rome, GA Urbanized Area (2010)",4486,923,531,515,324,317,318,265,176,222,314,244,194,45,92,6,0,41.81899242
400C100US76474,76474,"Round Lake Beach--McHenry--Grayslake, IL--WI Urbanized Area (2010)",2006,193,63,92,67,120,46,21,19,56,162,181,500,107,121,173,85,73.33000997
400C100US76501,76501,"Roxboro, NC Urban Cluster (2010)",1506,330,201,320,90,86,119,29,57,69,96,17,85,0,0,7,0,31.8061089
400C100US76987,76987,"Ruston, LA Urban Cluster (2010)",5259,1569,653,378,575,390,355,158,119,91,307,376,120,93,47,17,11,32.21144704
400C100US77068,77068,"Sacramento, CA Urbanized Area (2010)",55322,6569,5794,3174,3092,3261,3107,2735,2547,2062,4335,4844,5622,3375,1612,2078,1115,60.43165468
400C100US77149,77149,"Saginaw, MI Urbanized Area (2010)",13298,3066,1406,1186,1080,1030,771,772,501,424,795,953,659,301,163,116,75,41.58520078
400C100US77230,77230,"St. Augustine, FL Urbanized Area (2010)",1666,314,177,138,198,139,108,52,48,67,169,112,73,67,0,0,4,42.01680672
400C100US77338,77338,"St. Cloud, MN Urbanized Area (2010)",1843,649,144,108,110,86,128,134,24,76,108,57,178,17,16,8,0,40.47748237
400C100US77743,77743,"St. Joseph, MO--KS Urbanized Area (2010)",1352,298,181,26,163,42,50,33,94,65,139,140,67,10,21,9,14,47.4852071
400C100US77770,77770,"St. Louis, MO--IL Urbanized Area (2010)",191493,30528,17033,16020,14495,13599,12507,11110,10105,7546,14307,14678,14419,6993,3815,2568,1770,52.12618738
400C100US77824,77824,"St. Martinville, LA Urban Cluster (2010)",1572,344,281,87,92,113,248,130,11,56,31,51,54,0,0,5,69,41.66666667
400C100US77932,77932,"St. Marys--Kingsland, GA Urban Cluster (2010)",2207,506,183,122,79,56,57,119,132,196,170,209,119,207,52,0,0,57.13638423
400C100US78175,78175,"Salem, NJ Urban Cluster (2010)",1009,224,120,134,86,56,61,64,22,29,63,18,46,60,0,0,26,38.55302279
400C100US78364,78364,"Salisbury, MD--DE Urbanized Area (2010)",9729,1482,629,711,888,588,601,758,393,456,809,680,829,417,248,190,50,55.82279782
400C100US78499,78499,"Salt Lake City--West Valley City, UT Urbanized Area (2010)",4865,431,346,297,470,391,352,303,154,180,362,423,517,304,112,82,141,60.22610483
400C100US78553,78553,"San Angelo, TX Urbanized Area (2010)",1667,334,144,104,103,133,214,160,50,126,49,70,30,28,66,56,0,50.92981404
400C100US78580,78580,"San Antonio, TX Urbanized Area (2010)",51026,5636,3802,2926,3259,2868,2827,2965,2172,2645,3816,4817,5287,3496,2061,1601,848,63.76161173
400C100US78634,78634,"Sandersville, GA Urban Cluster (2010)",1582,413,206,201,59,127,97,37,87,72,107,82,44,50,0,0,0,36.40960809
400C100US78661,78661,"San Diego, CA Urbanized Area (2010)",54828,5128,3914,2822,2983,2673,2775,2823,2312,2366,5340,4910,6687,4520,2166,2009,1400,68.04552418
400C100US78769,78769,"Sandusky, OH Urban Cluster (2010)",2561,334,455,150,197,234,139,110,192,102,105,152,209,56,15,79,32,46.50527138
400C100US78877,78877,"Sanford, NC Urban Cluster (2010)",3063,543,466,255,257,104,259,182,49,198,186,194,269,55,38,8,0,46.94743715
400C100US78904,78904,"San Francisco--Oakland, CA Urbanized Area (2010)",122490,14672,12699,8096,7440,6196,5524,5720,5185,4387,9764,10038,11280,7678,4553,5127,4131,59.91264593
400C100US79039,79039,"San Jose, CA Urbanized Area (2010)",16038,1310,993,746,656,668,611,501,674,574,1243,1683,1805,1522,860,1200,992,72.73350792
400C100US79309,79309,"Santa Clarita, CA Urbanized Area (2010)",2799,79,94,67,113,113,93,63,94,38,68,344,579,402,213,217,222,83.35119686
400C100US79498,79498,"Santa Rosa, CA Urbanized Area (2010)",1803,103,107,148,74,138,72,117,12,81,131,259,285,99,55,79,43,68.38602329
400C100US79606,79606,"Sarasota--Bradenton, FL Urbanized Area (2010)",14033,2255,1282,1202,1095,1142,955,764,646,882,913,1191,618,683,239,101,65,50.28860543
400C100US79768,79768,"Savannah, GA Urbanized Area (2010)",37290,5104,3547,2640,2947,2168,2411,2350,1617,2089,2778,3209,3055,1694,775,515,391,56.00429069
400C100US80227,80227,"Scranton, PA Urbanized Area (2010)",3956,946,406,357,328,229,365,152,236,109,183,199,233,85,61,27,40,42.71991911
400C100US80362,80362,"Seaside--Monterey, CA Urbanized Area (2010)",2291,193,176,87,86,116,74,104,120,127,160,202,321,193,134,173,25,71.2789175
400C100US80389,80389,"Seattle, WA Urbanized Area (2010)",74927,9630,4357,4957,4578,4523,4337,3310,3800,3080,5695,7243,7753,4919,2836,2360,1549,62.57023503
400C100US80400,80400,"Sebastian--Vero Beach South--Florida Ridge, FL Urbanized Area (2010)",4408,531,423,476,525,400,401,196,238,139,292,241,236,119,180,11,0,46.57441016
400C100US80416,80416,"Sebring--Avon Park, FL Urbanized Area (2010)",2357,290,256,161,193,360,159,161,167,56,170,53,229,68,13,0,21,46.54221468
400C100US80524,80524,"Selma, AL Urban Cluster (2010)",6801,2050,695,816,544,594,249,276,338,144,263,394,170,159,51,58,0,30.90721953
400C100US80671,80671,"Seneca, SC Urban Cluster (2010)",1503,100,178,160,96,101,192,52,53,40,162,165,113,8,24,0,59,57.75116434
400C100US81199,81199,"Shelby, NC Urban Cluster (2010)",3635,620,716,425,233,300,273,134,133,120,178,136,238,44,28,46,11,36.89133425
400C100US81631,81631,"Sherman, TX Urbanized Area (2010)",2168,401,148,237,212,113,104,85,71,113,116,197,318,17,21,0,15,48.75461255
400C100US81739,81739,"Shreveport, LA Urbanized Area (2010)",47816,7550,4700,4975,4352,3432,2942,2600,2234,1839,2868,3722,3394,1653,741,625,189,47.69742346
400C100US81901,81901,"Sierra Vista, AZ Urbanized Area (2010)",1160,75,26,30,11,39,81,136,3,32,29,130,53,236,34,173,72,84.39655172
400C100US81928,81928,"Sikeston, MO Urban Cluster (2010)",1605,272,124,150,175,113,120,85,79,72,145,19,196,18,37,0,0,48.03738318
400C100US82225,82225,"Sioux City, IA--NE--SD Urbanized Area (2010)",1292,362,49,89,110,124,80,12,40,82,119,121,53,13,13,6,19,43.18885449
400C100US82252,82252,"Sioux Falls, SD Urbanized Area (2010)",2373,369,159,119,198,282,423,102,143,64,112,147,211,35,9,0,0,52.50737463
400C100US82468,82468,"Slidell, LA Urbanized Area (2010)",5846,528,391,290,278,405,298,538,270,147,558,478,693,416,323,114,119,67.63599042
400C100US82522,82522,"Smithfield, NC Urban Cluster (2010)",2411,375,482,264,92,169,82,113,115,121,112,314,133,36,3,0,0,42.67938615
400C100US82549,82549,"Smithfield, VA Urban Cluster (2010)",1072,197,94,52,61,54,26,4,16,33,24,121,149,109,13,76,43,57.2761194
400C100US83116,83116,"South Bend, IN--MI Urbanized Area (2010)",13401,3005,1342,1747,1092,737,1154,641,551,472,612,712,659,297,195,114,71,40.87754645
400C100US83143,83143,"South Boston, VA Urban Cluster (2010)",1502,457,196,199,93,81,41,59,101,13,48,92,72,32,9,0,9,31.69107856
400C100US83548,83548,"Spartanburg, SC Urbanized Area (2010)",18297,3098,2191,1730,1506,1167,1220,1131,748,698,1377,1356,1219,346,225,244,41,47.02956769
400C100US83764,83764,"Spokane, WA Urbanized Area (2010)",2641,249,157,264,277,170,211,129,175,98,198,191,359,40,83,40,0,57.70541462
400C100US83818,83818,"Spout Springs, NC Urban Cluster (2010)",1148,59,17,84,103,84,22,12,146,103,48,86,207,70,76,24,7,69.77351916
400C100US83899,83899,"Springfield, IL Urbanized Area (2010)",9003,1865,893,838,780,473,564,574,405,320,499,613,647,230,127,149,26,46.1401755
400C100US83926,83926,"Springfield, MA--CT Urbanized Area (2010)",16435,2441,1372,1170,748,949,878,945,719,608,1278,1536,1654,985,393,569,190,59.35503499
400C100US83953,83953,"Springfield, MO Urbanized Area (2010)",2964,533,205,352,250,145,158,235,124,48,139,317,250,77,50,0,81,49.89878543
400C100US83980,83980,"Springfield, OH Urbanized Area (2010)",4757,1038,364,333,461,328,313,342,203,208,261,358,303,85,69,15,76,46.94134959
400C100US83993,83993,"Springfield, TN Urban Cluster (2010)",1479,303,163,72,84,128,63,185,66,79,113,101,88,5,22,7,0,49.29006085
400C100US84024,84024,"Spring Hill, FL Urbanized Area (2010)",2441,438,260,214,206,219,101,79,196,99,155,241,131,73,8,21,0,45.22736583
400C100US84061,84061,"Springhill, LA Urban Cluster (2010)",1025,316,258,36,62,56,77,10,38,30,105,28,0,0,9,0,0,28.97560976
400C100US84466,84466,"Starkville, MS Urban Cluster (2010)",3542,765,560,367,337,354,261,140,72,60,149,178,193,60,46,0,0,32.7216262
400C100US84493,84493,"State College, PA Urbanized Area (2010)",1090,268,29,46,75,84,181,64,48,37,65,28,69,64,24,8,0,53.94495413
400C100US84547,84547,"Statesboro, GA Urban Cluster (2010)",4650,1407,440,379,463,259,276,215,124,152,339,97,308,79,39,73,0,36.60215054
400C100US84630,84630,"Staunton--Waynesboro, VA Urbanized Area (2010)",2163,184,309,226,157,256,187,28,30,86,50,247,333,60,10,0,0,47.6652797
400C100US85087,85087,"Stockton, CA Urbanized Area (2010)",13237,1796,1461,1119,1215,741,644,538,663,315,731,1053,1371,734,333,352,171,52.1643877
400C100US85357,85357,"Stuttgart, AR Urban Cluster (2010)",1200,242,105,90,120,94,166,94,65,11,50,42,71,13,0,11,26,45.75
400C100US85708,85708,"Sumter, SC Urbanized Area (2010)",12205,1975,985,1098,943,1187,750,561,619,355,884,1013,1067,439,111,162,56,49.29946743
400C100US86005,86005,"Swainsboro, GA Urban Cluster (2010)",1319,329,124,95,75,185,160,31,42,29,51,87,84,16,0,0,11,38.74147081
400C100US86194,86194,"Sylacauga, AL Urban Cluster (2010)",2014,578,326,165,160,56,105,102,48,63,136,23,99,102,8,0,43,36.19662363
400C100US86248,86248,"Sylvester, GA Urban Cluster (2010)",1415,340,83,178,161,184,50,44,120,22,14,74,92,53,0,0,0,33.14487633
400C100US86302,86302,"Syracuse, NY Urbanized Area (2010)",17926,3628,2024,1296,1415,1142,1132,1032,812,543,1092,1237,1187,626,453,155,152,46.97645877
400C100US86437,86437,"Talladega, AL Urban Cluster (2010)",2358,735,267,193,151,216,79,55,236,31,113,132,80,43,24,3,0,33.75742154
400C100US86464,86464,"Tallahassee, FL Urbanized Area (2010)",29463,6014,2714,2323,1855,2207,1943,1555,1780,1358,1858,1979,1732,908,512,370,355,48.70515562
400C100US86518,86518,"Tallulah, LA Urban Cluster (2010)",2297,585,405,188,167,130,129,124,106,72,106,108,35,74,48,12,8,35.78580758
400C100US86599,86599,"Tampa--St. Petersburg, FL Urbanized Area (2010)",116018,16638,9513,8689,8444,8184,8032,7143,6371,5066,8677,9610,9426,4331,2342,2138,1414,55.63791825
400C100US86707,86707,"Tarboro, NC Urban Cluster (2010)",2842,462,342,76,225,339,217,156,235,121,233,134,145,107,5,0,45,49.19071077
400C100US87058,87058,"Temple, TX Urbanized Area (2010)",4223,498,257,409,352,313,292,226,209,177,317,364,367,183,99,64,96,56.68955719
400C100US87139,87139,"Terre Haute, IN Urbanized Area (2010)",1773,487,230,126,60,98,130,90,101,32,107,62,133,44,34,31,8,43.54201918
400C100US87166,87166,"Terrell, TX Urban Cluster (2010)",1612,259,274,87,42,125,106,108,61,94,118,188,134,16,0,0,0,51.17866005
400C100US87193,87193,"Texarkana--Texarkana, TX--AR Urbanized Area (2010)",10173,1999,1095,933,643,764,740,636,488,346,826,561,581,300,165,82,14,46.58409515
400C100US87220,87220,"Texas City, TX Urbanized Area (2010)",8557,1160,826,647,621,478,564,363,540,328,517,769,710,492,381,123,38,56.38658408
400C100US87382,87382,"Thomaston, GA Urban Cluster (2010)",2112,468,190,165,238,269,85,181,90,37,167,152,70,0,0,0,0,37.02651515
400C100US87436,87436,"Thomasville, GA Urban Cluster (2010)",4668,1331,332,409,443,367,369,225,177,245,321,198,143,101,0,7,0,38.260497
400C100US87463,87463,"Thomson, GA Urban Cluster (2010)",1946,583,159,227,303,116,24,13,143,152,129,53,40,4,0,0,0,28.67420349
400C100US87625,87625,"Tifton, GA Urban Cluster (2010)",3145,802,352,361,156,343,265,118,106,0,162,211,191,33,13,0,32,35.9618442
400C100US87787,87787,"Titusville, FL Urbanized Area (2010)",2986,328,367,225,214,310,273,94,272,131,212,174,186,142,25,33,0,51.64099129
400C100US87868,87868,"Toledo, OH--MI Urbanized Area (2010)",34270,8835,3720,3139,3188,1770,1814,1574,1304,1112,1822,1783,2306,947,621,203,132,39.73737963
400C100US88084,88084,"Topeka, KS Urbanized Area (2010)",5792,917,595,526,371,631,511,341,127,196,328,521,358,143,130,66,31,47.51381215
400C100US88273,88273,"Tracy, CA Urbanized Area (2010)",1819,69,26,98,56,36,21,47,89,35,68,285,173,238,141,354,83,84.33205058
400C100US88462,88462,"Trenton, NJ Urbanized Area (2010)",25465,3504,1968,1213,1446,1537,1377,1223,962,979,1927,2690,2771,1567,1037,708,556,62.03416454
400C100US88543,88543,"Troy, AL Urban Cluster (2010)",2245,685,307,209,286,227,23,33,195,121,36,34,29,46,0,14,0,23.65256125
400C100US88732,88732,"Tucson, AZ Urbanized Area (2010)",11710,1129,1219,749,1219,1012,691,405,712,485,912,1084,958,519,255,212,149,54.50042699
400C100US88948,88948,"Tulsa, OK Urbanized Area (2010)",27344,4923,2480,2391,2288,2246,2000,1497,1256,1142,1891,2100,1728,694,348,167,193,47.60093622
400C100US88975,88975,"Tunica, MS Urban Cluster (2010)",1194,207,266,150,84,71,9,94,70,48,38,117,26,0,11,3,0,34.84087102
400C100US89029,89029,"Tupelo, MS Urban Cluster (2010)",6161,1075,782,691,635,529,417,319,273,163,324,317,470,139,8,0,19,39.75004058
400C100US89110,89110,"Tuscaloosa, AL Urbanized Area (2010)",17827,2337,2111,1309,1668,1358,1063,1117,790,750,1487,1376,1324,735,206,158,38,50.73203568
400C100US89164,89164,"Tuskegee, AL Urban Cluster (2010)",3107,659,363,218,174,266,163,146,157,110,182,212,247,109,86,15,0,45.92854844
400C100US89263,89263,"Twin Rivers--Hightstown, NJ Urbanized Area (2010)",1010,70,80,45,56,14,23,21,13,0,154,170,156,29,55,50,74,73.76237624
400C100US89326,89326,"Tyler, TX Urbanized Area (2010)",10090,1436,894,966,949,862,612,622,699,449,751,709,539,267,206,109,20,49.38553023
400C100US89488,89488,"Union, SC Urban Cluster (2010)",1878,550,136,233,245,121,72,124,75,35,122,92,24,4,45,0,0,31.57614483
400C100US89569,89569,"Union City, TN Urban Cluster (2010)",1031,291,187,25,95,40,83,31,16,48,66,79,26,38,0,0,6,38.11833172
400C100US89650,89650,"Uniontown--Connellsville, PA Urbanized Area (2010)",1161,268,133,70,170,71,90,79,33,52,32,49,67,26,0,21,0,38.67355728
400C100US89770,89770,"Urban Honolulu, HI Urbanized Area (2010)",8344,308,163,98,243,345,236,462,655,457,856,1185,1169,984,696,320,167,86.1337488
400C100US89785,89785,"Utica, NY Urbanized Area (2010)",3489,702,497,399,322,252,164,246,75,131,242,88,127,113,53,40,38,37.7472055
400C100US89866,89866,"Vacaville, CA Urbanized Area (2010)",2514,66,113,152,149,109,74,83,183,86,256,173,374,206,131,333,26,76.57120127
400C100US89974,89974,"Valdosta, GA Urbanized Area (2010)",11669,2301,1517,1027,1313,842,646,540,419,421,724,714,628,317,123,67,70,40.0119976
400C100US90028,90028,"Vallejo, CA Urbanized Area (2010)",10690,1141,1033,692,589,304,475,336,399,315,852,1005,1370,966,374,492,347,64.8362956
400C100US90082,90082,"Valley--Lanett, AL--GA Urban Cluster (2010)",3918,1030,449,287,389,234,266,314,230,181,103,214,104,35,50,26,6,39.02501276
400C100US90487,90487,"Vicksburg, MS--LA Urban Cluster (2010)",6368,1225,724,745,687,574,280,353,196,186,398,358,448,35,70,49,40,37.89258794
400C100US90514,90514,"Victoria, TX Urbanized Area (2010)",1649,279,98,98,121,158,28,112,66,54,182,143,131,136,26,0,17,54.27531837
400C100US90541,90541,"Victorville--Hesperia, CA Urbanized Area (2010)",11171,2192,1099,678,807,927,496,600,409,355,539,884,893,527,550,147,68,48.94816937
400C100US90568,90568,"Vidalia, GA Urban Cluster (2010)",2108,567,254,212,162,179,114,128,141,49,27,170,71,12,18,4,0,34.81973435
400C100US90676,90676,"Ville Platte, LA Urban Cluster (2010)",1939,790,249,260,190,50,63,41,39,37,55,47,105,0,0,13,0,20.6291903
400C100US90730,90730,"Vineland, NJ Urbanized Area (2010)",4827,585,296,349,252,160,348,219,433,212,299,439,466,426,208,41,94,65.98301222
400C100US90892,90892,"Virginia Beach, VA Urbanized Area (2010)",175221,17981,12608,10961,11060,10337,11390,9457,8890,8069,14516,17299,19050,11269,5411,4684,2239,64.07565303
400C100US90946,90946,"Visalia, CA Urbanized Area (2010)",1740,481,172,140,121,54,89,67,63,41,55,152,144,7,58,74,22,44.36781609
400C100US91027,91027,"Waco, TX Urbanized Area (2010)",12477,2731,1436,1332,845,624,929,532,590,519,619,888,765,250,142,190,85,44.15324197
400C100US91108,91108,"Wadesboro, NC Urban Cluster (2010)",1256,296,256,139,57,68,91,29,110,55,44,14,31,14,0,0,52,35.03184713
400C100US91261,91261,"Waldorf, MD Urbanized Area (2010)",20041,829,656,471,564,398,442,428,426,598,1389,2021,2901,2636,2384,2428,1470,85.43984831
400C100US91513,91513,"Walterboro, SC Urban Cluster (2010)",2124,518,324,105,217,201,72,105,154,59,54,239,56,20,0,0,0,35.73446328
400C100US91783,91783,"Warner Robins, GA Urbanized Area (2010)",14820,1687,959,995,904,1104,447,1165,705,620,841,1693,1839,1085,435,243,98,61.88259109
400C100US92242,92242,"Washington, DC--VA--MD Urbanized Area (2010)",477672,37053,17630,17961,17727,16840,19663,18887,20146,17665,37582,47904,63970,48365,31329,36160,28790,77.55551927
400C100US92404,92404,"Washington, NC Urban Cluster (2010)",2050,456,250,171,182,146,118,81,86,85,177,150,98,26,0,24,0,41.2195122
400C100US92485,92485,"Waterbury, CT Urbanized Area (2010)",8784,1440,717,552,481,355,435,355,511,354,718,893,1000,554,115,197,107,59.64253188
400C100US92593,92593,"Waterloo, IA Urbanized Area (2010)",4454,965,547,369,327,355,357,245,174,194,220,284,195,200,22,0,0,42.45621913
400C100US92674,92674,"Watertown, NY Urbanized Area (2010)",1459,131,26,23,200,72,63,32,160,64,245,247,131,46,12,7,0,69.01987663
400C100US93187,93187,"Waycross, GA Urban Cluster (2010)",3615,757,555,295,245,243,273,119,66,162,209,203,278,75,107,28,0,42.04702628
400C100US93268,93268,"Waynesboro, GA Urban Cluster (2010)",1297,297,222,138,117,91,73,60,28,49,87,74,39,22,0,0,0,33.307633
400C100US93592,93592,"Weirton--Steubenville, WV--OH--PA Urbanized Area (2010)",1784,517,118,130,222,128,93,46,75,61,83,109,94,54,44,4,6,37.5
400C100US93880,93880,"Wendell--Zebulon, NC Urban Cluster (2010)",1265,79,35,94,18,118,108,124,86,200,146,82,20,107,0,26,22,72.80632411
400C100US94402,94402,"West Point, MS Urban Cluster (2010)",2370,539,398,475,83,137,170,95,62,66,85,111,44,42,13,50,0,31.13924051
400C100US94672,94672,"Wharton, TX Urban Cluster (2010)",1145,282,212,126,8,72,50,41,28,82,60,113,45,9,0,17,0,38.86462882
400C100US94726,94726,"Wheeling, WV--OH Urbanized Area (2010)",1067,248,128,60,149,40,25,72,48,13,68,70,111,13,10,0,12,41.42455483
400C100US94996,94996,"Whiteville, NC Urban Cluster (2010)",1063,239,135,92,180,88,57,24,39,105,26,48,21,0,9,0,0,30.95014111
400C100US95077,95077,"Wichita, KS Urbanized Area (2010)",17931,3074,1781,1415,1453,1461,1140,1257,964,649,1118,1428,1078,556,267,188,102,48.78143996
400C100US95104,95104,"Wichita Falls, TX Urbanized Area (2010)",4068,746,502,247,230,388,252,314,200,177,347,240,151,160,19,46,49,48.05801377
400C100US95411,95411,"Williamsburg, VA Urbanized Area (2010)",4083,312,171,202,304,292,286,149,235,171,346,417,402,442,102,188,64,68.62601029
400C100US95455,95455,"Williamsport, PA Urbanized Area (2010)",1388,313,162,66,78,129,52,69,75,125,87,127,79,12,0,0,14,46.10951009
400C100US95509,95509,"Williamston, NC Urban Cluster (2010)",1316,348,165,89,63,104,122,22,95,56,122,89,25,0,0,16,0,41.56534954
400C100US95833,95833,"Wilmington, NC Urbanized Area (2010)",12364,1968,1179,1145,1022,775,969,785,466,493,917,710,1096,411,237,68,123,50.75218376
400C100US95914,95914,"Wilson, NC Urban Cluster (2010)",9044,1641,1078,809,743,724,647,629,729,254,640,461,414,143,26,73,33,44.77001327
400C100US96103,96103,"Winchester, VA Urbanized Area (2010)",1766,71,65,106,27,100,151,131,56,248,255,70,147,269,0,70,0,79.10532276
400C100US96130,96130,"Winder, GA Urban Cluster (2010)",1651,236,83,92,140,60,93,101,185,108,117,104,104,128,70,30,0,62.99212598
400C100US96481,96481,"Winnsboro, LA Urban Cluster (2010)",1233,234,253,183,74,90,32,66,84,86,47,6,55,7,16,0,0,32.36009732
400C100US96508,96508,"Winnsboro, SC Urban Cluster (2010)",1258,327,222,33,163,161,48,36,89,33,83,18,23,0,0,0,22,27.9809221
400C100US96670,96670,"Winston-Salem, NC Urbanized Area (2010)",38676,6356,3174,3765,2824,2938,2436,2344,1993,1621,2533,2840,2961,1483,587,490,331,50.72654876
400C100US96697,96697,"Winter Haven, FL Urbanized Area (2010)",10783,1917,896,802,1304,1173,531,715,509,335,578,678,858,290,124,46,27,43.50366317
400C100US97291,97291,"Worcester, MA--CT Urbanized Area (2010)",8997,935,536,574,488,663,637,260,450,439,869,917,774,646,418,173,218,64.4770479
400C100US97588,97588,"Yazoo City, MS Urban Cluster (2010)",3378,1170,493,292,243,184,147,111,117,52,181,154,138,70,26,0,0,29.48490231
400C100US97750,97750,"York, PA Urbanized Area (2010)",7195,1120,572,376,555,299,344,438,508,449,484,645,554,331,220,209,91,59.38846421
400C100US97777,97777,"York, SC Urban Cluster (2010)",1116,193,154,204,74,62,12,55,32,54,113,63,84,16,0,0,0,38.44086022
400C100US97831,97831,"Youngstown, OH--PA Urbanized Area (2010)",23134,5357,2897,2490,1961,1484,1227,1165,1034,709,1359,1309,1265,524,179,152,22,38.66603268
400C100US97939,97939,"Yuba City, CA Urbanized Area (2010)",1026,76,165,23,56,68,23,56,46,49,99,88,108,85,9,47,28,62.18323587
400C100US98020,98020,"Yuma, AZ--CA Urbanized Area (2010)",1340,130,22,19,64,98,127,100,105,28,340,144,95,7,0,13,48,75.14925373
400C100US98182,98182,"Zephyrhills, FL Urbanized Area (2010)",1403,252,273,133,83,84,145,39,57,45,84,65,50,71,20,0,2,41.19743407
