GEO.id,GEO.id2,GEO.display-label,HD01_VD01,HD02_VD01,HD01_VD02,HD02_VD02,HD01_VD03,HD02_VD03,HD01_VD04,HD02_VD04,HD01_VD05,HD02_VD05,HD01_VD06,HD02_VD06,HD01_VD07,HD02_VD07,HD01_VD08,HD02_VD08,HD01_VD09,HD02_VD09,HD01_VD10,HD02_VD10
Id,Id2,Geography,Estimate; Total:,Margin of Error; Total:,Estimate; Total: - White alone,Margin of Error; Total: - White alone,Estimate; Total: - Black or African American alone,Margin of Error; Total: - Black or African American alone,Estimate; Total: - American Indian and Alaska Native alone,Margin of Error; Total: - American Indian and Alaska Native alone,Estimate; Total: - Asian alone,Margin of Error; Total: - Asian alone,Estimate; Total: - Native Hawaiian and Other Pacific Islander alone,Margin of Error; Total: - Native Hawaiian and Other Pacific Islander alone,Estimate; Total: - Some other race alone,Margin of Error; Total: - Some other race alone,Estimate; Total: - Two or more races:,Margin of Error; Total: - Two or more races:,Estimate; Total: - Two or more races: - Two races including Some other race,Margin of Error; Total: - Two or more races: - Two races including Some other race,"Estimate; Total: - Two or more races: - Two races excluding Some other race, and three or more races","Margin of Error; Total: - Two or more races: - Two races excluding Some other race, and three or more races"
1500000US220710001001,220710001001,"Block Group 1, Census Tract 1, Orleans Parish, Louisiana",845,243,621,178,78,65,0,12,0,12,0,12,98,153,48,72,0,12,48,72
1500000US220710001002,220710001002,"Block Group 2, Census Tract 1, Orleans Parish, Louisiana",1278,296,822,191,379,240,0,12,0,12,0,12,0,12,77,93,0,12,77,93
1500000US220710001003,220710001003,"Block Group 3, Census Tract 1, Orleans Parish, Louisiana",547,145,494,146,33,35,0,12,0,12,0,12,8,18,12,18,0,12,12,18
1500000US220710002001,220710002001,"Block Group 1, Census Tract 2, Orleans Parish, Louisiana",462,127,93,62,369,121,0,12,0,12,0,12,0,12,0,12,0,12,0,12
1500000US220710002002,220710002002,"Block Group 2, Census Tract 2, Orleans Parish, Louisiana",751,229,186,103,519,198,0,12,0,12,0,12,11,18,35,29,0,12,35,29
1500000US220710003001,220710003001,"Block Group 1, Census Tract 3, Orleans Parish, Louisiana",528,165,44,35,484,163,0,12,0,12,0,12,0,12,0,12,0,12,0,12
1500000US220710003002,220710003002,"Block Group 2, Census Tract 3, Orleans Parish, Louisiana",578,167,81,58,492,155,0,12,0,12,0,12,5,7,0,12,0,12,0,12
1500000US220710004001,220710004001,"Block Group 1, Census Tract 4, Orleans Parish, Louisiana",1013,177,297,79,691,156,0,12,23,29,0,12,0,12,2,5,0,12,2,5
1500000US220710004002,220710004002,"Block Group 2, Census Tract 4, Orleans Parish, Louisiana",1447,375,3,6,1411,367,0,12,0,12,0,12,0,12,33,47,0,12,33,47
1500000US220710006011,220710006011,"Block Group 1, Census Tract 6.01, Orleans Parish, Louisiana",252,94,0,12,252,94,0,12,0,12,0,12,0,12,0,12,0,12,0,12
1500000US220710006012,220710006012,"Block Group 2, Census Tract 6.01, Orleans Parish, Louisiana",685,283,0,12,685,283,0,12,0,12,0,12,0,12,0,12,0,12,0,12
1500000US220710006021,220710006021,"Block Group 1, Census Tract 6.02, Orleans Parish, Louisiana",989,271,116,55,843,260,4,7,0,12,0,12,19,24,7,14,0,12,7,14
1500000US220710006022,220710006022,"Block Group 2, Census Tract 6.02, Orleans Parish, Louisiana",640,259,26,30,614,262,0,12,0,12,0,12,0,12,0,12,0,12,0,12
1500000US220710006023,220710006023,"Block Group 3, Census Tract 6.02, Orleans Parish, Louisiana",1331,361,83,62,1230,368,0,12,18,28,0,12,0,12,0,12,0,12,0,12
1500000US220710006031,220710006031,"Block Group 1, Census Tract 6.03, Orleans Parish, Louisiana",409,158,25,20,251,133,0,12,10,15,0,12,116,143,7,13,0,12,7,13
1500000US220710006032,220710006032,"Block Group 2, Census Tract 6.03, Orleans Parish, Louisiana",753,151,55,57,582,175,14,23,102,120,0,12,0,12,0,12,0,12,0,12
1500000US220710006041,220710006041,"Block Group 1, Census Tract 6.04, Orleans Parish, Louisiana",1694,530,274,175,1403,496,0,12,6,11,0,12,0,12,11,17,0,12,11,17
1500000US220710006042,220710006042,"Block Group 2, Census Tract 6.04, Orleans Parish, Louisiana",1800,446,401,182,1316,421,0,12,34,50,0,12,9,20,40,63,0,12,40,63
1500000US220710006043,220710006043,"Block Group 3, Census Tract 6.04, Orleans Parish, Louisiana",1209,481,13,16,1196,481,0,12,0,12,0,12,0,12,0,12,0,12,0,12
1500000US220710006051,220710006051,"Block Group 1, Census Tract 6.05, Orleans Parish, Louisiana",865,199,197,99,668,163,0,12,0,12,0,12,0,12,0,12,0,12,0,12
1500000US220710006052,220710006052,"Block Group 2, Census Tract 6.05, Orleans Parish, Louisiana",536,239,108,66,428,229,0,12,0,12,0,12,0,12,0,12,0,12,0,12
1500000US220710006053,220710006053,"Block Group 3, Census Tract 6.05, Orleans Parish, Louisiana",751,186,436,151,303,130,0,12,0,12,0,12,12,16,0,12,0,12,0,12
1500000US220710006061,220710006061,"Block Group 1, Census Tract 6.06, Orleans Parish, Louisiana",1783,449,877,247,793,389,0,12,35,81,0,12,0,12,78,81,0,12,78,81
1500000US220710006062,220710006062,"Block Group 2, Census Tract 6.06, Orleans Parish, Louisiana",1251,289,560,223,630,219,0,12,0,12,0,12,13,21,48,52,31,47,17,26
1500000US220710006063,220710006063,"Block Group 3, Census Tract 6.06, Orleans Parish, Louisiana",1521,314,480,177,976,279,0,12,65,76,0,12,0,12,0,12,0,12,0,12
1500000US220710006071,220710006071,"Block Group 1, Census Tract 6.07, Orleans Parish, Louisiana",957,433,430,295,527,391,0,12,0,12,0,12,0,12,0,12,0,12,0,12
1500000US220710006072,220710006072,"Block Group 2, Census Tract 6.07, Orleans Parish, Louisiana",1513,383,806,214,652,361,0,12,0,12,0,12,0,12,55,75,55,75,0,12
1500000US220710006073,220710006073,"Block Group 3, Census Tract 6.07, Orleans Parish, Louisiana",2059,359,1196,274,863,329,0,12,0,12,0,12,0,12,0,12,0,12,0,12
1500000US220710006111,220710006111,"Block Group 1, Census Tract 6.11, Orleans Parish, Louisiana",1475,414,9,16,1442,415,0,12,24,26,0,12,0,12,0,12,0,12,0,12
1500000US220710006112,220710006112,"Block Group 2, Census Tract 6.11, Orleans Parish, Louisiana",2892,499,117,92,1920,318,0,12,483,226,0,12,372,427,0,12,0,12,0,12
1500000US220710006121,220710006121,"Block Group 1, Census Tract 6.12, Orleans Parish, Louisiana",1528,207,895,189,336,164,27,29,114,88,0,12,81,79,75,76,0,12,75,76
1500000US220710006131,220710006131,"Block Group 1, Census Tract 6.13, Orleans Parish, Louisiana",1049,441,27,28,1009,441,0,12,0,12,0,12,0,12,13,21,0,12,13,21
1500000US220710006132,220710006132,"Block Group 2, Census Tract 6.13, Orleans Parish, Louisiana",1501,540,65,63,1415,541,0,12,0,12,0,12,21,35,0,12,0,12,0,12
1500000US220710006133,220710006133,"Block Group 3, Census Tract 6.13, Orleans Parish, Louisiana",2400,532,344,155,2047,512,0,12,9,13,0,12,0,12,0,12,0,12,0,12
1500000US220710006151,220710006151,"Block Group 1, Census Tract 6.15, Orleans Parish, Louisiana",1637,358,534,155,911,366,6,9,186,179,0,12,0,12,0,12,0,12,0,12
1500000US220710006152,220710006152,"Block Group 2, Census Tract 6.15, Orleans Parish, Louisiana",1871,369,445,215,1399,340,0,12,18,28,0,12,0,12,9,14,0,12,9,14
1500000US220710006161,220710006161,"Block Group 1, Census Tract 6.16, Orleans Parish, Louisiana",1009,352,334,155,675,348,0,12,0,12,0,12,0,12,0,12,0,12,0,12
1500000US220710006162,220710006162,"Block Group 2, Census Tract 6.16, Orleans Parish, Louisiana",1485,538,259,143,1200,498,0,12,26,36,0,12,0,12,0,12,0,12,0,12
1500000US220710006163,220710006163,"Block Group 3, Census Tract 6.16, Orleans Parish, Louisiana",1706,471,930,203,715,427,0,12,9,14,0,12,9,15,43,40,11,17,32,35
1500000US220710006171,220710006171,"Block Group 1, Census Tract 6.17, Orleans Parish, Louisiana",1186,453,259,141,927,443,0,12,0,12,0,12,0,12,0,12,0,12,0,12
1500000US220710006172,220710006172,"Block Group 2, Census Tract 6.17, Orleans Parish, Louisiana",2548,442,346,305,2162,429,20,32,20,61,0,12,0,12,0,12,0,12,0,12
1500000US220710006181,220710006181,"Block Group 1, Census Tract 6.18, Orleans Parish, Louisiana",1605,325,908,221,585,240,0,12,112,98,0,12,0,12,0,12,0,12,0,12
1500000US220710006182,220710006182,"Block Group 2, Census Tract 6.18, Orleans Parish, Louisiana",2319,387,584,199,1482,356,30,34,9,13,0,12,71,105,143,110,46,67,97,90
1500000US220710007011,220710007011,"Block Group 1, Census Tract 7.01, Orleans Parish, Louisiana",73,53,0,12,73,53,0,12,0,12,0,12,0,12,0,12,0,12,0,12
1500000US220710007012,220710007012,"Block Group 2, Census Tract 7.01, Orleans Parish, Louisiana",151,77,0,12,151,77,0,12,0,12,0,12,0,12,0,12,0,12,0,12
1500000US220710007013,220710007013,"Block Group 3, Census Tract 7.01, Orleans Parish, Louisiana",167,57,18,21,149,54,0,12,0,12,0,12,0,12,0,12,0,12,0,12
1500000US220710007014,220710007014,"Block Group 4, Census Tract 7.01, Orleans Parish, Louisiana",180,75,0,12,180,75,0,12,0,12,0,12,0,12,0,12,0,12,0,12
1500000US220710007021,220710007021,"Block Group 1, Census Tract 7.02, Orleans Parish, Louisiana",425,202,8,13,417,204,0,12,0,12,0,12,0,12,0,12,0,12,0,12
1500000US220710007022,220710007022,"Block Group 2, Census Tract 7.02, Orleans Parish, Louisiana",650,299,56,65,590,295,4,6,0,12,0,12,0,12,0,12,0,12,0,12
1500000US220710007023,220710007023,"Block Group 3, Census Tract 7.02, Orleans Parish, Louisiana",108,75,17,22,91,73,0,12,0,12,0,12,0,12,0,12,0,12,0,12
1500000US220710007024,220710007024,"Block Group 4, Census Tract 7.02, Orleans Parish, Louisiana",522,266,49,41,443,263,0,12,0,12,0,12,21,31,9,13,0,12,9,13
1500000US220710008001,220710008001,"Block Group 1, Census Tract 8, Orleans Parish, Louisiana",382,131,83,62,299,119,0,12,0,12,0,12,0,12,0,12,0,12,0,12
1500000US220710008002,220710008002,"Block Group 2, Census Tract 8, Orleans Parish, Louisiana",482,168,11,12,464,173,7,11,0,12,0,12,0,12,0,12,0,12,0,12
1500000US220710008003,220710008003,"Block Group 3, Census Tract 8, Orleans Parish, Louisiana",485,160,27,21,419,151,0,12,18,26,0,12,0,12,21,24,0,12,21,24
1500000US220710009011,220710009011,"Block Group 1, Census Tract 9.01, Orleans Parish, Louisiana",165,82,0,12,165,82,0,12,0,12,0,12,0,12,0,12,0,12,0,12
1500000US220710009012,220710009012,"Block Group 2, Census Tract 9.01, Orleans Parish, Louisiana",225,150,0,12,225,150,0,12,0,12,0,12,0,12,0,12,0,12,0,12
1500000US220710009013,220710009013,"Block Group 3, Census Tract 9.01, Orleans Parish, Louisiana",78,65,0,12,78,65,0,12,0,12,0,12,0,12,0,12,0,12,0,12
1500000US220710009014,220710009014,"Block Group 4, Census Tract 9.01, Orleans Parish, Louisiana",322,141,66,93,256,114,0,12,0,12,0,12,0,12,0,12,0,12,0,12
1500000US220710009021,220710009021,"Block Group 1, Census Tract 9.02, Orleans Parish, Louisiana",48,42,0,12,48,42,0,12,0,12,0,12,0,12,0,12,0,12,0,12
1500000US220710009022,220710009022,"Block Group 2, Census Tract 9.02, Orleans Parish, Louisiana",189,158,1,3,188,158,0,12,0,12,0,12,0,12,0,12,0,12,0,12
1500000US220710009023,220710009023,"Block Group 3, Census Tract 9.02, Orleans Parish, Louisiana",233,158,0,12,233,158,0,12,0,12,0,12,0,12,0,12,0,12,0,12
1500000US220710009024,220710009024,"Block Group 4, Census Tract 9.02, Orleans Parish, Louisiana",219,110,0,12,219,110,0,12,0,12,0,12,0,12,0,12,0,12,0,12
1500000US220710009031,220710009031,"Block Group 1, Census Tract 9.03, Orleans Parish, Louisiana",74,46,0,12,74,46,0,12,0,12,0,12,0,12,0,12,0,12,0,12
1500000US220710009032,220710009032,"Block Group 2, Census Tract 9.03, Orleans Parish, Louisiana",216,102,0,12,216,102,0,12,0,12,0,12,0,12,0,12,0,12,0,12
1500000US220710009033,220710009033,"Block Group 3, Census Tract 9.03, Orleans Parish, Louisiana",38,33,0,12,38,33,0,12,0,12,0,12,0,12,0,12,0,12,0,12
1500000US220710009034,220710009034,"Block Group 4, Census Tract 9.03, Orleans Parish, Louisiana",148,90,0,12,148,90,0,12,0,12,0,12,0,12,0,12,0,12,0,12
1500000US220710009041,220710009041,"Block Group 1, Census Tract 9.04, Orleans Parish, Louisiana",418,140,9,12,366,135,0,12,10,16,0,12,22,34,11,16,0,12,11,16
1500000US220710009042,220710009042,"Block Group 2, Census Tract 9.04, Orleans Parish, Louisiana",424,148,2,4,422,147,0,12,0,12,0,12,0,12,0,12,0,12,0,12
1500000US220710011001,220710011001,"Block Group 1, Census Tract 11, Orleans Parish, Louisiana",662,221,67,50,573,212,0,12,0,12,0,12,22,36,0,12,0,12,0,12
1500000US220710011002,220710011002,"Block Group 2, Census Tract 11, Orleans Parish, Louisiana",1028,146,862,133,92,39,8,12,7,11,0,12,21,22,38,40,0,12,38,40
1500000US220710011003,220710011003,"Block Group 3, Census Tract 11, Orleans Parish, Louisiana",0,12,0,12,0,12,0,12,0,12,0,12,0,12,0,12,0,12,0,12
1500000US220710012001,220710012001,"Block Group 1, Census Tract 12, Orleans Parish, Louisiana",504,118,411,93,65,42,0,12,0,12,0,12,0,12,28,32,0,12,28,32
1500000US220710012002,220710012002,"Block Group 2, Census Tract 12, Orleans Parish, Louisiana",416,124,287,78,99,81,0,12,0,12,0,12,0,12,30,28,0,12,30,28
1500000US220710012003,220710012003,"Block Group 3, Census Tract 12, Orleans Parish, Louisiana",669,144,570,130,51,43,0,12,0,12,0,12,0,12,48,44,0,12,48,44
1500000US220710013011,220710013011,"Block Group 1, Census Tract 13.01, Orleans Parish, Louisiana",729,217,72,57,651,206,0,12,0,12,0,12,0,12,6,8,0,12,6,8
1500000US220710013012,220710013012,"Block Group 2, Census Tract 13.01, Orleans Parish, Louisiana",361,105,225,91,122,116,0,12,8,10,0,12,0,12,6,10,0,12,6,10
1500000US220710013013,220710013013,"Block Group 3, Census Tract 13.01, Orleans Parish, Louisiana",324,85,59,36,248,81,0,12,0,12,0,12,0,12,17,20,0,12,17,20
1500000US220710013014,220710013014,"Block Group 4, Census Tract 13.01, Orleans Parish, Louisiana",264,100,0,12,264,100,0,12,0,12,0,12,0,12,0,12,0,12,0,12
1500000US220710013021,220710013021,"Block Group 1, Census Tract 13.02, Orleans Parish, Louisiana",406,134,11,13,395,136,0,12,0,12,0,12,0,12,0,12,0,12,0,12
1500000US220710013022,220710013022,"Block Group 2, Census Tract 13.02, Orleans Parish, Louisiana",483,136,45,40,429,129,0,12,9,14,0,12,0,12,0,12,0,12,0,12
1500000US220710014011,220710014011,"Block Group 1, Census Tract 14.01, Orleans Parish, Louisiana",250,130,0,12,250,130,0,12,0,12,0,12,0,12,0,12,0,12,0,12
1500000US220710014012,220710014012,"Block Group 2, Census Tract 14.01, Orleans Parish, Louisiana",162,62,1,2,161,61,0,12,0,12,0,12,0,12,0,12,0,12,0,12
1500000US220710014013,220710014013,"Block Group 3, Census Tract 14.01, Orleans Parish, Louisiana",284,99,0,12,284,99,0,12,0,12,0,12,0,12,0,12,0,12,0,12
1500000US220710014014,220710014014,"Block Group 4, Census Tract 14.01, Orleans Parish, Louisiana",274,140,9,14,261,142,0,12,0,12,0,12,4,8,0,12,0,12,0,12
1500000US220710014015,220710014015,"Block Group 5, Census Tract 14.01, Orleans Parish, Louisiana",138,138,0,12,87,108,0,12,0,12,0,12,51,85,0,12,0,12,0,12
1500000US220710014016,220710014016,"Block Group 6, Census Tract 14.01, Orleans Parish, Louisiana",140,80,0,12,140,80,0,12,0,12,0,12,0,12,0,12,0,12,0,12
1500000US220710014021,220710014021,"Block Group 1, Census Tract 14.02, Orleans Parish, Louisiana",584,184,69,55,446,178,0,12,0,12,0,12,0,12,69,86,0,12,69,86
1500000US220710014022,220710014022,"Block Group 2, Census Tract 14.02, Orleans Parish, Louisiana",189,87,43,68,146,59,0,12,0,12,0,12,0,12,0,12,0,12,0,12
1500000US220710014023,220710014023,"Block Group 3, Census Tract 14.02, Orleans Parish, Louisiana",333,174,7,10,312,171,0,12,0,12,0,12,0,12,14,14,0,12,14,14
1500000US220710014024,220710014024,"Block Group 4, Census Tract 14.02, Orleans Parish, Louisiana",662,162,1,3,661,162,0,12,0,12,0,12,0,12,0,12,0,12,0,12
1500000US220710015001,220710015001,"Block Group 1, Census Tract 15, Orleans Parish, Louisiana",532,140,65,80,459,172,0,12,0,12,0,12,4,6,4,6,0,12,4,6
1500000US220710015002,220710015002,"Block Group 2, Census Tract 15, Orleans Parish, Louisiana",306,103,88,51,209,91,0,12,0,12,0,12,9,14,0,12,0,12,0,12
1500000US220710016001,220710016001,"Block Group 1, Census Tract 16, Orleans Parish, Louisiana",0,12,0,12,0,12,0,12,0,12,0,12,0,12,0,12,0,12,0,12
1500000US220710017011,220710017011,"Block Group 1, Census Tract 17.01, Orleans Parish, Louisiana",918,219,67,46,833,209,0,12,0,12,0,12,0,12,18,21,18,21,0,12
1500000US220710017012,220710017012,"Block Group 2, Census Tract 17.01, Orleans Parish, Louisiana",534,157,18,23,511,160,0,12,0,12,0,12,0,12,5,7,5,7,0,12
1500000US220710017013,220710017013,"Block Group 3, Census Tract 17.01, Orleans Parish, Louisiana",498,136,9,15,489,139,0,12,0,12,0,12,0,12,0,12,0,12,0,12
1500000US220710017021,220710017021,"Block Group 1, Census Tract 17.02, Orleans Parish, Louisiana",1022,289,0,12,1022,289,0,12,0,12,0,12,0,12,0,12,0,12,0,12
1500000US220710017022,220710017022,"Block Group 2, Census Tract 17.02, Orleans Parish, Louisiana",838,265,9,12,829,266,0,12,0,12,0,12,0,12,0,12,0,12,0,12
1500000US220710017023,220710017023,"Block Group 3, Census Tract 17.02, Orleans Parish, Louisiana",478,189,79,66,399,185,0,12,0,12,0,12,0,12,0,12,0,12,0,12
1500000US220710017024,220710017024,"Block Group 4, Census Tract 17.02, Orleans Parish, Louisiana",644,201,339,160,173,89,0,12,132,89,0,12,0,12,0,12,0,12,0,12
1500000US220710017201,220710017201,"Block Group 1, Census Tract 17.20, Orleans Parish, Louisiana",615,257,0,12,539,247,0,12,9,14,0,12,9,14,58,71,0,12,58,71
1500000US220710017202,220710017202,"Block Group 2, Census Tract 17.20, Orleans Parish, Louisiana",654,203,0,12,633,200,0,12,0,12,0,12,21,33,0,12,0,12,0,12
1500000US220710017203,220710017203,"Block Group 3, Census Tract 17.20, Orleans Parish, Louisiana",1084,306,0,12,1084,306,0,12,0,12,0,12,0,12,0,12,0,12,0,12
1500000US220710017204,220710017204,"Block Group 4, Census Tract 17.20, Orleans Parish, Louisiana",1012,423,15,23,985,419,0,12,12,18,0,12,0,12,0,12,0,12,0,12
1500000US220710017221,220710017221,"Block Group 1, Census Tract 17.22, Orleans Parish, Louisiana",382,197,0,12,382,197,0,12,0,12,0,12,0,12,0,12,0,12,0,12
1500000US220710017222,220710017222,"Block Group 2, Census Tract 17.22, Orleans Parish, Louisiana",751,314,0,12,711,307,0,12,0,12,14,26,0,12,26,40,0,12,26,40
1500000US220710017223,220710017223,"Block Group 3, Census Tract 17.22, Orleans Parish, Louisiana",1057,294,0,12,1034,305,0,12,0,12,0,12,23,36,0,12,0,12,0,12
1500000US220710017224,220710017224,"Block Group 4, Census Tract 17.22, Orleans Parish, Louisiana",434,188,0,12,315,146,0,12,0,12,0,12,119,188,0,12,0,12,0,12
1500000US220710017225,220710017225,"Block Group 5, Census Tract 17.22, Orleans Parish, Louisiana",1012,340,62,60,937,341,0,12,0,12,0,12,7,11,6,11,0,12,6,11
1500000US220710017226,220710017226,"Block Group 6, Census Tract 17.22, Orleans Parish, Louisiana",245,117,0,12,245,117,0,12,0,12,0,12,0,12,0,12,0,12,0,12
1500000US220710017227,220710017227,"Block Group 7, Census Tract 17.22, Orleans Parish, Louisiana",329,210,0,12,329,210,0,12,0,12,0,12,0,12,0,12,0,12,0,12
1500000US220710017231,220710017231,"Block Group 1, Census Tract 17.23, Orleans Parish, Louisiana",863,369,25,35,656,314,0,12,66,92,0,12,0,12,116,164,0,12,116,164
1500000US220710017232,220710017232,"Block Group 2, Census Tract 17.23, Orleans Parish, Louisiana",1654,311,57,49,1560,304,0,12,4,9,0,12,15,25,18,19,0,12,18,19
1500000US220710017233,220710017233,"Block Group 3, Census Tract 17.23, Orleans Parish, Louisiana",902,263,40,39,862,267,0,12,0,12,0,12,0,12,0,12,0,12,0,12
1500000US220710017234,220710017234,"Block Group 4, Census Tract 17.23, Orleans Parish, Louisiana",1651,456,167,232,1484,432,0,12,0,12,0,12,0,12,0,12,0,12,0,12
1500000US220710017241,220710017241,"Block Group 1, Census Tract 17.24, Orleans Parish, Louisiana",700,257,147,100,509,254,0,12,44,65,0,12,0,12,0,12,0,12,0,12
1500000US220710017242,220710017242,"Block Group 2, Census Tract 17.24, Orleans Parish, Louisiana",1083,343,69,76,936,351,0,12,61,90,0,12,0,12,17,28,0,12,17,28
1500000US220710017243,220710017243,"Block Group 3, Census Tract 17.24, Orleans Parish, Louisiana",1440,381,14,18,1299,345,0,12,88,137,0,12,0,12,39,43,39,43,0,12
1500000US220710017244,220710017244,"Block Group 4, Census Tract 17.24, Orleans Parish, Louisiana",1396,465,73,110,1263,432,0,12,0,12,0,12,60,91,0,12,0,12,0,12
1500000US220710017251,220710017251,"Block Group 1, Census Tract 17.25, Orleans Parish, Louisiana",1846,538,38,46,1552,522,0,12,0,12,0,12,194,286,62,78,15,24,47,75
1500000US220710017252,220710017252,"Block Group 2, Census Tract 17.25, Orleans Parish, Louisiana",1858,548,81,68,1777,539,0,12,0,12,0,12,0,12,0,12,0,12,0,12
1500000US220710017253,220710017253,"Block Group 3, Census Tract 17.25, Orleans Parish, Louisiana",1658,499,6,13,1651,497,0,12,0,12,0,12,1,9,0,12,0,12,0,12
1500000US220710017254,220710017254,"Block Group 4, Census Tract 17.25, Orleans Parish, Louisiana",1586,454,43,103,1543,442,0,12,0,12,0,12,0,12,0,12,0,12,0,12
1500000US220710017301,220710017301,"Block Group 1, Census Tract 17.30, Orleans Parish, Louisiana",902,193,33,38,855,197,0,12,2,14,0,12,0,12,12,17,0,12,12,17
1500000US220710017341,220710017341,"Block Group 1, Census Tract 17.34, Orleans Parish, Louisiana",835,207,715,194,0,12,0,12,81,63,0,12,8,13,31,33,0,12,31,33
1500000US220710017351,220710017351,"Block Group 1, Census Tract 17.35, Orleans Parish, Louisiana",1149,251,4,6,1131,253,0,12,0,12,0,12,0,12,14,18,10,14,4,8
1500000US220710017352,220710017352,"Block Group 2, Census Tract 17.35, Orleans Parish, Louisiana",820,196,59,90,761,202,0,12,0,12,0,12,0,12,0,12,0,12,0,12
1500000US220710017361,220710017361,"Block Group 1, Census Tract 17.36, Orleans Parish, Louisiana",684,251,0,12,675,252,0,12,0,12,0,12,9,14,0,12,0,12,0,12
1500000US220710017362,220710017362,"Block Group 2, Census Tract 17.36, Orleans Parish, Louisiana",1388,274,83,89,1292,248,0,12,13,20,0,12,0,12,0,12,0,12,0,12
1500000US220710017371,220710017371,"Block Group 1, Census Tract 17.37, Orleans Parish, Louisiana",1612,301,6,9,1595,300,0,12,5,9,0,12,6,8,0,12,0,12,0,12
1500000US220710017372,220710017372,"Block Group 2, Census Tract 17.37, Orleans Parish, Louisiana",904,217,53,41,851,216,0,12,0,12,0,12,0,12,0,12,0,12,0,12
1500000US220710017373,220710017373,"Block Group 3, Census Tract 17.37, Orleans Parish, Louisiana",645,199,100,54,528,198,11,15,0,12,0,12,0,12,6,13,0,12,6,13
1500000US220710017391,220710017391,"Block Group 1, Census Tract 17.39, Orleans Parish, Louisiana",1134,198,19,27,1115,202,0,12,0,12,0,12,0,12,0,12,0,12,0,12
1500000US220710017392,220710017392,"Block Group 2, Census Tract 17.39, Orleans Parish, Louisiana",574,221,0,12,574,221,0,12,0,12,0,12,0,12,0,12,0,12,0,12
1500000US220710017401,220710017401,"Block Group 1, Census Tract 17.40, Orleans Parish, Louisiana",1436,400,9,14,1299,380,0,12,0,12,0,12,95,148,33,52,0,12,33,52
1500000US220710017402,220710017402,"Block Group 2, Census Tract 17.40, Orleans Parish, Louisiana",1519,341,0,12,1450,337,0,12,18,31,0,12,33,36,18,28,18,28,0,12
1500000US220710017403,220710017403,"Block Group 3, Census Tract 17.40, Orleans Parish, Louisiana",1671,421,62,56,1495,349,0,12,0,12,0,12,0,12,114,156,0,12,114,156
1500000US220710017411,220710017411,"Block Group 1, Census Tract 17.41, Orleans Parish, Louisiana",1611,169,73,43,930,158,0,12,600,102,0,12,0,12,8,13,0,12,8,13
1500000US220710017431,220710017431,"Block Group 1, Census Tract 17.43, Orleans Parish, Louisiana",1562,273,28,36,1534,278,0,12,0,12,0,12,0,12,0,12,0,12,0,12
1500000US220710017432,220710017432,"Block Group 2, Census Tract 17.43, Orleans Parish, Louisiana",815,265,6,10,790,270,0,12,0,12,0,12,19,31,0,12,0,12,0,12
1500000US220710017441,220710017441,"Block Group 1, Census Tract 17.44, Orleans Parish, Louisiana",1098,302,0,12,1039,282,0,12,0,12,0,12,0,12,59,72,47,69,12,21
1500000US220710017442,220710017442,"Block Group 2, Census Tract 17.44, Orleans Parish, Louisiana",1971,656,0,12,1971,656,0,12,0,12,0,12,0,12,0,12,0,12,0,12
1500000US220710017443,220710017443,"Block Group 3, Census Tract 17.44, Orleans Parish, Louisiana",1142,374,58,63,1084,380,0,12,0,12,0,12,0,12,0,12,0,12,0,12
1500000US220710017451,220710017451,"Block Group 1, Census Tract 17.45, Orleans Parish, Louisiana",2249,404,133,81,1932,389,0,12,0,12,0,12,157,204,27,44,27,44,0,12
1500000US220710017452,220710017452,"Block Group 2, Census Tract 17.45, Orleans Parish, Louisiana",1145,269,11,15,1117,267,0,12,2,5,0,12,0,12,15,24,0,12,15,24
1500000US220710017461,220710017461,"Block Group 1, Census Tract 17.46, Orleans Parish, Louisiana",1149,334,39,33,1100,334,0,12,0,12,0,12,0,12,10,17,0,12,10,17
1500000US220710017462,220710017462,"Block Group 2, Census Tract 17.46, Orleans Parish, Louisiana",1665,351,9,14,1648,351,0,12,0,12,0,12,0,12,8,14,0,12,8,14
1500000US220710017463,220710017463,"Block Group 3, Census Tract 17.46, Orleans Parish, Louisiana",1651,484,11,12,1640,484,0,12,0,12,0,12,0,12,0,12,0,12,0,12
1500000US220710017471,220710017471,"Block Group 1, Census Tract 17.47, Orleans Parish, Louisiana",2668,397,0,12,1874,357,0,12,687,242,0,12,96,134,11,17,11,17,0,12
1500000US220710017472,220710017472,"Block Group 2, Census Tract 17.47, Orleans Parish, Louisiana",1170,264,29,32,1068,269,0,12,61,92,0,12,12,23,0,12,0,12,0,12
1500000US220710017481,220710017481,"Block Group 1, Census Tract 17.48, Orleans Parish, Louisiana",1285,381,18,30,1060,373,0,12,207,136,0,12,0,12,0,12,0,12,0,12
1500000US220710017482,220710017482,"Block Group 2, Census Tract 17.48, Orleans Parish, Louisiana",1383,405,0,12,1182,391,0,12,201,201,0,12,0,12,0,12,0,12,0,12
1500000US220710017483,220710017483,"Block Group 3, Census Tract 17.48, Orleans Parish, Louisiana",1330,449,58,43,1269,451,0,12,0,12,0,12,3,6,0,12,0,12,0,12
1500000US220710017484,220710017484,"Block Group 4, Census Tract 17.48, Orleans Parish, Louisiana",894,398,35,47,754,376,0,12,105,139,0,12,0,12,0,12,0,12,0,12
1500000US220710017491,220710017491,"Block Group 1, Census Tract 17.49, Orleans Parish, Louisiana",1189,271,9,14,594,243,0,12,575,194,0,12,11,18,0,12,0,12,0,12
1500000US220710017492,220710017492,"Block Group 2, Census Tract 17.49, Orleans Parish, Louisiana",1785,345,158,111,382,178,15,23,1001,318,0,12,199,122,30,40,0,12,30,40
1500000US220710017501,220710017501,"Block Group 1, Census Tract 17.50, Orleans Parish, Louisiana",1225,346,14,22,210,105,0,12,894,310,0,12,107,159,0,12,0,12,0,12
1500000US220710017502,220710017502,"Block Group 2, Census Tract 17.50, Orleans Parish, Louisiana",693,237,116,141,385,233,0,12,100,81,0,12,43,47,49,62,41,60,8,14
1500000US220710017503,220710017503,"Block Group 3, Census Tract 17.50, Orleans Parish, Louisiana",1523,492,345,305,252,272,254,271,630,233,0,12,22,37,20,35,10,18,10,17
1500000US220710017511,220710017511,"Block Group 1, Census Tract 17.51, Orleans Parish, Louisiana",802,245,217,182,512,131,6,8,1,4,0,12,66,58,0,12,0,12,0,12
1500000US220710018001,220710018001,"Block Group 1, Census Tract 18, Orleans Parish, Louisiana",922,237,737,219,77,65,0,12,18,19,0,12,79,115,11,12,6,9,5,8
1500000US220710018002,220710018002,"Block Group 2, Census Tract 18, Orleans Parish, Louisiana",514,158,465,158,0,12,17,25,6,10,0,12,0,12,26,31,0,12,26,31
1500000US220710019001,220710019001,"Block Group 1, Census Tract 19, Orleans Parish, Louisiana",220,87,104,60,116,67,0,12,0,12,0,12,0,12,0,12,0,12,0,12
1500000US220710019002,220710019002,"Block Group 2, Census Tract 19, Orleans Parish, Louisiana",508,139,151,80,352,125,5,8,0,12,0,12,0,12,0,12,0,12,0,12
1500000US220710019003,220710019003,"Block Group 3, Census Tract 19, Orleans Parish, Louisiana",611,202,149,133,430,145,0,12,0,12,0,12,25,39,7,12,0,12,7,12
1500000US220710020001,220710020001,"Block Group 1, Census Tract 20, Orleans Parish, Louisiana",459,171,60,66,378,150,0,12,0,12,0,12,0,12,21,32,0,12,21,32
1500000US220710020002,220710020002,"Block Group 2, Census Tract 20, Orleans Parish, Louisiana",364,147,47,55,304,136,0,12,0,12,0,12,0,12,13,17,0,12,13,17
1500000US220710020003,220710020003,"Block Group 3, Census Tract 20, Orleans Parish, Louisiana",261,125,43,32,218,126,0,12,0,12,0,12,0,12,0,12,0,12,0,12
1500000US220710021001,220710021001,"Block Group 1, Census Tract 21, Orleans Parish, Louisiana",376,147,2,4,374,146,0,12,0,12,0,12,0,12,0,12,0,12,0,12
1500000US220710021002,220710021002,"Block Group 2, Census Tract 21, Orleans Parish, Louisiana",341,98,20,30,321,103,0,12,0,12,0,12,0,12,0,12,0,12,0,12
1500000US220710022001,220710022001,"Block Group 1, Census Tract 22, Orleans Parish, Louisiana",231,82,25,30,206,84,0,12,0,12,0,12,0,12,0,12,0,12,0,12
1500000US220710022002,220710022002,"Block Group 2, Census Tract 22, Orleans Parish, Louisiana",404,136,8,9,396,136,0,12,0,12,0,12,0,12,0,12,0,12,0,12
1500000US220710022003,220710022003,"Block Group 3, Census Tract 22, Orleans Parish, Louisiana",190,87,4,7,186,86,0,12,0,12,0,12,0,12,0,12,0,12,0,12
1500000US220710023001,220710023001,"Block Group 1, Census Tract 23, Orleans Parish, Louisiana",180,101,0,12,180,101,0,12,0,12,0,12,0,12,0,12,0,12,0,12
1500000US220710023002,220710023002,"Block Group 2, Census Tract 23, Orleans Parish, Louisiana",179,94,46,66,119,56,0,12,0,12,0,12,0,12,14,20,0,12,14,20
1500000US220710023003,220710023003,"Block Group 3, Census Tract 23, Orleans Parish, Louisiana",120,82,0,12,120,82,0,12,0,12,0,12,0,12,0,12,0,12,0,12
1500000US220710023004,220710023004,"Block Group 4, Census Tract 23, Orleans Parish, Louisiana",229,91,0,12,229,91,0,12,0,12,0,12,0,12,0,12,0,12,0,12
1500000US220710023005,220710023005,"Block Group 5, Census Tract 23, Orleans Parish, Louisiana",1091,247,31,26,1016,248,0,12,0,12,0,12,32,51,12,16,0,12,12,16
1500000US220710024011,220710024011,"Block Group 1, Census Tract 24.01, Orleans Parish, Louisiana",1011,186,134,70,792,188,11,16,0,12,0,12,44,48,30,33,0,12,30,33
1500000US220710024012,220710024012,"Block Group 2, Census Tract 24.01, Orleans Parish, Louisiana",1022,301,67,48,928,302,0,12,0,12,0,12,0,12,27,39,0,12,27,39
1500000US220710024021,220710024021,"Block Group 1, Census Tract 24.02, Orleans Parish, Louisiana",371,176,82,89,289,145,0,12,0,12,0,12,0,12,0,12,0,12,0,12
1500000US220710024022,220710024022,"Block Group 2, Census Tract 24.02, Orleans Parish, Louisiana",876,311,66,77,810,298,0,12,0,12,0,12,0,12,0,12,0,12,0,12
1500000US220710024023,220710024023,"Block Group 3, Census Tract 24.02, Orleans Parish, Louisiana",639,230,35,34,604,230,0,12,0,12,0,12,0,12,0,12,0,12,0,12
1500000US220710024024,220710024024,"Block Group 4, Census Tract 24.02, Orleans Parish, Louisiana",1031,270,179,139,825,258,0,12,0,12,0,12,0,12,27,43,0,12,27,43
1500000US220710025011,220710025011,"Block Group 1, Census Tract 25.01, Orleans Parish, Louisiana",669,204,110,59,555,200,0,12,0,12,0,12,0,12,4,7,4,7,0,12
1500000US220710025012,220710025012,"Block Group 2, Census Tract 25.01, Orleans Parish, Louisiana",490,184,55,35,435,182,0,12,0,12,0,12,0,12,0,12,0,12,0,12
1500000US220710025013,220710025013,"Block Group 3, Census Tract 25.01, Orleans Parish, Louisiana",244,96,49,36,195,96,0,12,0,12,0,12,0,12,0,12,0,12,0,12
1500000US220710025014,220710025014,"Block Group 4, Census Tract 25.01, Orleans Parish, Louisiana",300,78,73,54,227,84,0,12,0,12,0,12,0,12,0,12,0,12,0,12
1500000US220710025021,220710025021,"Block Group 1, Census Tract 25.02, Orleans Parish, Louisiana",921,195,5,7,904,193,0,12,0,12,0,12,0,12,12,15,0,12,12,15
1500000US220710025022,220710025022,"Block Group 2, Census Tract 25.02, Orleans Parish, Louisiana",343,125,46,49,297,113,0,12,0,12,0,12,0,12,0,12,0,12,0,12
1500000US220710025023,220710025023,"Block Group 3, Census Tract 25.02, Orleans Parish, Louisiana",453,228,18,20,435,231,0,12,0,12,0,12,0,12,0,12,0,12,0,12
1500000US220710025024,220710025024,"Block Group 4, Census Tract 25.02, Orleans Parish, Louisiana",453,159,7,12,439,157,0,12,0,12,0,12,0,12,7,10,0,12,7,10
1500000US220710025031,220710025031,"Block Group 1, Census Tract 25.03, Orleans Parish, Louisiana",513,179,78,45,378,201,0,12,49,62,0,12,0,12,8,12,0,12,8,12
1500000US220710025032,220710025032,"Block Group 2, Census Tract 25.03, Orleans Parish, Louisiana",1125,318,230,86,895,324,0,12,0,12,0,12,0,12,0,12,0,12,0,12
1500000US220710025033,220710025033,"Block Group 3, Census Tract 25.03, Orleans Parish, Louisiana",690,188,319,103,356,169,0,12,0,12,0,12,15,24,0,12,0,12,0,12
1500000US220710025041,220710025041,"Block Group 1, Census Tract 25.04, Orleans Parish, Louisiana",621,201,56,45,559,202,0,12,0,12,0,12,0,12,6,10,0,12,6,10
1500000US220710025042,220710025042,"Block Group 2, Census Tract 25.04, Orleans Parish, Louisiana",740,188,200,75,514,179,14,14,0,12,0,12,0,12,12,14,0,12,12,14
1500000US220710025043,220710025043,"Block Group 3, Census Tract 25.04, Orleans Parish, Louisiana",391,131,186,63,177,113,0,12,3,5,0,12,12,18,13,18,13,18,0,12
1500000US220710025044,220710025044,"Block Group 4, Census Tract 25.04, Orleans Parish, Louisiana",498,141,97,69,363,131,0,12,0,12,0,12,0,12,38,44,0,12,38,44
1500000US220710026001,220710026001,"Block Group 1, Census Tract 26, Orleans Parish, Louisiana",615,138,540,111,43,40,0,12,32,50,0,12,0,12,0,12,0,12,0,12
1500000US220710026002,220710026002,"Block Group 2, Census Tract 26, Orleans Parish, Louisiana",702,155,553,140,101,84,0,12,48,61,0,12,0,12,0,12,0,12,0,12
1500000US220710027001,220710027001,"Block Group 1, Census Tract 27, Orleans Parish, Louisiana",541,286,24,32,503,285,0,12,0,12,0,12,14,21,0,12,0,12,0,12
1500000US220710027002,220710027002,"Block Group 2, Census Tract 27, Orleans Parish, Louisiana",658,224,235,122,423,189,0,12,0,12,0,12,0,12,0,12,0,12,0,12
1500000US220710027003,220710027003,"Block Group 3, Census Tract 27, Orleans Parish, Louisiana",298,162,61,43,237,154,0,12,0,12,0,12,0,12,0,12,0,12,0,12
1500000US220710028001,220710028001,"Block Group 1, Census Tract 28, Orleans Parish, Louisiana",357,111,0,12,357,111,0,12,0,12,0,12,0,12,0,12,0,12,0,12
1500000US220710028002,220710028002,"Block Group 2, Census Tract 28, Orleans Parish, Louisiana",718,173,0,12,703,174,0,12,15,19,0,12,0,12,0,12,0,12,0,12
1500000US220710028003,220710028003,"Block Group 3, Census Tract 28, Orleans Parish, Louisiana",461,189,5,7,455,189,0,12,1,2,0,12,0,12,0,12,0,12,0,12
1500000US220710029001,220710029001,"Block Group 1, Census Tract 29, Orleans Parish, Louisiana",551,187,10,17,541,188,0,12,0,12,0,12,0,12,0,12,0,12,0,12
1500000US220710029002,220710029002,"Block Group 2, Census Tract 29, Orleans Parish, Louisiana",318,140,0,12,318,140,0,12,0,12,0,12,0,12,0,12,0,12,0,12
1500000US220710029003,220710029003,"Block Group 3, Census Tract 29, Orleans Parish, Louisiana",567,237,24,33,543,235,0,12,0,12,0,12,0,12,0,12,0,12,0,12
1500000US220710030001,220710030001,"Block Group 1, Census Tract 30, Orleans Parish, Louisiana",460,153,46,39,396,152,0,12,0,12,0,12,0,12,18,23,0,12,18,23
1500000US220710030002,220710030002,"Block Group 2, Census Tract 30, Orleans Parish, Louisiana",685,215,4,7,670,217,11,16,0,12,0,12,0,12,0,12,0,12,0,12
1500000US220710031001,220710031001,"Block Group 1, Census Tract 31, Orleans Parish, Louisiana",340,156,0,12,321,150,0,12,0,12,0,12,19,23,0,12,0,12,0,12
1500000US220710031002,220710031002,"Block Group 2, Census Tract 31, Orleans Parish, Louisiana",753,266,1,4,626,250,0,12,0,12,0,12,7,7,119,165,14,20,105,161
1500000US220710033011,220710033011,"Block Group 1, Census Tract 33.01, Orleans Parish, Louisiana",820,180,546,176,228,114,0,12,46,55,0,12,0,12,0,12,0,12,0,12
1500000US220710033012,220710033012,"Block Group 2, Census Tract 33.01, Orleans Parish, Louisiana",652,202,206,114,446,201,0,12,0,12,0,12,0,12,0,12,0,12,0,12
1500000US220710033013,220710033013,"Block Group 3, Census Tract 33.01, Orleans Parish, Louisiana",361,124,156,75,205,100,0,12,0,12,0,12,0,12,0,12,0,12,0,12
1500000US220710033021,220710033021,"Block Group 1, Census Tract 33.02, Orleans Parish, Louisiana",655,276,47,43,608,269,0,12,0,12,0,12,0,12,0,12,0,12,0,12
1500000US220710033022,220710033022,"Block Group 2, Census Tract 33.02, Orleans Parish, Louisiana",1298,453,9,12,1284,452,0,12,0,12,0,12,0,12,5,10,0,12,5,10
1500000US220710033023,220710033023,"Block Group 3, Census Tract 33.02, Orleans Parish, Louisiana",1105,257,143,73,923,250,0,12,23,36,0,12,3,4,13,22,0,12,13,22
1500000US220710033024,220710033024,"Block Group 4, Census Tract 33.02, Orleans Parish, Louisiana",529,182,96,65,375,181,0,12,29,39,0,12,19,34,10,16,0,12,10,16
1500000US220710033031,220710033031,"Block Group 1, Census Tract 33.03, Orleans Parish, Louisiana",890,222,295,94,523,215,6,8,61,75,0,12,5,8,0,12,0,12,0,12
1500000US220710033032,220710033032,"Block Group 2, Census Tract 33.03, Orleans Parish, Louisiana",610,162,97,64,438,134,0,12,17,28,0,12,49,66,9,13,0,12,9,13
1500000US220710033033,220710033033,"Block Group 3, Census Tract 33.03, Orleans Parish, Louisiana",428,159,58,31,337,159,0,12,0,12,0,12,28,39,5,8,5,8,0,12
1500000US220710033041,220710033041,"Block Group 1, Census Tract 33.04, Orleans Parish, Louisiana",961,189,116,71,845,176,0,12,0,12,0,12,0,12,0,12,0,12,0,12
1500000US220710033042,220710033042,"Block Group 2, Census Tract 33.04, Orleans Parish, Louisiana",895,200,79,52,806,196,5,8,0,12,0,12,0,12,5,8,0,12,5,8
1500000US220710033071,220710033071,"Block Group 1, Census Tract 33.07, Orleans Parish, Louisiana",829,208,10,11,782,215,0,12,0,12,0,12,37,62,0,12,0,12,0,12
1500000US220710033072,220710033072,"Block Group 2, Census Tract 33.07, Orleans Parish, Louisiana",504,177,5,7,499,179,0,12,0,12,0,12,0,12,0,12,0,12,0,12
1500000US220710033081,220710033081,"Block Group 1, Census Tract 33.08, Orleans Parish, Louisiana",376,244,19,31,285,253,0,12,0,12,0,12,20,33,52,61,0,12,52,61
1500000US220710033082,220710033082,"Block Group 2, Census Tract 33.08, Orleans Parish, Louisiana",671,203,32,19,634,199,0,12,5,11,0,12,0,12,0,12,0,12,0,12
1500000US220710033083,220710033083,"Block Group 3, Census Tract 33.08, Orleans Parish, Louisiana",1000,232,0,12,990,231,0,12,0,12,0,12,0,12,10,15,0,12,10,15
1500000US220710033084,220710033084,"Block Group 4, Census Tract 33.08, Orleans Parish, Louisiana",514,252,11,18,367,167,0,12,0,12,0,12,126,195,10,15,0,12,10,15
1500000US220710033085,220710033085,"Block Group 5, Census Tract 33.08, Orleans Parish, Louisiana",493,205,0,12,493,205,0,12,0,12,0,12,0,12,0,12,0,12,0,12
1500000US220710033086,220710033086,"Block Group 6, Census Tract 33.08, Orleans Parish, Louisiana",257,131,82,77,123,107,0,12,17,33,0,12,35,61,0,12,0,12,0,12
1500000US220710034001,220710034001,"Block Group 1, Census Tract 34, Orleans Parish, Louisiana",612,149,142,61,459,146,0,12,0,12,11,20,0,12,0,12,0,12,0,12
1500000US220710034002,220710034002,"Block Group 2, Census Tract 34, Orleans Parish, Louisiana",632,152,248,83,348,133,0,12,0,12,0,12,4,8,32,26,0,12,32,26
1500000US220710035001,220710035001,"Block Group 1, Census Tract 35, Orleans Parish, Louisiana",448,109,12,11,431,110,0,12,0,12,0,12,0,12,5,8,5,8,0,12
1500000US220710035002,220710035002,"Block Group 2, Census Tract 35, Orleans Parish, Louisiana",283,124,16,22,267,126,0,12,0,12,0,12,0,12,0,12,0,12,0,12
1500000US220710035003,220710035003,"Block Group 3, Census Tract 35, Orleans Parish, Louisiana",464,166,129,77,335,173,0,12,0,12,0,12,0,12,0,12,0,12,0,12
1500000US220710036001,220710036001,"Block Group 1, Census Tract 36, Orleans Parish, Louisiana",475,123,5,8,436,128,0,12,0,12,0,12,0,12,34,42,27,41,7,10
1500000US220710036002,220710036002,"Block Group 2, Census Tract 36, Orleans Parish, Louisiana",720,142,161,98,551,149,0,12,0,12,0,12,8,12,0,12,0,12,0,12
1500000US220710036003,220710036003,"Block Group 3, Census Tract 36, Orleans Parish, Louisiana",643,291,79,64,537,292,0,12,0,12,0,12,0,12,27,32,0,12,27,32
1500000US220710037011,220710037011,"Block Group 1, Census Tract 37.01, Orleans Parish, Louisiana",1528,200,520,101,952,182,5,7,45,51,0,12,0,12,6,9,0,12,6,9
1500000US220710037012,220710037012,"Block Group 2, Census Tract 37.01, Orleans Parish, Louisiana",741,293,49,41,692,296,0,12,0,12,0,12,0,12,0,12,0,12,0,12
1500000US220710037021,220710037021,"Block Group 1, Census Tract 37.02, Orleans Parish, Louisiana",619,204,4,7,589,198,0,12,1,2,0,12,0,12,25,37,0,12,25,37
1500000US220710037022,220710037022,"Block Group 2, Census Tract 37.02, Orleans Parish, Louisiana",695,280,115,116,544,264,0,12,29,43,0,12,7,12,0,12,0,12,0,12
1500000US220710037023,220710037023,"Block Group 3, Census Tract 37.02, Orleans Parish, Louisiana",413,188,20,24,393,190,0,12,0,12,0,12,0,12,0,12,0,12,0,12
1500000US220710037024,220710037024,"Block Group 4, Census Tract 37.02, Orleans Parish, Louisiana",636,283,100,88,511,276,25,40,0,12,0,12,0,12,0,12,0,12,0,12
1500000US220710037025,220710037025,"Block Group 5, Census Tract 37.02, Orleans Parish, Louisiana",385,154,316,149,69,63,0,12,0,12,0,12,0,12,0,12,0,12,0,12
1500000US220710037026,220710037026,"Block Group 6, Census Tract 37.02, Orleans Parish, Louisiana",595,179,472,159,85,77,0,12,0,12,0,12,20,33,18,22,0,12,18,22
1500000US220710038001,220710038001,"Block Group 1, Census Tract 38, Orleans Parish, Louisiana",625,149,614,148,10,13,0,12,0,12,0,12,0,12,1,2,1,2,0,12
1500000US220710038002,220710038002,"Block Group 2, Census Tract 38, Orleans Parish, Louisiana",606,156,587,154,12,20,0,12,7,11,0,12,0,12,0,12,0,12,0,12
1500000US220710039001,220710039001,"Block Group 1, Census Tract 39, Orleans Parish, Louisiana",671,140,293,89,276,125,0,12,16,18,0,12,0,12,86,51,12,19,74,42
1500000US220710039002,220710039002,"Block Group 2, Census Tract 39, Orleans Parish, Louisiana",695,174,296,82,339,164,0,12,0,12,0,12,10,10,50,36,10,16,40,32
1500000US220710040001,220710040001,"Block Group 1, Census Tract 40, Orleans Parish, Louisiana",922,442,184,82,735,431,0,12,0,12,0,12,0,12,3,7,0,12,3,7
1500000US220710040002,220710040002,"Block Group 2, Census Tract 40, Orleans Parish, Louisiana",1107,216,217,155,853,184,5,8,0,12,0,12,32,33,0,12,0,12,0,12
1500000US220710041001,220710041001,"Block Group 1, Census Tract 41, Orleans Parish, Louisiana",760,133,689,130,54,35,0,12,12,14,0,12,0,12,5,7,0,12,5,7
1500000US220710041002,220710041002,"Block Group 2, Census Tract 41, Orleans Parish, Louisiana",817,139,614,139,134,84,3,7,1,2,0,12,60,87,5,7,0,12,5,7
1500000US220710044011,220710044011,"Block Group 1, Census Tract 44.01, Orleans Parish, Louisiana",366,122,22,24,339,120,0,12,0,12,0,12,5,8,0,12,0,12,0,12
1500000US220710044012,220710044012,"Block Group 2, Census Tract 44.01, Orleans Parish, Louisiana",326,167,24,25,302,168,0,12,0,12,0,12,0,12,0,12,0,12,0,12
1500000US220710044013,220710044013,"Block Group 3, Census Tract 44.01, Orleans Parish, Louisiana",572,205,56,42,480,194,0,12,0,12,0,12,0,12,36,58,0,12,36,58
1500000US220710044021,220710044021,"Block Group 1, Census Tract 44.02, Orleans Parish, Louisiana",78,131,0,12,78,131,0,12,0,12,0,12,0,12,0,12,0,12,0,12
1500000US220710044022,220710044022,"Block Group 2, Census Tract 44.02, Orleans Parish, Louisiana",0,12,0,12,0,12,0,12,0,12,0,12,0,12,0,12,0,12,0,12
1500000US220710045001,220710045001,"Block Group 1, Census Tract 45, Orleans Parish, Louisiana",531,303,53,38,469,301,0,12,0,12,0,12,0,12,9,15,0,12,9,15
1500000US220710045002,220710045002,"Block Group 2, Census Tract 45, Orleans Parish, Louisiana",752,236,105,63,639,218,0,12,0,12,0,12,8,14,0,12,0,12,0,12
1500000US220710045003,220710045003,"Block Group 3, Census Tract 45, Orleans Parish, Louisiana",800,186,381,112,293,139,0,12,53,63,0,12,57,46,16,21,0,12,16,21
1500000US220710046001,220710046001,"Block Group 1, Census Tract 46, Orleans Parish, Louisiana",560,171,460,161,85,90,0,12,0,12,0,12,15,24,0,12,0,12,0,12
1500000US220710046002,220710046002,"Block Group 2, Census Tract 46, Orleans Parish, Louisiana",1588,240,1462,243,80,61,0,12,0,12,0,12,0,12,46,33,23,23,23,25
1500000US220710046003,220710046003,"Block Group 3, Census Tract 46, Orleans Parish, Louisiana",745,189,650,186,55,55,19,33,0,12,0,12,0,12,21,23,12,18,9,14
1500000US220710048001,220710048001,"Block Group 1, Census Tract 48, Orleans Parish, Louisiana",1050,313,1,2,997,309,0,12,1,2,0,12,0,12,51,56,0,12,51,56
1500000US220710049001,220710049001,"Block Group 1, Census Tract 49, Orleans Parish, Louisiana",618,207,196,190,381,129,33,46,0,12,0,12,8,15,0,12,0,12,0,12
1500000US220710049002,220710049002,"Block Group 2, Census Tract 49, Orleans Parish, Louisiana",458,178,65,45,307,154,0,12,0,12,0,12,73,94,13,21,0,12,13,21
1500000US220710049003,220710049003,"Block Group 3, Census Tract 49, Orleans Parish, Louisiana",35,54,0,12,35,54,0,12,0,12,0,12,0,12,0,12,0,12,0,12
1500000US220710049004,220710049004,"Block Group 4, Census Tract 49, Orleans Parish, Louisiana",346,206,90,56,251,213,0,12,5,8,0,12,0,12,0,12,0,12,0,12
1500000US220710050001,220710050001,"Block Group 1, Census Tract 50, Orleans Parish, Louisiana",575,145,320,95,218,132,5,9,0,12,0,12,15,30,17,20,0,12,17,20
1500000US220710050002,220710050002,"Block Group 2, Census Tract 50, Orleans Parish, Louisiana",1117,376,323,162,560,338,134,141,0,12,0,12,100,153,0,12,0,12,0,12
1500000US220710054001,220710054001,"Block Group 1, Census Tract 54, Orleans Parish, Louisiana",607,212,557,193,46,55,0,12,0,12,0,12,4,6,0,12,0,12,0,12
1500000US220710054002,220710054002,"Block Group 2, Census Tract 54, Orleans Parish, Louisiana",634,223,455,157,179,179,0,12,0,12,0,12,0,12,0,12,0,12,0,12
1500000US220710054003,220710054003,"Block Group 3, Census Tract 54, Orleans Parish, Louisiana",612,166,441,129,95,73,0,12,0,12,0,12,52,81,24,40,0,12,24,40
1500000US220710055001,220710055001,"Block Group 1, Census Tract 55, Orleans Parish, Louisiana",882,160,842,158,32,39,0,12,0,12,0,12,8,16,0,12,0,12,0,12
1500000US220710055002,220710055002,"Block Group 2, Census Tract 55, Orleans Parish, Louisiana",868,224,715,175,109,123,0,12,12,20,0,12,24,26,8,12,0,12,8,12
1500000US220710055003,220710055003,"Block Group 3, Census Tract 55, Orleans Parish, Louisiana",910,200,797,193,10,14,0,12,0,12,0,12,84,125,19,29,0,12,19,29
1500000US220710056011,220710056011,"Block Group 1, Census Tract 56.01, Orleans Parish, Louisiana",636,144,566,135,0,12,0,12,65,70,0,12,0,12,5,8,0,12,5,8
1500000US220710056012,220710056012,"Block Group 2, Census Tract 56.01, Orleans Parish, Louisiana",634,176,504,101,13,20,0,12,8,15,0,12,104,149,5,9,0,12,5,9
1500000US220710056013,220710056013,"Block Group 3, Census Tract 56.01, Orleans Parish, Louisiana",491,123,431,112,46,75,0,12,14,24,0,12,0,12,0,12,0,12,0,12
1500000US220710056014,220710056014,"Block Group 4, Census Tract 56.01, Orleans Parish, Louisiana",509,117,470,119,6,9,0,12,13,19,0,12,20,29,0,12,0,12,0,12
1500000US220710056021,220710056021,"Block Group 1, Census Tract 56.02, Orleans Parish, Louisiana",460,139,444,139,16,23,0,12,0,12,0,12,0,12,0,12,0,12,0,12
1500000US220710056022,220710056022,"Block Group 2, Census Tract 56.02, Orleans Parish, Louisiana",774,137,774,137,0,12,0,12,0,12,0,12,0,12,0,12,0,12,0,12
1500000US220710056023,220710056023,"Block Group 3, Census Tract 56.02, Orleans Parish, Louisiana",853,182,803,169,31,44,1,2,0,12,0,12,0,12,18,25,0,12,18,25
1500000US220710056024,220710056024,"Block Group 4, Census Tract 56.02, Orleans Parish, Louisiana",530,167,530,167,0,12,0,12,0,12,0,12,0,12,0,12,0,12,0,12
1500000US220710056031,220710056031,"Block Group 1, Census Tract 56.03, Orleans Parish, Louisiana",509,103,509,103,0,12,0,12,0,12,0,12,0,12,0,12,0,12,0,12
1500000US220710056032,220710056032,"Block Group 2, Census Tract 56.03, Orleans Parish, Louisiana",536,137,517,123,19,27,0,12,0,12,0,12,0,12,0,12,0,12,0,12
1500000US220710056033,220710056033,"Block Group 3, Census Tract 56.03, Orleans Parish, Louisiana",349,100,277,89,65,88,0,12,7,10,0,12,0,12,0,12,0,12,0,12
1500000US220710056041,220710056041,"Block Group 1, Census Tract 56.04, Orleans Parish, Louisiana",460,141,417,118,43,71,0,12,0,12,0,12,0,12,0,12,0,12,0,12
1500000US220710056042,220710056042,"Block Group 2, Census Tract 56.04, Orleans Parish, Louisiana",600,125,595,125,0,12,5,8,0,12,0,12,0,12,0,12,0,12,0,12
1500000US220710056043,220710056043,"Block Group 3, Census Tract 56.04, Orleans Parish, Louisiana",477,142,448,138,0,12,0,12,29,41,0,12,0,12,0,12,0,12,0,12
1500000US220710060001,220710060001,"Block Group 1, Census Tract 60, Orleans Parish, Louisiana",1829,265,405,176,1326,234,0,12,65,68,0,12,27,40,6,12,0,12,6,12
1500000US220710063001,220710063001,"Block Group 1, Census Tract 63, Orleans Parish, Louisiana",826,264,356,122,401,230,0,12,7,16,0,12,28,36,34,32,9,12,25,28
1500000US220710063002,220710063002,"Block Group 2, Census Tract 63, Orleans Parish, Louisiana",366,209,121,79,241,200,0,12,0,12,0,12,0,12,4,4,2,3,2,4
1500000US220710063003,220710063003,"Block Group 3, Census Tract 63, Orleans Parish, Louisiana",585,216,145,102,332,140,0,12,5,9,0,12,103,152,0,12,0,12,0,12
1500000US220710064001,220710064001,"Block Group 1, Census Tract 64, Orleans Parish, Louisiana",573,180,323,100,184,165,0,12,8,13,0,12,33,59,25,42,0,12,25,42
1500000US220710064002,220710064002,"Block Group 2, Census Tract 64, Orleans Parish, Louisiana",692,197,306,108,347,162,0,12,2,5,0,12,0,12,37,33,14,23,23,25
1500000US220710064003,220710064003,"Block Group 3, Census Tract 64, Orleans Parish, Louisiana",509,225,208,140,280,171,0,12,11,19,0,12,3,6,7,10,0,12,7,10
1500000US220710064004,220710064004,"Block Group 4, Census Tract 64, Orleans Parish, Louisiana",551,184,260,110,244,182,0,12,0,12,0,12,5,9,42,68,0,12,42,68
1500000US220710065001,220710065001,"Block Group 1, Census Tract 65, Orleans Parish, Louisiana",956,225,520,147,277,157,0,12,11,17,26,25,63,69,59,45,0,12,59,45
1500000US220710065002,220710065002,"Block Group 2, Census Tract 65, Orleans Parish, Louisiana",874,178,699,164,127,94,0,12,29,45,0,12,0,12,19,25,0,12,19,25
1500000US220710065003,220710065003,"Block Group 3, Census Tract 65, Orleans Parish, Louisiana",849,200,408,176,398,129,0,12,0,12,0,12,31,33,12,18,0,12,12,18
1500000US220710069001,220710069001,"Block Group 1, Census Tract 69, Orleans Parish, Louisiana",354,237,0,12,354,237,0,12,0,12,0,12,0,12,0,12,0,12,0,12
1500000US220710069002,220710069002,"Block Group 2, Census Tract 69, Orleans Parish, Louisiana",47,42,7,12,40,40,0,12,0,12,0,12,0,12,0,12,0,12,0,12
1500000US220710069003,220710069003,"Block Group 3, Census Tract 69, Orleans Parish, Louisiana",396,122,0,12,396,122,0,12,0,12,0,12,0,12,0,12,0,12,0,12
1500000US220710070001,220710070001,"Block Group 1, Census Tract 70, Orleans Parish, Louisiana",696,218,216,227,430,151,0,12,7,13,0,12,0,12,43,42,0,12,43,42
1500000US220710070002,220710070002,"Block Group 2, Census Tract 70, Orleans Parish, Louisiana",1105,253,144,146,911,250,0,12,23,33,0,12,0,12,27,28,12,23,15,15
1500000US220710071011,220710071011,"Block Group 1, Census Tract 71.01, Orleans Parish, Louisiana",1098,209,132,53,926,207,0,12,14,19,0,12,16,21,10,18,0,12,10,18
1500000US220710071012,220710071012,"Block Group 2, Census Tract 71.01, Orleans Parish, Louisiana",1179,212,426,190,724,161,0,12,0,12,0,12,0,12,29,25,0,12,29,25
1500000US220710072001,220710072001,"Block Group 1, Census Tract 72, Orleans Parish, Louisiana",1296,272,51,36,1048,230,0,12,26,28,0,12,46,66,125,123,12,19,113,125
1500000US220710072002,220710072002,"Block Group 2, Census Tract 72, Orleans Parish, Louisiana",619,201,58,50,536,193,0,12,0,12,0,12,25,32,0,12,0,12,0,12
1500000US220710072003,220710072003,"Block Group 3, Census Tract 72, Orleans Parish, Louisiana",270,150,24,19,243,151,0,12,0,12,0,12,0,12,3,7,0,12,3,7
1500000US220710075011,220710075011,"Block Group 1, Census Tract 75.01, Orleans Parish, Louisiana",507,175,140,115,367,141,0,12,0,12,0,12,0,12,0,12,0,12,0,12
1500000US220710075012,220710075012,"Block Group 2, Census Tract 75.01, Orleans Parish, Louisiana",814,330,14,21,800,337,0,12,0,12,0,12,0,12,0,12,0,12,0,12
1500000US220710075013,220710075013,"Block Group 3, Census Tract 75.01, Orleans Parish, Louisiana",566,199,0,12,566,199,0,12,0,12,0,12,0,12,0,12,0,12,0,12
1500000US220710075014,220710075014,"Block Group 4, Census Tract 75.01, Orleans Parish, Louisiana",578,242,0,12,540,235,0,12,0,12,0,12,33,53,5,7,0,12,5,7
1500000US220710075015,220710075015,"Block Group 5, Census Tract 75.01, Orleans Parish, Louisiana",297,161,0,12,297,161,0,12,0,12,0,12,0,12,0,12,0,12,0,12
1500000US220710075021,220710075021,"Block Group 1, Census Tract 75.02, Orleans Parish, Louisiana",196,107,0,12,196,107,0,12,0,12,0,12,0,12,0,12,0,12,0,12
1500000US220710075022,220710075022,"Block Group 2, Census Tract 75.02, Orleans Parish, Louisiana",355,265,0,12,355,265,0,12,0,12,0,12,0,12,0,12,0,12,0,12
1500000US220710075023,220710075023,"Block Group 3, Census Tract 75.02, Orleans Parish, Louisiana",807,275,10,16,720,297,0,12,53,69,24,37,0,12,0,12,0,12,0,12
1500000US220710075024,220710075024,"Block Group 4, Census Tract 75.02, Orleans Parish, Louisiana",288,153,0,12,288,153,0,12,0,12,0,12,0,12,0,12,0,12,0,12
1500000US220710075025,220710075025,"Block Group 5, Census Tract 75.02, Orleans Parish, Louisiana",939,403,103,171,819,353,0,12,7,15,0,12,0,12,10,18,0,12,10,18
1500000US220710076041,220710076041,"Block Group 1, Census Tract 76.04, Orleans Parish, Louisiana",1000,178,938,185,22,34,0,12,40,57,0,12,0,12,0,12,0,12,0,12
1500000US220710076042,220710076042,"Block Group 2, Census Tract 76.04, Orleans Parish, Louisiana",758,129,705,117,40,56,0,12,0,12,0,12,0,12,13,21,0,12,13,21
1500000US220710076051,220710076051,"Block Group 1, Census Tract 76.05, Orleans Parish, Louisiana",591,150,51,53,522,149,18,27,0,12,0,12,0,12,0,12,0,12,0,12
1500000US220710076052,220710076052,"Block Group 2, Census Tract 76.05, Orleans Parish, Louisiana",884,191,162,77,703,188,0,12,0,12,0,12,10,16,9,13,0,12,9,13
1500000US220710076061,220710076061,"Block Group 1, Census Tract 76.06, Orleans Parish, Louisiana",1477,310,1198,222,162,222,0,12,0,12,0,12,23,36,94,85,11,17,83,74
1500000US220710076062,220710076062,"Block Group 2, Census Tract 76.06, Orleans Parish, Louisiana",917,194,776,184,61,69,0,12,15,23,0,12,0,12,65,89,65,89,0,12
1500000US220710076063,220710076063,"Block Group 3, Census Tract 76.06, Orleans Parish, Louisiana",1465,248,1181,221,188,183,14,23,0,12,0,12,59,92,23,34,0,12,23,34
1500000US220710077001,220710077001,"Block Group 1, Census Tract 77, Orleans Parish, Louisiana",1343,235,1078,228,198,96,0,12,25,38,0,12,14,17,28,28,5,9,23,25
1500000US220710077002,220710077002,"Block Group 2, Census Tract 77, Orleans Parish, Louisiana",1234,230,960,203,204,99,0,12,0,12,0,12,6,13,64,62,0,12,64,62
1500000US220710078001,220710078001,"Block Group 1, Census Tract 78, Orleans Parish, Louisiana",1631,389,1298,339,114,67,0,12,67,76,0,12,60,69,92,71,0,12,92,71
1500000US220710082001,220710082001,"Block Group 1, Census Tract 82, Orleans Parish, Louisiana",648,150,596,146,32,26,0,12,10,14,0,12,10,15,0,12,0,12,0,12
1500000US220710082002,220710082002,"Block Group 2, Census Tract 82, Orleans Parish, Louisiana",778,186,587,183,129,134,0,12,0,12,0,12,19,29,43,50,0,12,43,50
1500000US220710083001,220710083001,"Block Group 1, Census Tract 83, Orleans Parish, Louisiana",631,168,602,167,14,22,0,12,10,15,0,12,0,12,5,9,0,12,5,9
1500000US220710083002,220710083002,"Block Group 2, Census Tract 83, Orleans Parish, Louisiana",516,125,388,132,115,71,0,12,8,12,0,12,5,9,0,12,0,12,0,12
1500000US220710084001,220710084001,"Block Group 1, Census Tract 84, Orleans Parish, Louisiana",686,193,230,109,412,160,0,12,21,25,0,12,5,9,18,24,12,21,6,10
1500000US220710084002,220710084002,"Block Group 2, Census Tract 84, Orleans Parish, Louisiana",542,137,324,76,210,114,0,12,0,12,0,12,0,12,8,12,0,12,8,12
1500000US220710085001,220710085001,"Block Group 1, Census Tract 85, Orleans Parish, Louisiana",798,331,21,27,623,229,0,12,154,183,0,12,0,12,0,12,0,12,0,12
1500000US220710085002,220710085002,"Block Group 2, Census Tract 85, Orleans Parish, Louisiana",470,162,9,13,452,161,0,12,0,12,0,12,0,12,9,10,0,12,9,10
1500000US220710086001,220710086001,"Block Group 1, Census Tract 86, Orleans Parish, Louisiana",426,116,28,37,317,97,0,12,35,50,0,12,38,52,8,11,0,12,8,11
1500000US220710086002,220710086002,"Block Group 2, Census Tract 86, Orleans Parish, Louisiana",430,100,11,18,412,95,0,12,0,12,0,12,7,11,0,12,0,12,0,12
1500000US220710088001,220710088001,"Block Group 1, Census Tract 88, Orleans Parish, Louisiana",859,205,605,150,181,129,0,12,25,28,0,12,0,12,48,53,0,12,48,53
1500000US220710088002,220710088002,"Block Group 2, Census Tract 88, Orleans Parish, Louisiana",1032,266,706,181,300,231,0,12,0,12,0,12,0,12,26,23,0,12,26,23
1500000US220710090001,220710090001,"Block Group 1, Census Tract 90, Orleans Parish, Louisiana",510,165,437,155,52,81,0,12,0,12,0,12,10,15,11,19,11,19,0,12
1500000US220710090002,220710090002,"Block Group 2, Census Tract 90, Orleans Parish, Louisiana",582,158,557,147,0,12,0,12,25,40,0,12,0,12,0,12,0,12,0,12
1500000US220710090003,220710090003,"Block Group 3, Census Tract 90, Orleans Parish, Louisiana",867,207,715,229,19,28,28,31,39,45,0,12,0,12,66,85,0,12,66,85
1500000US220710091001,220710091001,"Block Group 1, Census Tract 91, Orleans Parish, Louisiana",853,302,329,115,524,291,0,12,0,12,0,12,0,12,0,12,0,12,0,12
1500000US220710091002,220710091002,"Block Group 2, Census Tract 91, Orleans Parish, Louisiana",342,191,214,176,87,64,0,12,41,38,0,12,0,12,0,12,0,12,0,12
1500000US220710091003,220710091003,"Block Group 3, Census Tract 91, Orleans Parish, Louisiana",463,342,107,134,140,86,0,12,10,16,0,12,206,318,0,12,0,12,0,12
1500000US220710091004,220710091004,"Block Group 4, Census Tract 91, Orleans Parish, Louisiana",764,291,346,136,418,294,0,12,0,12,0,12,0,12,0,12,0,12,0,12
1500000US220710092001,220710092001,"Block Group 1, Census Tract 92, Orleans Parish, Louisiana",197,101,11,17,186,100,0,12,0,12,0,12,0,12,0,12,0,12,0,12
1500000US220710092002,220710092002,"Block Group 2, Census Tract 92, Orleans Parish, Louisiana",689,223,5,10,684,223,0,12,0,12,0,12,0,12,0,12,0,12,0,12
1500000US220710092003,220710092003,"Block Group 3, Census Tract 92, Orleans Parish, Louisiana",602,213,13,16,559,223,0,12,0,12,0,12,9,15,21,24,10,17,11,17
1500000US220710094001,220710094001,"Block Group 1, Census Tract 94, Orleans Parish, Louisiana",328,142,60,59,268,133,0,12,0,12,0,12,0,12,0,12,0,12,0,12
1500000US220710094002,220710094002,"Block Group 2, Census Tract 94, Orleans Parish, Louisiana",250,165,0,12,250,165,0,12,0,12,0,12,0,12,0,12,0,12,0,12
1500000US220710094003,220710094003,"Block Group 3, Census Tract 94, Orleans Parish, Louisiana",344,229,4,6,340,229,0,12,0,12,0,12,0,12,0,12,0,12,0,12
1500000US220710094004,220710094004,"Block Group 4, Census Tract 94, Orleans Parish, Louisiana",377,178,0,12,377,178,0,12,0,12,0,12,0,12,0,12,0,12,0,12
1500000US220710096001,220710096001,"Block Group 1, Census Tract 96, Orleans Parish, Louisiana",594,213,480,205,106,81,0,12,0,12,0,12,0,12,8,12,0,12,8,12
1500000US220710096002,220710096002,"Block Group 2, Census Tract 96, Orleans Parish, Louisiana",449,121,374,117,63,49,0,12,0,12,0,12,0,12,12,21,0,12,12,21
1500000US220710096003,220710096003,"Block Group 3, Census Tract 96, Orleans Parish, Louisiana",551,108,252,84,283,102,0,12,16,24,0,12,0,12,0,12,0,12,0,12
1500000US220710097001,220710097001,"Block Group 1, Census Tract 97, Orleans Parish, Louisiana",817,184,502,101,219,154,0,12,82,85,0,12,9,14,5,12,0,12,5,12
1500000US220710097002,220710097002,"Block Group 2, Census Tract 97, Orleans Parish, Louisiana",849,165,177,60,528,158,0,12,0,12,0,12,111,158,33,44,5,9,28,43
1500000US220710099001,220710099001,"Block Group 1, Census Tract 99, Orleans Parish, Louisiana",1209,257,956,182,186,145,0,12,45,49,0,12,10,17,12,19,0,12,12,19
1500000US220710099002,220710099002,"Block Group 2, Census Tract 99, Orleans Parish, Louisiana",942,198,806,213,95,84,0,12,13,20,0,12,0,12,28,31,11,16,17,26
1500000US220710099003,220710099003,"Block Group 3, Census Tract 99, Orleans Parish, Louisiana",929,180,797,166,109,76,0,12,0,12,1,3,0,12,22,22,2,5,20,22
1500000US220710100001,220710100001,"Block Group 1, Census Tract 100, Orleans Parish, Louisiana",467,322,43,62,424,309,0,12,0,12,0,12,0,12,0,12,0,12,0,12
1500000US220710100002,220710100002,"Block Group 2, Census Tract 100, Orleans Parish, Louisiana",541,181,44,71,497,168,0,12,0,12,0,12,0,12,0,12,0,12,0,12
1500000US220710100003,220710100003,"Block Group 3, Census Tract 100, Orleans Parish, Louisiana",547,137,287,88,230,111,0,12,7,10,0,12,23,36,0,12,0,12,0,12
1500000US220710100004,220710100004,"Block Group 4, Census Tract 100, Orleans Parish, Louisiana",356,138,0,12,356,138,0,12,0,12,0,12,0,12,0,12,0,12,0,12
1500000US220710101001,220710101001,"Block Group 1, Census Tract 101, Orleans Parish, Louisiana",583,230,263,86,290,196,0,12,30,47,0,12,0,12,0,12,0,12,0,12
1500000US220710101002,220710101002,"Block Group 2, Census Tract 101, Orleans Parish, Louisiana",1304,245,1151,238,125,99,13,21,5,9,0,12,0,12,10,15,0,12,10,15
1500000US220710102001,220710102001,"Block Group 1, Census Tract 102, Orleans Parish, Louisiana",264,96,0,12,264,96,0,12,0,12,0,12,0,12,0,12,0,12,0,12
1500000US220710102002,220710102002,"Block Group 2, Census Tract 102, Orleans Parish, Louisiana",245,148,19,20,207,149,0,12,0,12,0,12,0,12,19,22,6,9,13,20
1500000US220710102003,220710102003,"Block Group 3, Census Tract 102, Orleans Parish, Louisiana",195,99,38,46,144,91,0,12,0,12,0,12,0,12,13,22,0,12,13,22
1500000US220710102004,220710102004,"Block Group 4, Census Tract 102, Orleans Parish, Louisiana",306,117,110,71,191,127,0,12,0,12,0,12,0,12,5,8,0,12,5,8
1500000US220710102005,220710102005,"Block Group 5, Census Tract 102, Orleans Parish, Louisiana",468,170,36,37,426,169,5,11,1,2,0,12,0,12,0,12,0,12,0,12
1500000US220710103001,220710103001,"Block Group 1, Census Tract 103, Orleans Parish, Louisiana",614,223,13,20,601,225,0,12,0,12,0,12,0,12,0,12,0,12,0,12
1500000US220710103002,220710103002,"Block Group 2, Census Tract 103, Orleans Parish, Louisiana",996,261,11,17,985,260,0,12,0,12,0,12,0,12,0,12,0,12,0,12
1500000US220710103003,220710103003,"Block Group 3, Census Tract 103, Orleans Parish, Louisiana",869,294,139,66,647,278,13,21,0,12,0,12,4,16,66,97,0,12,66,97
1500000US220710103004,220710103004,"Block Group 4, Census Tract 103, Orleans Parish, Louisiana",388,188,116,120,272,145,0,12,0,12,0,12,0,12,0,12,0,12,0,12
1500000US220710106001,220710106001,"Block Group 1, Census Tract 106, Orleans Parish, Louisiana",699,195,434,116,260,170,0,12,0,12,0,12,5,8,0,12,0,12,0,12
1500000US220710106002,220710106002,"Block Group 2, Census Tract 106, Orleans Parish, Louisiana",600,132,330,110,170,74,0,12,0,12,0,12,0,12,100,113,0,12,100,113
1500000US220710107001,220710107001,"Block Group 1, Census Tract 107, Orleans Parish, Louisiana",533,128,446,127,62,63,0,12,18,23,0,12,0,12,7,11,0,12,7,11
1500000US220710107002,220710107002,"Block Group 2, Census Tract 107, Orleans Parish, Louisiana",1158,181,820,168,226,102,0,12,24,30,0,12,5,8,83,101,0,12,83,101
1500000US220710108001,220710108001,"Block Group 1, Census Tract 108, Orleans Parish, Louisiana",363,107,268,90,26,29,18,27,35,55,0,12,16,24,0,12,0,12,0,12
1500000US220710108002,220710108002,"Block Group 2, Census Tract 108, Orleans Parish, Louisiana",957,144,897,146,55,48,0,12,5,10,0,12,0,12,0,12,0,12,0,12
1500000US220710109001,220710109001,"Block Group 1, Census Tract 109, Orleans Parish, Louisiana",842,447,147,84,695,456,0,12,0,12,0,12,0,12,0,12,0,12,0,12
1500000US220710109002,220710109002,"Block Group 2, Census Tract 109, Orleans Parish, Louisiana",1100,216,754,196,299,125,0,12,47,57,0,12,0,12,0,12,0,12,0,12
1500000US220710109003,220710109003,"Block Group 3, Census Tract 109, Orleans Parish, Louisiana",831,211,750,213,40,61,0,12,41,44,0,12,0,12,0,12,0,12,0,12
1500000US220710109004,220710109004,"Block Group 4, Census Tract 109, Orleans Parish, Louisiana",734,244,293,172,413,210,0,12,0,12,0,12,7,14,21,34,0,12,21,34
1500000US220710111001,220710111001,"Block Group 1, Census Tract 111, Orleans Parish, Louisiana",419,134,109,97,249,97,27,46,0,12,0,12,25,32,9,12,1,2,8,11
1500000US220710111002,220710111002,"Block Group 2, Census Tract 111, Orleans Parish, Louisiana",604,172,177,82,417,168,0,12,0,12,0,12,0,12,10,12,0,12,10,12
1500000US220710111003,220710111003,"Block Group 3, Census Tract 111, Orleans Parish, Louisiana",461,174,130,81,301,172,0,12,0,12,0,12,6,10,24,29,6,11,18,27
1500000US220710112001,220710112001,"Block Group 1, Census Tract 112, Orleans Parish, Louisiana",599,135,459,109,55,56,0,12,30,30,0,12,33,53,22,28,0,12,22,28
1500000US220710112002,220710112002,"Block Group 2, Census Tract 112, Orleans Parish, Louisiana",981,170,460,93,415,160,6,9,51,38,0,12,0,12,49,45,0,12,49,45
1500000US220710114001,220710114001,"Block Group 1, Census Tract 114, Orleans Parish, Louisiana",947,182,902,175,6,10,0,12,18,51,0,12,0,12,21,33,0,12,21,33
1500000US220710114002,220710114002,"Block Group 2, Census Tract 114, Orleans Parish, Louisiana",886,143,847,145,30,42,0,12,1,2,0,12,8,12,0,12,0,12,0,12
1500000US220710115001,220710115001,"Block Group 1, Census Tract 115, Orleans Parish, Louisiana",545,109,545,109,0,12,0,12,0,12,0,12,0,12,0,12,0,12,0,12
1500000US220710115002,220710115002,"Block Group 2, Census Tract 115, Orleans Parish, Louisiana",802,190,700,201,69,48,0,12,13,21,0,12,0,12,20,22,0,12,20,22
1500000US220710116001,220710116001,"Block Group 1, Census Tract 116, Orleans Parish, Louisiana",704,126,635,115,0,12,0,12,32,35,0,12,0,12,37,51,0,12,37,51
1500000US220710116002,220710116002,"Block Group 2, Census Tract 116, Orleans Parish, Louisiana",738,135,650,111,42,76,0,12,36,32,8,14,0,12,2,5,0,12,2,5
1500000US220710117001,220710117001,"Block Group 1, Census Tract 117, Orleans Parish, Louisiana",514,204,450,167,0,12,0,12,0,12,0,12,0,12,64,84,0,12,64,84
1500000US220710117002,220710117002,"Block Group 2, Census Tract 117, Orleans Parish, Louisiana",459,111,436,109,0,12,0,12,23,33,0,12,0,12,0,12,0,12,0,12
1500000US220710117003,220710117003,"Block Group 3, Census Tract 117, Orleans Parish, Louisiana",648,213,633,213,0,12,0,12,15,24,0,12,0,12,0,12,0,12,0,12
1500000US220710117004,220710117004,"Block Group 4, Census Tract 117, Orleans Parish, Louisiana",884,209,870,208,14,29,0,12,0,12,0,12,0,12,0,12,0,12,0,12
1500000US220710119001,220710119001,"Block Group 1, Census Tract 119, Orleans Parish, Louisiana",569,174,522,160,30,33,0,12,9,18,0,12,0,12,8,13,8,13,0,12
1500000US220710119002,220710119002,"Block Group 2, Census Tract 119, Orleans Parish, Louisiana",775,244,705,253,21,23,0,12,37,38,0,12,8,12,4,8,4,8,0,12
1500000US220710119003,220710119003,"Block Group 3, Census Tract 119, Orleans Parish, Louisiana",538,199,473,167,65,103,0,12,0,12,0,12,0,12,0,12,0,12,0,12
1500000US220710120001,220710120001,"Block Group 1, Census Tract 120, Orleans Parish, Louisiana",977,112,850,121,73,90,14,21,20,20,0,12,10,15,10,15,0,12,10,15
1500000US220710120002,220710120002,"Block Group 2, Census Tract 120, Orleans Parish, Louisiana",542,146,475,120,39,28,0,12,0,12,0,12,5,8,23,33,0,12,23,33
1500000US220710121011,220710121011,"Block Group 1, Census Tract 121.01, Orleans Parish, Louisiana",1121,196,904,163,67,45,0,12,60,45,0,12,5,8,85,68,0,12,85,68
1500000US220710121012,220710121012,"Block Group 2, Census Tract 121.01, Orleans Parish, Louisiana",2227,313,1817,252,119,108,0,12,181,94,21,29,0,12,89,64,8,17,81,62
1500000US220710121021,220710121021,"Block Group 1, Census Tract 121.02, Orleans Parish, Louisiana",1908,444,1457,264,245,179,11,15,120,79,0,12,0,12,75,54,48,49,27,25
1500000US220710121022,220710121022,"Block Group 2, Census Tract 121.02, Orleans Parish, Louisiana",1550,427,1009,371,325,136,0,12,41,35,0,12,20,28,155,103,43,59,112,85
1500000US220710121023,220710121023,"Block Group 3, Census Tract 121.02, Orleans Parish, Louisiana",716,195,620,191,46,64,0,12,11,17,0,12,14,21,25,38,25,38,0,12
1500000US220710122001,220710122001,"Block Group 1, Census Tract 122, Orleans Parish, Louisiana",1289,255,956,178,195,106,25,41,13,15,0,12,59,88,41,39,0,12,41,39
1500000US220710122002,220710122002,"Block Group 2, Census Tract 122, Orleans Parish, Louisiana",1037,202,986,205,33,32,0,12,18,26,0,12,0,12,0,12,0,12,0,12
1500000US220710123001,220710123001,"Block Group 1, Census Tract 123, Orleans Parish, Louisiana",477,183,27,23,450,181,0,12,0,12,0,12,0,12,0,12,0,12,0,12
1500000US220710123002,220710123002,"Block Group 2, Census Tract 123, Orleans Parish, Louisiana",648,190,314,124,254,109,0,12,0,12,0,12,23,46,57,90,0,12,57,90
1500000US220710123003,220710123003,"Block Group 3, Census Tract 123, Orleans Parish, Louisiana",898,199,648,122,229,144,0,12,0,12,0,12,8,15,13,21,0,12,13,21
1500000US220710124001,220710124001,"Block Group 1, Census Tract 124, Orleans Parish, Louisiana",640,297,174,78,432,282,0,12,8,12,0,12,14,20,12,17,0,12,12,17
1500000US220710124002,220710124002,"Block Group 2, Census Tract 124, Orleans Parish, Louisiana",1110,206,736,205,362,175,0,12,0,12,0,12,0,12,12,14,0,12,12,14
1500000US220710125001,220710125001,"Block Group 1, Census Tract 125, Orleans Parish, Louisiana",448,83,379,75,16,19,0,12,41,37,0,12,0,12,12,17,0,12,12,17
1500000US220710125002,220710125002,"Block Group 2, Census Tract 125, Orleans Parish, Louisiana",1074,212,669,154,274,150,4,7,121,91,0,12,0,12,6,9,0,12,6,9
1500000US220710126001,220710126001,"Block Group 1, Census Tract 126, Orleans Parish, Louisiana",634,129,550,131,58,49,0,12,20,25,0,12,0,12,6,9,0,12,6,9
1500000US220710126002,220710126002,"Block Group 2, Census Tract 126, Orleans Parish, Louisiana",658,129,491,129,76,46,8,12,55,35,0,12,0,12,28,25,0,12,28,25
1500000US220710126003,220710126003,"Block Group 3, Census Tract 126, Orleans Parish, Louisiana",588,139,536,133,0,12,0,12,24,27,0,12,7,10,21,18,0,12,21,18
1500000US220710127001,220710127001,"Block Group 1, Census Tract 127, Orleans Parish, Louisiana",657,165,479,163,157,91,9,14,0,12,0,12,0,12,12,19,0,12,12,19
1500000US220710127002,220710127002,"Block Group 2, Census Tract 127, Orleans Parish, Louisiana",482,186,317,160,165,95,0,12,0,12,0,12,0,12,0,12,0,12,0,12
1500000US220710127003,220710127003,"Block Group 3, Census Tract 127, Orleans Parish, Louisiana",554,274,340,137,214,244,0,12,0,12,0,12,0,12,0,12,0,12,0,12
1500000US220710127004,220710127004,"Block Group 4, Census Tract 127, Orleans Parish, Louisiana",531,105,508,108,11,17,0,12,0,12,0,12,12,17,0,12,0,12,0,12
1500000US220710128001,220710128001,"Block Group 1, Census Tract 128, Orleans Parish, Louisiana",727,257,436,199,230,116,0,12,32,22,0,12,14,18,15,22,9,18,6,12
1500000US220710128002,220710128002,"Block Group 2, Census Tract 128, Orleans Parish, Louisiana",774,164,575,124,86,74,0,12,77,69,0,12,0,12,36,47,36,47,0,12
1500000US220710128003,220710128003,"Block Group 3, Census Tract 128, Orleans Parish, Louisiana",839,153,636,115,126,67,12,20,23,27,0,12,12,14,30,50,0,12,30,50
1500000US220710129001,220710129001,"Block Group 1, Census Tract 129, Orleans Parish, Louisiana",842,121,651,94,109,62,0,12,22,24,0,12,49,66,11,16,0,12,11,16
1500000US220710129002,220710129002,"Block Group 2, Census Tract 129, Orleans Parish, Louisiana",568,169,211,62,284,149,0,12,53,73,0,12,10,16,10,15,0,12,10,15
1500000US220710130001,220710130001,"Block Group 1, Census Tract 130, Orleans Parish, Louisiana",533,209,239,70,287,211,0,12,7,10,0,12,0,12,0,12,0,12,0,12
1500000US220710130002,220710130002,"Block Group 2, Census Tract 130, Orleans Parish, Louisiana",824,336,259,90,552,334,0,12,0,12,0,12,13,22,0,12,0,12,0,12
1500000US220710130003,220710130003,"Block Group 3, Census Tract 130, Orleans Parish, Louisiana",485,149,286,111,199,123,0,12,0,12,0,12,0,12,0,12,0,12,0,12
1500000US220710131001,220710131001,"Block Group 1, Census Tract 131, Orleans Parish, Louisiana",334,159,13,19,321,160,0,12,0,12,0,12,0,12,0,12,0,12,0,12
1500000US220710131002,220710131002,"Block Group 2, Census Tract 131, Orleans Parish, Louisiana",353,129,77,64,276,104,0,12,0,12,0,12,0,12,0,12,0,12,0,12
1500000US220710131003,220710131003,"Block Group 3, Census Tract 131, Orleans Parish, Louisiana",445,182,118,130,327,136,0,12,0,12,0,12,0,12,0,12,0,12,0,12
1500000US220710131004,220710131004,"Block Group 4, Census Tract 131, Orleans Parish, Louisiana",335,170,72,87,238,142,0,12,0,12,0,12,11,17,14,15,0,12,14,15
1500000US220710132001,220710132001,"Block Group 1, Census Tract 132, Orleans Parish, Louisiana",306,103,157,86,138,94,0,12,0,12,0,12,11,15,0,12,0,12,0,12
1500000US220710132002,220710132002,"Block Group 2, Census Tract 132, Orleans Parish, Louisiana",701,251,186,108,515,230,0,12,0,12,0,12,0,12,0,12,0,12,0,12
1500000US220710132003,220710132003,"Block Group 3, Census Tract 132, Orleans Parish, Louisiana",754,258,347,185,373,204,0,12,0,12,0,12,0,12,34,53,0,12,34,53
1500000US220710132004,220710132004,"Block Group 4, Census Tract 132, Orleans Parish, Louisiana",839,257,611,244,201,128,0,12,0,12,0,12,0,12,27,49,0,12,27,49
1500000US220710133011,220710133011,"Block Group 1, Census Tract 133.01, Orleans Parish, Louisiana",752,175,727,171,25,40,0,12,0,12,0,12,0,12,0,12,0,12,0,12
1500000US220710133012,220710133012,"Block Group 2, Census Tract 133.01, Orleans Parish, Louisiana",1567,299,1400,332,43,67,0,12,124,146,0,12,0,12,0,12,0,12,0,12
1500000US220710133013,220710133013,"Block Group 3, Census Tract 133.01, Orleans Parish, Louisiana",446,113,422,124,0,12,0,12,24,37,0,12,0,12,0,12,0,12,0,12
1500000US220710133014,220710133014,"Block Group 4, Census Tract 133.01, Orleans Parish, Louisiana",839,222,798,217,0,12,0,12,0,12,0,12,41,60,0,12,0,12,0,12
1500000US220710133021,220710133021,"Block Group 1, Census Tract 133.02, Orleans Parish, Louisiana",1213,169,618,130,440,152,0,12,110,73,0,12,26,32,19,23,0,12,19,23
1500000US220710133022,220710133022,"Block Group 2, Census Tract 133.02, Orleans Parish, Louisiana",969,170,778,154,91,82,0,12,100,83,0,12,0,12,0,12,0,12,0,12
1500000US220710134001,220710134001,"Block Group 1, Census Tract 134, Orleans Parish, Louisiana",366,106,353,105,0,12,0,12,7,12,0,12,0,12,6,9,0,12,6,9
1500000US220710134002,220710134002,"Block Group 2, Census Tract 134, Orleans Parish, Louisiana",778,189,360,108,372,157,0,12,17,24,0,12,13,26,16,20,0,12,16,20
1500000US220710134003,220710134003,"Block Group 3, Census Tract 134, Orleans Parish, Louisiana",1150,194,669,130,184,107,0,12,255,121,0,12,5,8,37,39,0,12,37,39
1500000US220710135001,220710135001,"Block Group 1, Census Tract 135, Orleans Parish, Louisiana",382,141,304,139,37,3,0,12,41,46,0,12,0,12,0,12,0,12,0,12
1500000US220710135002,220710135002,"Block Group 2, Census Tract 135, Orleans Parish, Louisiana",531,155,498,148,2,4,15,26,16,26,0,12,0,12,0,12,0,12,0,12
1500000US220710135003,220710135003,"Block Group 3, Census Tract 135, Orleans Parish, Louisiana",474,147,450,140,12,17,0,12,12,18,0,12,0,12,0,12,0,12,0,12
1500000US220710135004,220710135004,"Block Group 4, Census Tract 135, Orleans Parish, Louisiana",710,251,708,250,1,2,0,12,1,2,0,12,0,12,0,12,0,12,0,12
1500000US220710136001,220710136001,"Block Group 1, Census Tract 136, Orleans Parish, Louisiana",498,98,396,109,96,79,0,12,0,12,0,12,0,12,6,9,0,12,6,9
1500000US220710136002,220710136002,"Block Group 2, Census Tract 136, Orleans Parish, Louisiana",538,152,86,71,441,158,0,12,11,18,0,12,0,12,0,12,0,12,0,12
1500000US220710137001,220710137001,"Block Group 1, Census Tract 137, Orleans Parish, Louisiana",0,12,0,12,0,12,0,12,0,12,0,12,0,12,0,12,0,12,0,12
1500000US220710137002,220710137002,"Block Group 2, Census Tract 137, Orleans Parish, Louisiana",174,79,0,12,174,79,0,12,0,12,0,12,0,12,0,12,0,12,0,12
1500000US220710137003,220710137003,"Block Group 3, Census Tract 137, Orleans Parish, Louisiana",1044,248,20,28,1024,253,0,12,0,12,0,12,0,12,0,12,0,12,0,12
1500000US220710137004,220710137004,"Block Group 4, Census Tract 137, Orleans Parish, Louisiana",1063,214,59,60,987,205,0,12,0,12,0,12,12,19,5,10,0,12,5,10
1500000US220710138001,220710138001,"Block Group 1, Census Tract 138, Orleans Parish, Louisiana",613,237,15,18,598,238,0,12,0,12,0,12,0,12,0,12,0,12,0,12
1500000US220710138002,220710138002,"Block Group 2, Census Tract 138, Orleans Parish, Louisiana",677,166,1,3,667,167,0,12,0,12,0,12,0,12,9,14,0,12,9,14
1500000US220710138003,220710138003,"Block Group 3, Census Tract 138, Orleans Parish, Louisiana",731,262,54,28,665,261,0,12,0,12,0,12,12,14,0,12,0,12,0,12
1500000US220710139001,220710139001,"Block Group 1, Census Tract 139, Orleans Parish, Louisiana",504,112,293,131,147,85,24,38,35,34,0,12,0,12,5,7,0,12,5,7
1500000US220710139002,220710139002,"Block Group 2, Census Tract 139, Orleans Parish, Louisiana",1091,239,403,110,553,233,0,12,36,47,0,12,99,110,0,12,0,12,0,12
1500000US220710140001,220710140001,"Block Group 1, Census Tract 140, Orleans Parish, Louisiana",322,154,0,12,322,154,0,12,0,12,0,12,0,12,0,12,0,12,0,12
1500000US220710140002,220710140002,"Block Group 2, Census Tract 140, Orleans Parish, Louisiana",494,105,0,12,490,104,0,12,0,12,0,12,0,12,4,6,0,12,4,6
1500000US220710140003,220710140003,"Block Group 3, Census Tract 140, Orleans Parish, Louisiana",720,237,129,151,570,192,6,9,0,12,0,12,0,12,15,23,0,12,15,23
1500000US220710140004,220710140004,"Block Group 4, Census Tract 140, Orleans Parish, Louisiana",72,44,0,12,72,44,0,12,0,12,0,12,0,12,0,12,0,12,0,12
1500000US220710141001,220710141001,"Block Group 1, Census Tract 141, Orleans Parish, Louisiana",1101,327,419,215,665,193,0,12,13,20,0,12,0,12,4,6,0,12,4,6
1500000US220710141002,220710141002,"Block Group 2, Census Tract 141, Orleans Parish, Louisiana",289,137,185,127,104,88,0,12,0,12,0,12,0,12,0,12,0,12,0,12
1500000US220710141003,220710141003,"Block Group 3, Census Tract 141, Orleans Parish, Louisiana",729,182,273,138,442,151,0,12,11,16,0,12,0,12,3,6,3,6,0,12
1500000US220710142001,220710142001,"Block Group 1, Census Tract 142, Orleans Parish, Louisiana",357,116,201,95,137,63,6,11,13,13,0,12,0,12,0,12,0,12,0,12
1500000US220710142002,220710142002,"Block Group 2, Census Tract 142, Orleans Parish, Louisiana",1022,232,727,216,278,108,0,12,17,19,0,12,0,12,0,12,0,12,0,12
1500000US220710142003,220710142003,"Block Group 3, Census Tract 142, Orleans Parish, Louisiana",359,149,197,119,139,70,0,12,23,26,0,12,0,12,0,12,0,12,0,12
1500000US220710143001,220710143001,"Block Group 1, Census Tract 143, Orleans Parish, Louisiana",406,129,0,12,405,130,0,12,1,2,0,12,0,12,0,12,0,12,0,12
1500000US220710143002,220710143002,"Block Group 2, Census Tract 143, Orleans Parish, Louisiana",148,69,0,12,148,69,0,12,0,12,0,12,0,12,0,12,0,12,0,12
1500000US220710143003,220710143003,"Block Group 3, Census Tract 143, Orleans Parish, Louisiana",1150,284,182,145,956,279,0,12,0,12,0,12,0,12,12,20,0,12,12,20
1500000US220710144001,220710144001,"Block Group 1, Census Tract 144, Orleans Parish, Louisiana",218,71,168,65,45,28,5,10,0,12,0,12,0,12,0,12,0,12,0,12
1500000US220710144002,220710144002,"Block Group 2, Census Tract 144, Orleans Parish, Louisiana",974,289,288,83,576,287,0,12,0,12,0,12,93,134,17,27,0,12,17,27
1500000US220710144003,220710144003,"Block Group 3, Census Tract 144, Orleans Parish, Louisiana",788,230,375,131,146,100,39,57,0,12,0,12,31,45,197,213,0,12,197,213
1500000US220710145001,220710145001,"Block Group 1, Census Tract 145, Orleans Parish, Louisiana",1494,237,276,97,1194,191,0,12,0,12,0,12,4,8,20,21,6,10,14,18
1500000US220719800001,220719800001,"Block Group 1, Census Tract 9800, Orleans Parish, Louisiana",4,3,1,2,1,2,0,12,2,3,0,12,0,12,0,12,0,12,0,12
1500000US220719801001,220719801001,"Block Group 1, Census Tract 9801, Orleans Parish, Louisiana",0,12,0,12,0,12,0,12,0,12,0,12,0,12,0,12,0,12,0,12
1500000US220719900000,220719900000,"Block Group 0, Census Tract 9900, Orleans Parish, Louisiana",0,12,0,12,0,12,0,12,0,12,0,12,0,12,0,12,0,12,0,12
