GEO.id,GEO.id2,GEO.display-label,HD01_VD01,HD02_VD01
Id,Id2,Geography,Estimate; Median household income in the past 12 months (in 2014 Inflation-adjusted dollars),Margin of Error; Median household income in the past 12 months (in 2014 Inflation-adjusted dollars)
1500000US220710001001,220710001001,"Block Group 1, Census Tract 1, Orleans Parish, Louisiana",70625,17678
1500000US220710001002,220710001002,"Block Group 2, Census Tract 1, Orleans Parish, Louisiana",45195,8957
1500000US220710001003,220710001003,"Block Group 3, Census Tract 1, Orleans Parish, Louisiana",50417,16067
1500000US220710002001,220710002001,"Block Group 1, Census Tract 2, Orleans Parish, Louisiana",26196,7728
1500000US220710002002,220710002002,"Block Group 2, Census Tract 2, Orleans Parish, Louisiana",22321,13847
1500000US220710003001,220710003001,"Block Group 1, Census Tract 3, Orleans Parish, Louisiana",28500,13003
1500000US220710003002,220710003002,"Block Group 2, Census Tract 3, Orleans Parish, Louisiana",21719,7270
1500000US220710004001,220710004001,"Block Group 1, Census Tract 4, Orleans Parish, Louisiana",31938,8493
1500000US220710004002,220710004002,"Block Group 2, Census Tract 4, Orleans Parish, Louisiana",25893,12543
1500000US220710006011,220710006011,"Block Group 1, Census Tract 6.01, Orleans Parish, Louisiana",9333,3147
1500000US220710006012,220710006012,"Block Group 2, Census Tract 6.01, Orleans Parish, Louisiana",18929,14396
1500000US220710006021,220710006021,"Block Group 1, Census Tract 6.02, Orleans Parish, Louisiana",27697,5437
1500000US220710006022,220710006022,"Block Group 2, Census Tract 6.02, Orleans Parish, Louisiana",32644,14124
1500000US220710006023,220710006023,"Block Group 3, Census Tract 6.02, Orleans Parish, Louisiana",30865,5822
1500000US220710006031,220710006031,"Block Group 1, Census Tract 6.03, Orleans Parish, Louisiana",19850,3321
1500000US220710006032,220710006032,"Block Group 2, Census Tract 6.03, Orleans Parish, Louisiana",17344,13083
1500000US220710006041,220710006041,"Block Group 1, Census Tract 6.04, Orleans Parish, Louisiana",31563,33247
1500000US220710006042,220710006042,"Block Group 2, Census Tract 6.04, Orleans Parish, Louisiana",39167,7087
1500000US220710006043,220710006043,"Block Group 3, Census Tract 6.04, Orleans Parish, Louisiana",27105,8431
1500000US220710006051,220710006051,"Block Group 1, Census Tract 6.05, Orleans Parish, Louisiana",29265,12839
1500000US220710006052,220710006052,"Block Group 2, Census Tract 6.05, Orleans Parish, Louisiana",29167,13621
1500000US220710006053,220710006053,"Block Group 3, Census Tract 6.05, Orleans Parish, Louisiana",45962,10786
1500000US220710006061,220710006061,"Block Group 1, Census Tract 6.06, Orleans Parish, Louisiana",68409,3921
1500000US220710006062,220710006062,"Block Group 2, Census Tract 6.06, Orleans Parish, Louisiana",50083,16310
1500000US220710006063,220710006063,"Block Group 3, Census Tract 6.06, Orleans Parish, Louisiana",75117,22065
1500000US220710006071,220710006071,"Block Group 1, Census Tract 6.07, Orleans Parish, Louisiana",63523,42093
1500000US220710006072,220710006072,"Block Group 2, Census Tract 6.07, Orleans Parish, Louisiana",78971,22433
1500000US220710006073,220710006073,"Block Group 3, Census Tract 6.07, Orleans Parish, Louisiana",58261,11623
1500000US220710006111,220710006111,"Block Group 1, Census Tract 6.11, Orleans Parish, Louisiana",40917,12230
1500000US220710006112,220710006112,"Block Group 2, Census Tract 6.11, Orleans Parish, Louisiana",37659,6343
1500000US220710006121,220710006121,"Block Group 1, Census Tract 6.12, Orleans Parish, Louisiana",142000,57415
1500000US220710006131,220710006131,"Block Group 1, Census Tract 6.13, Orleans Parish, Louisiana",43459,16450
1500000US220710006132,220710006132,"Block Group 2, Census Tract 6.13, Orleans Parish, Louisiana",29012,14004
1500000US220710006133,220710006133,"Block Group 3, Census Tract 6.13, Orleans Parish, Louisiana",12455,2584
1500000US220710006151,220710006151,"Block Group 1, Census Tract 6.15, Orleans Parish, Louisiana",38705,11862
1500000US220710006152,220710006152,"Block Group 2, Census Tract 6.15, Orleans Parish, Louisiana",31891,8062
1500000US220710006161,220710006161,"Block Group 1, Census Tract 6.16, Orleans Parish, Louisiana",46458,16893
1500000US220710006162,220710006162,"Block Group 2, Census Tract 6.16, Orleans Parish, Louisiana",34232,9747
1500000US220710006163,220710006163,"Block Group 3, Census Tract 6.16, Orleans Parish, Louisiana",84891,21881
1500000US220710006171,220710006171,"Block Group 1, Census Tract 6.17, Orleans Parish, Louisiana",31850,3416
1500000US220710006172,220710006172,"Block Group 2, Census Tract 6.17, Orleans Parish, Louisiana",30861,6266
1500000US220710006181,220710006181,"Block Group 1, Census Tract 6.18, Orleans Parish, Louisiana",143542,28515
1500000US220710006182,220710006182,"Block Group 2, Census Tract 6.18, Orleans Parish, Louisiana",68929,23474
1500000US220710007011,220710007011,"Block Group 1, Census Tract 7.01, Orleans Parish, Louisiana",14773,421874
1500000US220710007012,220710007012,"Block Group 2, Census Tract 7.01, Orleans Parish, Louisiana",13438,15549
1500000US220710007013,220710007013,"Block Group 3, Census Tract 7.01, Orleans Parish, Louisiana",19318,5679
1500000US220710007014,220710007014,"Block Group 4, Census Tract 7.01, Orleans Parish, Louisiana",20250,7713
1500000US220710007021,220710007021,"Block Group 1, Census Tract 7.02, Orleans Parish, Louisiana",17986,15962
1500000US220710007022,220710007022,"Block Group 2, Census Tract 7.02, Orleans Parish, Louisiana",25398,3794
1500000US220710007023,220710007023,"Block Group 3, Census Tract 7.02, Orleans Parish, Louisiana",10000,2872
1500000US220710007024,220710007024,"Block Group 4, Census Tract 7.02, Orleans Parish, Louisiana",43304,13317
1500000US220710008001,220710008001,"Block Group 1, Census Tract 8, Orleans Parish, Louisiana",44792,16280
1500000US220710008002,220710008002,"Block Group 2, Census Tract 8, Orleans Parish, Louisiana",19531,8332
1500000US220710008003,220710008003,"Block Group 3, Census Tract 8, Orleans Parish, Louisiana",22321,13378
1500000US220710009011,220710009011,"Block Group 1, Census Tract 9.01, Orleans Parish, Louisiana",27708,8023
1500000US220710009012,220710009012,"Block Group 2, Census Tract 9.01, Orleans Parish, Louisiana",24911,25259
1500000US220710009013,220710009013,"Block Group 3, Census Tract 9.01, Orleans Parish, Louisiana",31818,8198
1500000US220710009014,220710009014,"Block Group 4, Census Tract 9.01, Orleans Parish, Louisiana",18846,7874
1500000US220710009021,220710009021,"Block Group 1, Census Tract 9.02, Orleans Parish, Louisiana",107813,139862
1500000US220710009022,220710009022,"Block Group 2, Census Tract 9.02, Orleans Parish, Louisiana",50688,8556
1500000US220710009023,220710009023,"Block Group 3, Census Tract 9.02, Orleans Parish, Louisiana",47644,18165
1500000US220710009024,220710009024,"Block Group 4, Census Tract 9.02, Orleans Parish, Louisiana",42417,34133
1500000US220710009031,220710009031,"Block Group 1, Census Tract 9.03, Orleans Parish, Louisiana",28594,17164
1500000US220710009032,220710009032,"Block Group 2, Census Tract 9.03, Orleans Parish, Louisiana",27333,12761
1500000US220710009033,220710009033,"Block Group 3, Census Tract 9.03, Orleans Parish, Louisiana",12292,24810
1500000US220710009034,220710009034,"Block Group 4, Census Tract 9.03, Orleans Parish, Louisiana",12639,9647
1500000US220710009041,220710009041,"Block Group 1, Census Tract 9.04, Orleans Parish, Louisiana",21927,4461
1500000US220710009042,220710009042,"Block Group 2, Census Tract 9.04, Orleans Parish, Louisiana",12188,9853
1500000US220710011001,220710011001,"Block Group 1, Census Tract 11, Orleans Parish, Louisiana",26071,3259
1500000US220710011002,220710011002,"Block Group 2, Census Tract 11, Orleans Parish, Louisiana",43153,3736
1500000US220710011003,220710011003,"Block Group 3, Census Tract 11, Orleans Parish, Louisiana",-,**
1500000US220710012001,220710012001,"Block Group 1, Census Tract 12, Orleans Parish, Louisiana",47770,24504
1500000US220710012002,220710012002,"Block Group 2, Census Tract 12, Orleans Parish, Louisiana",38906,15041
1500000US220710012003,220710012003,"Block Group 3, Census Tract 12, Orleans Parish, Louisiana",53370,18479
1500000US220710013011,220710013011,"Block Group 1, Census Tract 13.01, Orleans Parish, Louisiana",10250,6119
1500000US220710013012,220710013012,"Block Group 2, Census Tract 13.01, Orleans Parish, Louisiana",43309,16634
1500000US220710013013,220710013013,"Block Group 3, Census Tract 13.01, Orleans Parish, Louisiana",26500,7918
1500000US220710013014,220710013014,"Block Group 4, Census Tract 13.01, Orleans Parish, Louisiana",17660,7758
1500000US220710013021,220710013021,"Block Group 1, Census Tract 13.02, Orleans Parish, Louisiana",20956,13361
1500000US220710013022,220710013022,"Block Group 2, Census Tract 13.02, Orleans Parish, Louisiana",11500,1584
1500000US220710014011,220710014011,"Block Group 1, Census Tract 14.01, Orleans Parish, Louisiana",15875,10466
1500000US220710014012,220710014012,"Block Group 2, Census Tract 14.01, Orleans Parish, Louisiana",23750,16506
1500000US220710014013,220710014013,"Block Group 3, Census Tract 14.01, Orleans Parish, Louisiana",32750,10361
1500000US220710014014,220710014014,"Block Group 4, Census Tract 14.01, Orleans Parish, Louisiana",16406,6419
1500000US220710014015,220710014015,"Block Group 5, Census Tract 14.01, Orleans Parish, Louisiana",18750,7362
1500000US220710014016,220710014016,"Block Group 6, Census Tract 14.01, Orleans Parish, Louisiana",16250,32884
1500000US220710014021,220710014021,"Block Group 1, Census Tract 14.02, Orleans Parish, Louisiana",30625,9883
1500000US220710014022,220710014022,"Block Group 2, Census Tract 14.02, Orleans Parish, Louisiana",16042,11456
1500000US220710014023,220710014023,"Block Group 3, Census Tract 14.02, Orleans Parish, Louisiana",28125,23518
1500000US220710014024,220710014024,"Block Group 4, Census Tract 14.02, Orleans Parish, Louisiana",17375,10547
1500000US220710015001,220710015001,"Block Group 1, Census Tract 15, Orleans Parish, Louisiana",19464,8910
1500000US220710015002,220710015002,"Block Group 2, Census Tract 15, Orleans Parish, Louisiana",28958,4411
1500000US220710016001,220710016001,"Block Group 1, Census Tract 16, Orleans Parish, Louisiana",-,**
1500000US220710017011,220710017011,"Block Group 1, Census Tract 17.01, Orleans Parish, Louisiana",27386,5193
1500000US220710017012,220710017012,"Block Group 2, Census Tract 17.01, Orleans Parish, Louisiana",45375,16459
1500000US220710017013,220710017013,"Block Group 3, Census Tract 17.01, Orleans Parish, Louisiana",35000,18506
1500000US220710017021,220710017021,"Block Group 1, Census Tract 17.02, Orleans Parish, Louisiana",42150,7575
1500000US220710017022,220710017022,"Block Group 2, Census Tract 17.02, Orleans Parish, Louisiana",36579,15917
1500000US220710017023,220710017023,"Block Group 3, Census Tract 17.02, Orleans Parish, Louisiana",30417,29566
1500000US220710017024,220710017024,"Block Group 4, Census Tract 17.02, Orleans Parish, Louisiana",36667,22912
1500000US220710017201,220710017201,"Block Group 1, Census Tract 17.20, Orleans Parish, Louisiana",36111,16864
1500000US220710017202,220710017202,"Block Group 2, Census Tract 17.20, Orleans Parish, Louisiana",34940,32409
1500000US220710017203,220710017203,"Block Group 3, Census Tract 17.20, Orleans Parish, Louisiana",23194,10527
1500000US220710017204,220710017204,"Block Group 4, Census Tract 17.20, Orleans Parish, Louisiana",25368,18863
1500000US220710017221,220710017221,"Block Group 1, Census Tract 17.22, Orleans Parish, Louisiana",22446,28877
1500000US220710017222,220710017222,"Block Group 2, Census Tract 17.22, Orleans Parish, Louisiana",48750,19100
1500000US220710017223,220710017223,"Block Group 3, Census Tract 17.22, Orleans Parish, Louisiana",23988,7115
1500000US220710017224,220710017224,"Block Group 4, Census Tract 17.22, Orleans Parish, Louisiana",34118,15026
1500000US220710017225,220710017225,"Block Group 5, Census Tract 17.22, Orleans Parish, Louisiana",19219,15895
1500000US220710017226,220710017226,"Block Group 6, Census Tract 17.22, Orleans Parish, Louisiana",25250,29865
1500000US220710017227,220710017227,"Block Group 7, Census Tract 17.22, Orleans Parish, Louisiana",26393,25766
1500000US220710017231,220710017231,"Block Group 1, Census Tract 17.23, Orleans Parish, Louisiana",31765,17622
1500000US220710017232,220710017232,"Block Group 2, Census Tract 17.23, Orleans Parish, Louisiana",30424,10642
1500000US220710017233,220710017233,"Block Group 3, Census Tract 17.23, Orleans Parish, Louisiana",28071,16241
1500000US220710017234,220710017234,"Block Group 4, Census Tract 17.23, Orleans Parish, Louisiana",21983,10542
1500000US220710017241,220710017241,"Block Group 1, Census Tract 17.24, Orleans Parish, Louisiana",30862,4754
1500000US220710017242,220710017242,"Block Group 2, Census Tract 17.24, Orleans Parish, Louisiana",47500,18929
1500000US220710017243,220710017243,"Block Group 3, Census Tract 17.24, Orleans Parish, Louisiana",19919,7064
1500000US220710017244,220710017244,"Block Group 4, Census Tract 17.24, Orleans Parish, Louisiana",15500,9576
1500000US220710017251,220710017251,"Block Group 1, Census Tract 17.25, Orleans Parish, Louisiana",20421,7324
1500000US220710017252,220710017252,"Block Group 2, Census Tract 17.25, Orleans Parish, Louisiana",38125,27288
1500000US220710017253,220710017253,"Block Group 3, Census Tract 17.25, Orleans Parish, Louisiana",31990,8567
1500000US220710017254,220710017254,"Block Group 4, Census Tract 17.25, Orleans Parish, Louisiana",50284,46334
1500000US220710017301,220710017301,"Block Group 1, Census Tract 17.30, Orleans Parish, Louisiana",44583,25220
1500000US220710017341,220710017341,"Block Group 1, Census Tract 17.34, Orleans Parish, Louisiana",60859,18531
1500000US220710017351,220710017351,"Block Group 1, Census Tract 17.35, Orleans Parish, Louisiana",26429,9490
1500000US220710017352,220710017352,"Block Group 2, Census Tract 17.35, Orleans Parish, Louisiana",24167,14469
1500000US220710017361,220710017361,"Block Group 1, Census Tract 17.36, Orleans Parish, Louisiana",15337,4944
1500000US220710017362,220710017362,"Block Group 2, Census Tract 17.36, Orleans Parish, Louisiana",33750,6298
1500000US220710017371,220710017371,"Block Group 1, Census Tract 17.37, Orleans Parish, Louisiana",20473,3068
1500000US220710017372,220710017372,"Block Group 2, Census Tract 17.37, Orleans Parish, Louisiana",48250,16253
1500000US220710017373,220710017373,"Block Group 3, Census Tract 17.37, Orleans Parish, Louisiana",36477,25046
1500000US220710017391,220710017391,"Block Group 1, Census Tract 17.39, Orleans Parish, Louisiana",39773,20814
1500000US220710017392,220710017392,"Block Group 2, Census Tract 17.39, Orleans Parish, Louisiana",50917,24967
1500000US220710017401,220710017401,"Block Group 1, Census Tract 17.40, Orleans Parish, Louisiana",44559,19748
1500000US220710017402,220710017402,"Block Group 2, Census Tract 17.40, Orleans Parish, Louisiana",30028,12412
1500000US220710017403,220710017403,"Block Group 3, Census Tract 17.40, Orleans Parish, Louisiana",35545,6181
1500000US220710017411,220710017411,"Block Group 1, Census Tract 17.41, Orleans Parish, Louisiana",40500,11811
1500000US220710017431,220710017431,"Block Group 1, Census Tract 17.43, Orleans Parish, Louisiana",19322,5969
1500000US220710017432,220710017432,"Block Group 2, Census Tract 17.43, Orleans Parish, Louisiana",21286,8952
1500000US220710017441,220710017441,"Block Group 1, Census Tract 17.44, Orleans Parish, Louisiana",33385,21125
1500000US220710017442,220710017442,"Block Group 2, Census Tract 17.44, Orleans Parish, Louisiana",16058,8314
1500000US220710017443,220710017443,"Block Group 3, Census Tract 17.44, Orleans Parish, Louisiana",25110,17734
1500000US220710017451,220710017451,"Block Group 1, Census Tract 17.45, Orleans Parish, Louisiana",20972,6972
1500000US220710017452,220710017452,"Block Group 2, Census Tract 17.45, Orleans Parish, Louisiana",28750,16176
1500000US220710017461,220710017461,"Block Group 1, Census Tract 17.46, Orleans Parish, Louisiana",39286,11393
1500000US220710017462,220710017462,"Block Group 2, Census Tract 17.46, Orleans Parish, Louisiana",27850,7471
1500000US220710017463,220710017463,"Block Group 3, Census Tract 17.46, Orleans Parish, Louisiana",35797,11447
1500000US220710017471,220710017471,"Block Group 1, Census Tract 17.47, Orleans Parish, Louisiana",78990,17957
1500000US220710017472,220710017472,"Block Group 2, Census Tract 17.47, Orleans Parish, Louisiana",68646,23765
1500000US220710017481,220710017481,"Block Group 1, Census Tract 17.48, Orleans Parish, Louisiana",60703,20987
1500000US220710017482,220710017482,"Block Group 2, Census Tract 17.48, Orleans Parish, Louisiana",29485,39416
1500000US220710017483,220710017483,"Block Group 3, Census Tract 17.48, Orleans Parish, Louisiana",38015,11526
1500000US220710017484,220710017484,"Block Group 4, Census Tract 17.48, Orleans Parish, Louisiana",61958,22030
1500000US220710017491,220710017491,"Block Group 1, Census Tract 17.49, Orleans Parish, Louisiana",41563,3099
1500000US220710017492,220710017492,"Block Group 2, Census Tract 17.49, Orleans Parish, Louisiana",26844,5555
1500000US220710017501,220710017501,"Block Group 1, Census Tract 17.50, Orleans Parish, Louisiana",38750,9231
1500000US220710017502,220710017502,"Block Group 2, Census Tract 17.50, Orleans Parish, Louisiana",25189,3707
1500000US220710017503,220710017503,"Block Group 3, Census Tract 17.50, Orleans Parish, Louisiana",15767,3252
1500000US220710017511,220710017511,"Block Group 1, Census Tract 17.51, Orleans Parish, Louisiana",17059,5365
1500000US220710018001,220710018001,"Block Group 1, Census Tract 18, Orleans Parish, Louisiana",51023,14282
1500000US220710018002,220710018002,"Block Group 2, Census Tract 18, Orleans Parish, Louisiana",62500,17265
1500000US220710019001,220710019001,"Block Group 1, Census Tract 19, Orleans Parish, Louisiana",26023,10852
1500000US220710019002,220710019002,"Block Group 2, Census Tract 19, Orleans Parish, Louisiana",19750,13762
1500000US220710019003,220710019003,"Block Group 3, Census Tract 19, Orleans Parish, Louisiana",26339,7410
1500000US220710020001,220710020001,"Block Group 1, Census Tract 20, Orleans Parish, Louisiana",10568,14066
1500000US220710020002,220710020002,"Block Group 2, Census Tract 20, Orleans Parish, Louisiana",18323,4007
1500000US220710020003,220710020003,"Block Group 3, Census Tract 20, Orleans Parish, Louisiana",32292,18397
1500000US220710021001,220710021001,"Block Group 1, Census Tract 21, Orleans Parish, Louisiana",18587,6030
1500000US220710021002,220710021002,"Block Group 2, Census Tract 21, Orleans Parish, Louisiana",17039,8795
1500000US220710022001,220710022001,"Block Group 1, Census Tract 22, Orleans Parish, Louisiana",22708,9462
1500000US220710022002,220710022002,"Block Group 2, Census Tract 22, Orleans Parish, Louisiana",33875,22090
1500000US220710022003,220710022003,"Block Group 3, Census Tract 22, Orleans Parish, Louisiana",15833,2718
1500000US220710023001,220710023001,"Block Group 1, Census Tract 23, Orleans Parish, Louisiana",52708,55523
1500000US220710023002,220710023002,"Block Group 2, Census Tract 23, Orleans Parish, Louisiana",9148,4061
1500000US220710023003,220710023003,"Block Group 3, Census Tract 23, Orleans Parish, Louisiana",30278,2736
1500000US220710023004,220710023004,"Block Group 4, Census Tract 23, Orleans Parish, Louisiana",24931,6279
1500000US220710023005,220710023005,"Block Group 5, Census Tract 23, Orleans Parish, Louisiana",23828,10228
1500000US220710024011,220710024011,"Block Group 1, Census Tract 24.01, Orleans Parish, Louisiana",41202,5858
1500000US220710024012,220710024012,"Block Group 2, Census Tract 24.01, Orleans Parish, Louisiana",50750,17916
1500000US220710024021,220710024021,"Block Group 1, Census Tract 24.02, Orleans Parish, Louisiana",31800,32608
1500000US220710024022,220710024022,"Block Group 2, Census Tract 24.02, Orleans Parish, Louisiana",24511,19449
1500000US220710024023,220710024023,"Block Group 3, Census Tract 24.02, Orleans Parish, Louisiana",34022,17213
1500000US220710024024,220710024024,"Block Group 4, Census Tract 24.02, Orleans Parish, Louisiana",29205,14203
1500000US220710025011,220710025011,"Block Group 1, Census Tract 25.01, Orleans Parish, Louisiana",38421,14673
1500000US220710025012,220710025012,"Block Group 2, Census Tract 25.01, Orleans Parish, Louisiana",40521,31361
1500000US220710025013,220710025013,"Block Group 3, Census Tract 25.01, Orleans Parish, Louisiana",62125,24410
1500000US220710025014,220710025014,"Block Group 4, Census Tract 25.01, Orleans Parish, Louisiana",49559,9759
1500000US220710025021,220710025021,"Block Group 1, Census Tract 25.02, Orleans Parish, Louisiana",40114,18263
1500000US220710025022,220710025022,"Block Group 2, Census Tract 25.02, Orleans Parish, Louisiana",26875,12209
1500000US220710025023,220710025023,"Block Group 3, Census Tract 25.02, Orleans Parish, Louisiana",26111,5269
1500000US220710025024,220710025024,"Block Group 4, Census Tract 25.02, Orleans Parish, Louisiana",36953,13967
1500000US220710025031,220710025031,"Block Group 1, Census Tract 25.03, Orleans Parish, Louisiana",53393,32598
1500000US220710025032,220710025032,"Block Group 2, Census Tract 25.03, Orleans Parish, Louisiana",51979,17591
1500000US220710025033,220710025033,"Block Group 3, Census Tract 25.03, Orleans Parish, Louisiana",57599,24032
1500000US220710025041,220710025041,"Block Group 1, Census Tract 25.04, Orleans Parish, Louisiana",45733,4431
1500000US220710025042,220710025042,"Block Group 2, Census Tract 25.04, Orleans Parish, Louisiana",51250,29399
1500000US220710025043,220710025043,"Block Group 3, Census Tract 25.04, Orleans Parish, Louisiana",63036,12831
1500000US220710025044,220710025044,"Block Group 4, Census Tract 25.04, Orleans Parish, Louisiana",27950,14691
1500000US220710026001,220710026001,"Block Group 1, Census Tract 26, Orleans Parish, Louisiana",62258,8235
1500000US220710026002,220710026002,"Block Group 2, Census Tract 26, Orleans Parish, Louisiana",22500,30707
1500000US220710027001,220710027001,"Block Group 1, Census Tract 27, Orleans Parish, Louisiana",18264,4619
1500000US220710027002,220710027002,"Block Group 2, Census Tract 27, Orleans Parish, Louisiana",47829,25112
1500000US220710027003,220710027003,"Block Group 3, Census Tract 27, Orleans Parish, Louisiana",20912,4609
1500000US220710028001,220710028001,"Block Group 1, Census Tract 28, Orleans Parish, Louisiana",24423,10647
1500000US220710028002,220710028002,"Block Group 2, Census Tract 28, Orleans Parish, Louisiana",17330,15847
1500000US220710028003,220710028003,"Block Group 3, Census Tract 28, Orleans Parish, Louisiana",27632,6105
1500000US220710029001,220710029001,"Block Group 1, Census Tract 29, Orleans Parish, Louisiana",23542,14599
1500000US220710029002,220710029002,"Block Group 2, Census Tract 29, Orleans Parish, Louisiana",12552,7900
1500000US220710029003,220710029003,"Block Group 3, Census Tract 29, Orleans Parish, Louisiana",25172,11532
1500000US220710030001,220710030001,"Block Group 1, Census Tract 30, Orleans Parish, Louisiana",14148,5938
1500000US220710030002,220710030002,"Block Group 2, Census Tract 30, Orleans Parish, Louisiana",14942,5729
1500000US220710031001,220710031001,"Block Group 1, Census Tract 31, Orleans Parish, Louisiana",15346,1610
1500000US220710031002,220710031002,"Block Group 2, Census Tract 31, Orleans Parish, Louisiana",19188,12451
1500000US220710033011,220710033011,"Block Group 1, Census Tract 33.01, Orleans Parish, Louisiana",58913,12424
1500000US220710033012,220710033012,"Block Group 2, Census Tract 33.01, Orleans Parish, Louisiana",48000,39030
1500000US220710033013,220710033013,"Block Group 3, Census Tract 33.01, Orleans Parish, Louisiana",78839,65793
1500000US220710033021,220710033021,"Block Group 1, Census Tract 33.02, Orleans Parish, Louisiana",56513,39977
1500000US220710033022,220710033022,"Block Group 2, Census Tract 33.02, Orleans Parish, Louisiana",46154,7573
1500000US220710033023,220710033023,"Block Group 3, Census Tract 33.02, Orleans Parish, Louisiana",54957,25024
1500000US220710033024,220710033024,"Block Group 4, Census Tract 33.02, Orleans Parish, Louisiana",62222,33602
1500000US220710033031,220710033031,"Block Group 1, Census Tract 33.03, Orleans Parish, Louisiana",33500,17950
1500000US220710033032,220710033032,"Block Group 2, Census Tract 33.03, Orleans Parish, Louisiana",20078,17702
1500000US220710033033,220710033033,"Block Group 3, Census Tract 33.03, Orleans Parish, Louisiana",38198,7635
1500000US220710033041,220710033041,"Block Group 1, Census Tract 33.04, Orleans Parish, Louisiana",37375,7779
1500000US220710033042,220710033042,"Block Group 2, Census Tract 33.04, Orleans Parish, Louisiana",18194,8128
1500000US220710033071,220710033071,"Block Group 1, Census Tract 33.07, Orleans Parish, Louisiana",45556,10575
1500000US220710033072,220710033072,"Block Group 2, Census Tract 33.07, Orleans Parish, Louisiana",24299,9467
1500000US220710033081,220710033081,"Block Group 1, Census Tract 33.08, Orleans Parish, Louisiana",37411,29958
1500000US220710033082,220710033082,"Block Group 2, Census Tract 33.08, Orleans Parish, Louisiana",21146,15976
1500000US220710033083,220710033083,"Block Group 3, Census Tract 33.08, Orleans Parish, Louisiana",18704,6447
1500000US220710033084,220710033084,"Block Group 4, Census Tract 33.08, Orleans Parish, Louisiana",25859,13947
1500000US220710033085,220710033085,"Block Group 5, Census Tract 33.08, Orleans Parish, Louisiana",37788,17750
1500000US220710033086,220710033086,"Block Group 6, Census Tract 33.08, Orleans Parish, Louisiana",112552,91110
1500000US220710034001,220710034001,"Block Group 1, Census Tract 34, Orleans Parish, Louisiana",27381,14526
1500000US220710034002,220710034002,"Block Group 2, Census Tract 34, Orleans Parish, Louisiana",20221,3453
1500000US220710035001,220710035001,"Block Group 1, Census Tract 35, Orleans Parish, Louisiana",21114,3644
1500000US220710035002,220710035002,"Block Group 2, Census Tract 35, Orleans Parish, Louisiana",17305,33025
1500000US220710035003,220710035003,"Block Group 3, Census Tract 35, Orleans Parish, Louisiana",35938,24246
1500000US220710036001,220710036001,"Block Group 1, Census Tract 36, Orleans Parish, Louisiana",30167,19250
1500000US220710036002,220710036002,"Block Group 2, Census Tract 36, Orleans Parish, Louisiana",21976,6497
1500000US220710036003,220710036003,"Block Group 3, Census Tract 36, Orleans Parish, Louisiana",30417,16734
1500000US220710037011,220710037011,"Block Group 1, Census Tract 37.01, Orleans Parish, Louisiana",45952,14302
1500000US220710037012,220710037012,"Block Group 2, Census Tract 37.01, Orleans Parish, Louisiana",34167,32169
1500000US220710037021,220710037021,"Block Group 1, Census Tract 37.02, Orleans Parish, Louisiana",27600,8096
1500000US220710037022,220710037022,"Block Group 2, Census Tract 37.02, Orleans Parish, Louisiana",18718,1562
1500000US220710037023,220710037023,"Block Group 3, Census Tract 37.02, Orleans Parish, Louisiana",16563,4778
1500000US220710037024,220710037024,"Block Group 4, Census Tract 37.02, Orleans Parish, Louisiana",28787,14870
1500000US220710037025,220710037025,"Block Group 5, Census Tract 37.02, Orleans Parish, Louisiana",78333,44164
1500000US220710037026,220710037026,"Block Group 6, Census Tract 37.02, Orleans Parish, Louisiana",37212,31368
1500000US220710038001,220710038001,"Block Group 1, Census Tract 38, Orleans Parish, Louisiana",70074,29102
1500000US220710038002,220710038002,"Block Group 2, Census Tract 38, Orleans Parish, Louisiana",62417,33297
1500000US220710039001,220710039001,"Block Group 1, Census Tract 39, Orleans Parish, Louisiana",32188,19639
1500000US220710039002,220710039002,"Block Group 2, Census Tract 39, Orleans Parish, Louisiana",19821,12755
1500000US220710040001,220710040001,"Block Group 1, Census Tract 40, Orleans Parish, Louisiana",21105,3109
1500000US220710040002,220710040002,"Block Group 2, Census Tract 40, Orleans Parish, Louisiana",22278,6022
1500000US220710041001,220710041001,"Block Group 1, Census Tract 41, Orleans Parish, Louisiana",44960,11837
1500000US220710041002,220710041002,"Block Group 2, Census Tract 41, Orleans Parish, Louisiana",70395,6632
1500000US220710044011,220710044011,"Block Group 1, Census Tract 44.01, Orleans Parish, Louisiana",14375,7036
1500000US220710044012,220710044012,"Block Group 2, Census Tract 44.01, Orleans Parish, Louisiana",13750,12533
1500000US220710044013,220710044013,"Block Group 3, Census Tract 44.01, Orleans Parish, Louisiana",14489,13482
1500000US220710044021,220710044021,"Block Group 1, Census Tract 44.02, Orleans Parish, Louisiana",-,**
1500000US220710044022,220710044022,"Block Group 2, Census Tract 44.02, Orleans Parish, Louisiana",-,**
1500000US220710045001,220710045001,"Block Group 1, Census Tract 45, Orleans Parish, Louisiana",15083,9143
1500000US220710045002,220710045002,"Block Group 2, Census Tract 45, Orleans Parish, Louisiana",15208,7666
1500000US220710045003,220710045003,"Block Group 3, Census Tract 45, Orleans Parish, Louisiana",36301,4567
1500000US220710046001,220710046001,"Block Group 1, Census Tract 46, Orleans Parish, Louisiana",49250,16808
1500000US220710046002,220710046002,"Block Group 2, Census Tract 46, Orleans Parish, Louisiana",51705,10790
1500000US220710046003,220710046003,"Block Group 3, Census Tract 46, Orleans Parish, Louisiana",38000,17666
1500000US220710048001,220710048001,"Block Group 1, Census Tract 48, Orleans Parish, Louisiana",8693,1210
1500000US220710049001,220710049001,"Block Group 1, Census Tract 49, Orleans Parish, Louisiana",9783,5278
1500000US220710049002,220710049002,"Block Group 2, Census Tract 49, Orleans Parish, Louisiana",16731,9869
1500000US220710049003,220710049003,"Block Group 3, Census Tract 49, Orleans Parish, Louisiana",-,**
1500000US220710049004,220710049004,"Block Group 4, Census Tract 49, Orleans Parish, Louisiana",27625,12817
1500000US220710050001,220710050001,"Block Group 1, Census Tract 50, Orleans Parish, Louisiana",31333,9789
1500000US220710050002,220710050002,"Block Group 2, Census Tract 50, Orleans Parish, Louisiana",24189,5308
1500000US220710054001,220710054001,"Block Group 1, Census Tract 54, Orleans Parish, Louisiana",41250,11166
1500000US220710054002,220710054002,"Block Group 2, Census Tract 54, Orleans Parish, Louisiana",50915,10355
1500000US220710054003,220710054003,"Block Group 3, Census Tract 54, Orleans Parish, Louisiana",48250,39495
1500000US220710055001,220710055001,"Block Group 1, Census Tract 55, Orleans Parish, Louisiana",54688,19813
1500000US220710055002,220710055002,"Block Group 2, Census Tract 55, Orleans Parish, Louisiana",52554,9519
1500000US220710055003,220710055003,"Block Group 3, Census Tract 55, Orleans Parish, Louisiana",50857,29326
1500000US220710056011,220710056011,"Block Group 1, Census Tract 56.01, Orleans Parish, Louisiana",79712,30044
1500000US220710056012,220710056012,"Block Group 2, Census Tract 56.01, Orleans Parish, Louisiana",99773,26316
1500000US220710056013,220710056013,"Block Group 3, Census Tract 56.01, Orleans Parish, Louisiana",83000,31522
1500000US220710056014,220710056014,"Block Group 4, Census Tract 56.01, Orleans Parish, Louisiana",64453,39345
1500000US220710056021,220710056021,"Block Group 1, Census Tract 56.02, Orleans Parish, Louisiana",74750,20045
1500000US220710056022,220710056022,"Block Group 2, Census Tract 56.02, Orleans Parish, Louisiana",102539,26178
1500000US220710056023,220710056023,"Block Group 3, Census Tract 56.02, Orleans Parish, Louisiana",76250,22487
1500000US220710056024,220710056024,"Block Group 4, Census Tract 56.02, Orleans Parish, Louisiana",119779,19429
1500000US220710056031,220710056031,"Block Group 1, Census Tract 56.03, Orleans Parish, Louisiana",81719,21469
1500000US220710056032,220710056032,"Block Group 2, Census Tract 56.03, Orleans Parish, Louisiana",61875,24538
1500000US220710056033,220710056033,"Block Group 3, Census Tract 56.03, Orleans Parish, Louisiana",70862,7880
1500000US220710056041,220710056041,"Block Group 1, Census Tract 56.04, Orleans Parish, Louisiana",103250,26907
1500000US220710056042,220710056042,"Block Group 2, Census Tract 56.04, Orleans Parish, Louisiana",102708,35045
1500000US220710056043,220710056043,"Block Group 3, Census Tract 56.04, Orleans Parish, Louisiana",69922,29455
1500000US220710060001,220710060001,"Block Group 1, Census Tract 60, Orleans Parish, Louisiana",24375,7905
1500000US220710063001,220710063001,"Block Group 1, Census Tract 63, Orleans Parish, Louisiana",21767,5624
1500000US220710063002,220710063002,"Block Group 2, Census Tract 63, Orleans Parish, Louisiana",22813,16194
1500000US220710063003,220710063003,"Block Group 3, Census Tract 63, Orleans Parish, Louisiana",19063,9383
1500000US220710064001,220710064001,"Block Group 1, Census Tract 64, Orleans Parish, Louisiana",43625,14183
1500000US220710064002,220710064002,"Block Group 2, Census Tract 64, Orleans Parish, Louisiana",54306,17417
1500000US220710064003,220710064003,"Block Group 3, Census Tract 64, Orleans Parish, Louisiana",28636,25617
1500000US220710064004,220710064004,"Block Group 4, Census Tract 64, Orleans Parish, Louisiana",27292,11249
1500000US220710065001,220710065001,"Block Group 1, Census Tract 65, Orleans Parish, Louisiana",39063,17309
1500000US220710065002,220710065002,"Block Group 2, Census Tract 65, Orleans Parish, Louisiana",52452,16488
1500000US220710065003,220710065003,"Block Group 3, Census Tract 65, Orleans Parish, Louisiana",25110,7900
1500000US220710069001,220710069001,"Block Group 1, Census Tract 69, Orleans Parish, Louisiana",18438,7233
1500000US220710069002,220710069002,"Block Group 2, Census Tract 69, Orleans Parish, Louisiana",11042,19113
1500000US220710069003,220710069003,"Block Group 3, Census Tract 69, Orleans Parish, Louisiana",12440,2516
1500000US220710070001,220710070001,"Block Group 1, Census Tract 70, Orleans Parish, Louisiana",7917,13699
1500000US220710070002,220710070002,"Block Group 2, Census Tract 70, Orleans Parish, Louisiana",13125,3651
1500000US220710071011,220710071011,"Block Group 1, Census Tract 71.01, Orleans Parish, Louisiana",33750,14562
1500000US220710071012,220710071012,"Block Group 2, Census Tract 71.01, Orleans Parish, Louisiana",13371,3302
1500000US220710072001,220710072001,"Block Group 1, Census Tract 72, Orleans Parish, Louisiana",20000,8909
1500000US220710072002,220710072002,"Block Group 2, Census Tract 72, Orleans Parish, Louisiana",23160,3006
1500000US220710072003,220710072003,"Block Group 3, Census Tract 72, Orleans Parish, Louisiana",14219,8815
1500000US220710075011,220710075011,"Block Group 1, Census Tract 75.01, Orleans Parish, Louisiana",19643,8226
1500000US220710075012,220710075012,"Block Group 2, Census Tract 75.01, Orleans Parish, Louisiana",34833,13159
1500000US220710075013,220710075013,"Block Group 3, Census Tract 75.01, Orleans Parish, Louisiana",20664,7443
1500000US220710075014,220710075014,"Block Group 4, Census Tract 75.01, Orleans Parish, Louisiana",19474,20214
1500000US220710075015,220710075015,"Block Group 5, Census Tract 75.01, Orleans Parish, Louisiana",19821,16112
1500000US220710075021,220710075021,"Block Group 1, Census Tract 75.02, Orleans Parish, Louisiana",26750,21357
1500000US220710075022,220710075022,"Block Group 2, Census Tract 75.02, Orleans Parish, Louisiana",14583,24469
1500000US220710075023,220710075023,"Block Group 3, Census Tract 75.02, Orleans Parish, Louisiana",12219,6913
1500000US220710075024,220710075024,"Block Group 4, Census Tract 75.02, Orleans Parish, Louisiana",13095,4985
1500000US220710075025,220710075025,"Block Group 5, Census Tract 75.02, Orleans Parish, Louisiana",27386,8739
1500000US220710076041,220710076041,"Block Group 1, Census Tract 76.04, Orleans Parish, Louisiana",126607,45968
1500000US220710076042,220710076042,"Block Group 2, Census Tract 76.04, Orleans Parish, Louisiana",191591,39728
1500000US220710076051,220710076051,"Block Group 1, Census Tract 76.05, Orleans Parish, Louisiana",14309,5864
1500000US220710076052,220710076052,"Block Group 2, Census Tract 76.05, Orleans Parish, Louisiana",22000,10550
1500000US220710076061,220710076061,"Block Group 1, Census Tract 76.06, Orleans Parish, Louisiana",75972,23569
1500000US220710076062,220710076062,"Block Group 2, Census Tract 76.06, Orleans Parish, Louisiana",64306,8575
1500000US220710076063,220710076063,"Block Group 3, Census Tract 76.06, Orleans Parish, Louisiana",70667,14217
1500000US220710077001,220710077001,"Block Group 1, Census Tract 77, Orleans Parish, Louisiana",85439,8165
1500000US220710077002,220710077002,"Block Group 2, Census Tract 77, Orleans Parish, Louisiana",56523,7597
1500000US220710078001,220710078001,"Block Group 1, Census Tract 78, Orleans Parish, Louisiana",66402,18853
1500000US220710082001,220710082001,"Block Group 1, Census Tract 82, Orleans Parish, Louisiana",49185,24186
1500000US220710082002,220710082002,"Block Group 2, Census Tract 82, Orleans Parish, Louisiana",44018,13399
1500000US220710083001,220710083001,"Block Group 1, Census Tract 83, Orleans Parish, Louisiana",65139,37692
1500000US220710083002,220710083002,"Block Group 2, Census Tract 83, Orleans Parish, Louisiana",93214,32652
1500000US220710084001,220710084001,"Block Group 1, Census Tract 84, Orleans Parish, Louisiana",34286,15349
1500000US220710084002,220710084002,"Block Group 2, Census Tract 84, Orleans Parish, Louisiana",26250,31333
1500000US220710085001,220710085001,"Block Group 1, Census Tract 85, Orleans Parish, Louisiana",9525,1996
1500000US220710085002,220710085002,"Block Group 2, Census Tract 85, Orleans Parish, Louisiana",17278,5667
1500000US220710086001,220710086001,"Block Group 1, Census Tract 86, Orleans Parish, Louisiana",16447,7310
1500000US220710086002,220710086002,"Block Group 2, Census Tract 86, Orleans Parish, Louisiana",17305,4500
1500000US220710088001,220710088001,"Block Group 1, Census Tract 88, Orleans Parish, Louisiana",67083,28747
1500000US220710088002,220710088002,"Block Group 2, Census Tract 88, Orleans Parish, Louisiana",79038,35656
1500000US220710090001,220710090001,"Block Group 1, Census Tract 90, Orleans Parish, Louisiana",88750,62794
1500000US220710090002,220710090002,"Block Group 2, Census Tract 90, Orleans Parish, Louisiana",158750,87858
1500000US220710090003,220710090003,"Block Group 3, Census Tract 90, Orleans Parish, Louisiana",94545,36534
1500000US220710091001,220710091001,"Block Group 1, Census Tract 91, Orleans Parish, Louisiana",43810,4196
1500000US220710091002,220710091002,"Block Group 2, Census Tract 91, Orleans Parish, Louisiana",51389,23031
1500000US220710091003,220710091003,"Block Group 3, Census Tract 91, Orleans Parish, Louisiana",21875,40003
1500000US220710091004,220710091004,"Block Group 4, Census Tract 91, Orleans Parish, Louisiana",30125,11206
1500000US220710092001,220710092001,"Block Group 1, Census Tract 92, Orleans Parish, Louisiana",16250,13779
1500000US220710092002,220710092002,"Block Group 2, Census Tract 92, Orleans Parish, Louisiana",18750,13257
1500000US220710092003,220710092003,"Block Group 3, Census Tract 92, Orleans Parish, Louisiana",14375,5455
1500000US220710094001,220710094001,"Block Group 1, Census Tract 94, Orleans Parish, Louisiana",26538,4623
1500000US220710094002,220710094002,"Block Group 2, Census Tract 94, Orleans Parish, Louisiana",33235,30313
1500000US220710094003,220710094003,"Block Group 3, Census Tract 94, Orleans Parish, Louisiana",10682,6811
1500000US220710094004,220710094004,"Block Group 4, Census Tract 94, Orleans Parish, Louisiana",9643,3745
1500000US220710096001,220710096001,"Block Group 1, Census Tract 96, Orleans Parish, Louisiana",63784,7664
1500000US220710096002,220710096002,"Block Group 2, Census Tract 96, Orleans Parish, Louisiana",52500,22109
1500000US220710096003,220710096003,"Block Group 3, Census Tract 96, Orleans Parish, Louisiana",47500,20951
1500000US220710097001,220710097001,"Block Group 1, Census Tract 97, Orleans Parish, Louisiana",46250,30994
1500000US220710097002,220710097002,"Block Group 2, Census Tract 97, Orleans Parish, Louisiana",35884,7193
1500000US220710099001,220710099001,"Block Group 1, Census Tract 99, Orleans Parish, Louisiana",52931,9396
1500000US220710099002,220710099002,"Block Group 2, Census Tract 99, Orleans Parish, Louisiana",64583,12690
1500000US220710099003,220710099003,"Block Group 3, Census Tract 99, Orleans Parish, Louisiana",45335,13475
1500000US220710100001,220710100001,"Block Group 1, Census Tract 100, Orleans Parish, Louisiana",18977,3151
1500000US220710100002,220710100002,"Block Group 2, Census Tract 100, Orleans Parish, Louisiana",18102,3651
1500000US220710100003,220710100003,"Block Group 3, Census Tract 100, Orleans Parish, Louisiana",44394,6751
1500000US220710100004,220710100004,"Block Group 4, Census Tract 100, Orleans Parish, Louisiana",17750,9275
1500000US220710101001,220710101001,"Block Group 1, Census Tract 101, Orleans Parish, Louisiana",36136,16027
1500000US220710101002,220710101002,"Block Group 2, Census Tract 101, Orleans Parish, Louisiana",67806,16870
1500000US220710102001,220710102001,"Block Group 1, Census Tract 102, Orleans Parish, Louisiana",14297,12923
1500000US220710102002,220710102002,"Block Group 2, Census Tract 102, Orleans Parish, Louisiana",12143,2006
1500000US220710102003,220710102003,"Block Group 3, Census Tract 102, Orleans Parish, Louisiana",34000,42067
1500000US220710102004,220710102004,"Block Group 4, Census Tract 102, Orleans Parish, Louisiana",32083,25691
1500000US220710102005,220710102005,"Block Group 5, Census Tract 102, Orleans Parish, Louisiana",37738,12717
1500000US220710103001,220710103001,"Block Group 1, Census Tract 103, Orleans Parish, Louisiana",16641,8689
1500000US220710103002,220710103002,"Block Group 2, Census Tract 103, Orleans Parish, Louisiana",17351,8104
1500000US220710103003,220710103003,"Block Group 3, Census Tract 103, Orleans Parish, Louisiana",37371,8797
1500000US220710103004,220710103004,"Block Group 4, Census Tract 103, Orleans Parish, Louisiana",16987,25842
1500000US220710106001,220710106001,"Block Group 1, Census Tract 106, Orleans Parish, Louisiana",51875,14306
1500000US220710106002,220710106002,"Block Group 2, Census Tract 106, Orleans Parish, Louisiana",34808,14429
1500000US220710107001,220710107001,"Block Group 1, Census Tract 107, Orleans Parish, Louisiana",76111,55612
1500000US220710107002,220710107002,"Block Group 2, Census Tract 107, Orleans Parish, Louisiana",68894,14797
1500000US220710108001,220710108001,"Block Group 1, Census Tract 108, Orleans Parish, Louisiana",101250,32087
1500000US220710108002,220710108002,"Block Group 2, Census Tract 108, Orleans Parish, Louisiana",85648,20094
1500000US220710109001,220710109001,"Block Group 1, Census Tract 109, Orleans Parish, Louisiana",75268,51602
1500000US220710109002,220710109002,"Block Group 2, Census Tract 109, Orleans Parish, Louisiana",69054,12019
1500000US220710109003,220710109003,"Block Group 3, Census Tract 109, Orleans Parish, Louisiana",69886,14826
1500000US220710109004,220710109004,"Block Group 4, Census Tract 109, Orleans Parish, Louisiana",36250,24125
1500000US220710111001,220710111001,"Block Group 1, Census Tract 111, Orleans Parish, Louisiana",15946,7886
1500000US220710111002,220710111002,"Block Group 2, Census Tract 111, Orleans Parish, Louisiana",37202,9763
1500000US220710111003,220710111003,"Block Group 3, Census Tract 111, Orleans Parish, Louisiana",53839,2254
1500000US220710112001,220710112001,"Block Group 1, Census Tract 112, Orleans Parish, Louisiana",58269,18966
1500000US220710112002,220710112002,"Block Group 2, Census Tract 112, Orleans Parish, Louisiana",70250,19235
1500000US220710114001,220710114001,"Block Group 1, Census Tract 114, Orleans Parish, Louisiana",112892,33798
1500000US220710114002,220710114002,"Block Group 2, Census Tract 114, Orleans Parish, Louisiana",51648,20505
1500000US220710115001,220710115001,"Block Group 1, Census Tract 115, Orleans Parish, Louisiana",106500,75341
1500000US220710115002,220710115002,"Block Group 2, Census Tract 115, Orleans Parish, Louisiana",82857,18240
1500000US220710116001,220710116001,"Block Group 1, Census Tract 116, Orleans Parish, Louisiana",114250,61154
1500000US220710116002,220710116002,"Block Group 2, Census Tract 116, Orleans Parish, Louisiana",115714,31627
1500000US220710117001,220710117001,"Block Group 1, Census Tract 117, Orleans Parish, Louisiana",128438,38111
1500000US220710117002,220710117002,"Block Group 2, Census Tract 117, Orleans Parish, Louisiana",123182,55862
1500000US220710117003,220710117003,"Block Group 3, Census Tract 117, Orleans Parish, Louisiana",125795,41692
1500000US220710117004,220710117004,"Block Group 4, Census Tract 117, Orleans Parish, Louisiana",189667,94009
1500000US220710119001,220710119001,"Block Group 1, Census Tract 119, Orleans Parish, Louisiana",101250,33251
1500000US220710119002,220710119002,"Block Group 2, Census Tract 119, Orleans Parish, Louisiana",68438,24776
1500000US220710119003,220710119003,"Block Group 3, Census Tract 119, Orleans Parish, Louisiana",39861,22859
1500000US220710120001,220710120001,"Block Group 1, Census Tract 120, Orleans Parish, Louisiana",66333,27636
1500000US220710120002,220710120002,"Block Group 2, Census Tract 120, Orleans Parish, Louisiana",138750,77129
1500000US220710121011,220710121011,"Block Group 1, Census Tract 121.01, Orleans Parish, Louisiana",43548,7809
1500000US220710121012,220710121012,"Block Group 2, Census Tract 121.01, Orleans Parish, Louisiana",77788,39252
1500000US220710121021,220710121021,"Block Group 1, Census Tract 121.02, Orleans Parish, Louisiana",33897,20675
1500000US220710121022,220710121022,"Block Group 2, Census Tract 121.02, Orleans Parish, Louisiana",123750,148657
1500000US220710121023,220710121023,"Block Group 3, Census Tract 121.02, Orleans Parish, Louisiana",85893,55595
1500000US220710122001,220710122001,"Block Group 1, Census Tract 122, Orleans Parish, Louisiana",94432,42589
1500000US220710122002,220710122002,"Block Group 2, Census Tract 122, Orleans Parish, Louisiana",76579,14564
1500000US220710123001,220710123001,"Block Group 1, Census Tract 123, Orleans Parish, Louisiana",24934,6804
1500000US220710123002,220710123002,"Block Group 2, Census Tract 123, Orleans Parish, Louisiana",49333,11253
1500000US220710123003,220710123003,"Block Group 3, Census Tract 123, Orleans Parish, Louisiana",76818,31847
1500000US220710124001,220710124001,"Block Group 1, Census Tract 124, Orleans Parish, Louisiana",24511,19624
1500000US220710124002,220710124002,"Block Group 2, Census Tract 124, Orleans Parish, Louisiana",81750,27423
1500000US220710125001,220710125001,"Block Group 1, Census Tract 125, Orleans Parish, Louisiana",47262,19306
1500000US220710125002,220710125002,"Block Group 2, Census Tract 125, Orleans Parish, Louisiana",41000,6769
1500000US220710126001,220710126001,"Block Group 1, Census Tract 126, Orleans Parish, Louisiana",55000,18388
1500000US220710126002,220710126002,"Block Group 2, Census Tract 126, Orleans Parish, Louisiana",39297,11325
1500000US220710126003,220710126003,"Block Group 3, Census Tract 126, Orleans Parish, Louisiana",55000,21731
1500000US220710127001,220710127001,"Block Group 1, Census Tract 127, Orleans Parish, Louisiana",40265,22123
1500000US220710127002,220710127002,"Block Group 2, Census Tract 127, Orleans Parish, Louisiana",46625,20096
1500000US220710127003,220710127003,"Block Group 3, Census Tract 127, Orleans Parish, Louisiana",51719,64443
1500000US220710127004,220710127004,"Block Group 4, Census Tract 127, Orleans Parish, Louisiana",62188,39125
1500000US220710128001,220710128001,"Block Group 1, Census Tract 128, Orleans Parish, Louisiana",51406,31636
1500000US220710128002,220710128002,"Block Group 2, Census Tract 128, Orleans Parish, Louisiana",86923,48353
1500000US220710128003,220710128003,"Block Group 3, Census Tract 128, Orleans Parish, Louisiana",70278,19061
1500000US220710129001,220710129001,"Block Group 1, Census Tract 129, Orleans Parish, Louisiana",41894,18121
1500000US220710129002,220710129002,"Block Group 2, Census Tract 129, Orleans Parish, Louisiana",61736,25278
1500000US220710130001,220710130001,"Block Group 1, Census Tract 130, Orleans Parish, Louisiana",23906,30374
1500000US220710130002,220710130002,"Block Group 2, Census Tract 130, Orleans Parish, Louisiana",29837,30877
1500000US220710130003,220710130003,"Block Group 3, Census Tract 130, Orleans Parish, Louisiana",37222,13149
1500000US220710131001,220710131001,"Block Group 1, Census Tract 131, Orleans Parish, Louisiana",9489,4209
1500000US220710131002,220710131002,"Block Group 2, Census Tract 131, Orleans Parish, Louisiana",25469,16887
1500000US220710131003,220710131003,"Block Group 3, Census Tract 131, Orleans Parish, Louisiana",17098,14148
1500000US220710131004,220710131004,"Block Group 4, Census Tract 131, Orleans Parish, Louisiana",19327,4918
1500000US220710132001,220710132001,"Block Group 1, Census Tract 132, Orleans Parish, Louisiana",43409,50685
1500000US220710132002,220710132002,"Block Group 2, Census Tract 132, Orleans Parish, Louisiana",19899,6470
1500000US220710132003,220710132003,"Block Group 3, Census Tract 132, Orleans Parish, Louisiana",80000,26574
1500000US220710132004,220710132004,"Block Group 4, Census Tract 132, Orleans Parish, Louisiana",58850,15961
1500000US220710133011,220710133011,"Block Group 1, Census Tract 133.01, Orleans Parish, Louisiana",137396,73182
1500000US220710133012,220710133012,"Block Group 2, Census Tract 133.01, Orleans Parish, Louisiana",137500,31090
1500000US220710133013,220710133013,"Block Group 3, Census Tract 133.01, Orleans Parish, Louisiana",125278,14078
1500000US220710133014,220710133014,"Block Group 4, Census Tract 133.01, Orleans Parish, Louisiana",80682,17461
1500000US220710133021,220710133021,"Block Group 1, Census Tract 133.02, Orleans Parish, Louisiana",62708,32388
1500000US220710133022,220710133022,"Block Group 2, Census Tract 133.02, Orleans Parish, Louisiana",144063,36342
1500000US220710134001,220710134001,"Block Group 1, Census Tract 134, Orleans Parish, Louisiana",80375,41911
1500000US220710134002,220710134002,"Block Group 2, Census Tract 134, Orleans Parish, Louisiana",17348,6689
1500000US220710134003,220710134003,"Block Group 3, Census Tract 134, Orleans Parish, Louisiana",52036,22412
1500000US220710135001,220710135001,"Block Group 1, Census Tract 135, Orleans Parish, Louisiana",64615,10721
1500000US220710135002,220710135002,"Block Group 2, Census Tract 135, Orleans Parish, Louisiana",89250,30242
1500000US220710135003,220710135003,"Block Group 3, Census Tract 135, Orleans Parish, Louisiana",70385,27444
1500000US220710135004,220710135004,"Block Group 4, Census Tract 135, Orleans Parish, Louisiana",60625,30363
1500000US220710136001,220710136001,"Block Group 1, Census Tract 136, Orleans Parish, Louisiana",49948,27867
1500000US220710136002,220710136002,"Block Group 2, Census Tract 136, Orleans Parish, Louisiana",31818,3346
1500000US220710137001,220710137001,"Block Group 1, Census Tract 137, Orleans Parish, Louisiana",-,**
1500000US220710137002,220710137002,"Block Group 2, Census Tract 137, Orleans Parish, Louisiana",13750,46353
1500000US220710137003,220710137003,"Block Group 3, Census Tract 137, Orleans Parish, Louisiana",9688,2837
1500000US220710137004,220710137004,"Block Group 4, Census Tract 137, Orleans Parish, Louisiana",20583,8563
1500000US220710138001,220710138001,"Block Group 1, Census Tract 138, Orleans Parish, Louisiana",26964,5563
1500000US220710138002,220710138002,"Block Group 2, Census Tract 138, Orleans Parish, Louisiana",19595,7087
1500000US220710138003,220710138003,"Block Group 3, Census Tract 138, Orleans Parish, Louisiana",30764,13319
1500000US220710139001,220710139001,"Block Group 1, Census Tract 139, Orleans Parish, Louisiana",65556,32124
1500000US220710139002,220710139002,"Block Group 2, Census Tract 139, Orleans Parish, Louisiana",36250,20202
1500000US220710140001,220710140001,"Block Group 1, Census Tract 140, Orleans Parish, Louisiana",4402,9443
1500000US220710140002,220710140002,"Block Group 2, Census Tract 140, Orleans Parish, Louisiana",9503,926
1500000US220710140003,220710140003,"Block Group 3, Census Tract 140, Orleans Parish, Louisiana",11444,3644
1500000US220710140004,220710140004,"Block Group 4, Census Tract 140, Orleans Parish, Louisiana",10625,8677
1500000US220710141001,220710141001,"Block Group 1, Census Tract 141, Orleans Parish, Louisiana",22685,7935
1500000US220710141002,220710141002,"Block Group 2, Census Tract 141, Orleans Parish, Louisiana",30714,19595
1500000US220710141003,220710141003,"Block Group 3, Census Tract 141, Orleans Parish, Louisiana",19138,8863
1500000US220710142001,220710142001,"Block Group 1, Census Tract 142, Orleans Parish, Louisiana",29000,37281
1500000US220710142002,220710142002,"Block Group 2, Census Tract 142, Orleans Parish, Louisiana",66042,25689
1500000US220710142003,220710142003,"Block Group 3, Census Tract 142, Orleans Parish, Louisiana",28750,30091
1500000US220710143001,220710143001,"Block Group 1, Census Tract 143, Orleans Parish, Louisiana",15561,4822
1500000US220710143002,220710143002,"Block Group 2, Census Tract 143, Orleans Parish, Louisiana",12031,8690
1500000US220710143003,220710143003,"Block Group 3, Census Tract 143, Orleans Parish, Louisiana",14091,4528
1500000US220710144001,220710144001,"Block Group 1, Census Tract 144, Orleans Parish, Louisiana",29265,8010
1500000US220710144002,220710144002,"Block Group 2, Census Tract 144, Orleans Parish, Louisiana",44338,17038
1500000US220710144003,220710144003,"Block Group 3, Census Tract 144, Orleans Parish, Louisiana",40125,10718
1500000US220710145001,220710145001,"Block Group 1, Census Tract 145, Orleans Parish, Louisiana",-,**
1500000US220719800001,220719800001,"Block Group 1, Census Tract 9800, Orleans Parish, Louisiana",-,**
1500000US220719801001,220719801001,"Block Group 1, Census Tract 9801, Orleans Parish, Louisiana",-,**
1500000US220719900000,220719900000,"Block Group 0, Census Tract 9900, Orleans Parish, Louisiana",-,**
