GEO.id,GEO.id2,GEO.display-label,HD01_VD01,HD02_VD01,HD01_VD02,HD02_VD02,HD01_VD03,HD02_VD03
Id,Id2,Geography,Estimate; Total:,Margin of Error; Total:,Estimate; Total: - Occupied,Margin of Error; Total: - Occupied,Estimate; Total: - Vacant,Margin of Error; Total: - Vacant
1500000US220710001001,220710001001,"Block Group 1, Census Tract 1, Orleans Parish, Louisiana",492,96,435,92,57,64
1500000US220710001002,220710001002,"Block Group 2, Census Tract 1, Orleans Parish, Louisiana",662,119,571,123,91,79
1500000US220710001003,220710001003,"Block Group 3, Census Tract 1, Orleans Parish, Louisiana",430,85,322,79,108,72
1500000US220710002001,220710002001,"Block Group 1, Census Tract 2, Orleans Parish, Louisiana",351,62,236,61,115,53
1500000US220710002002,220710002002,"Block Group 2, Census Tract 2, Orleans Parish, Louisiana",449,68,310,61,139,62
1500000US220710003001,220710003001,"Block Group 1, Census Tract 3, Orleans Parish, Louisiana",401,58,256,60,145,54
1500000US220710003002,220710003002,"Block Group 2, Census Tract 3, Orleans Parish, Louisiana",340,56,237,54,103,55
1500000US220710004001,220710004001,"Block Group 1, Census Tract 4, Orleans Parish, Louisiana",602,86,483,73,119,62
1500000US220710004002,220710004002,"Block Group 2, Census Tract 4, Orleans Parish, Louisiana",598,94,421,83,177,96
1500000US220710006011,220710006011,"Block Group 1, Census Tract 6.01, Orleans Parish, Louisiana",192,43,146,40,46,38
1500000US220710006012,220710006012,"Block Group 2, Census Tract 6.01, Orleans Parish, Louisiana",241,54,168,68,73,64
1500000US220710006021,220710006021,"Block Group 1, Census Tract 6.02, Orleans Parish, Louisiana",397,80,337,63,60,60
1500000US220710006022,220710006022,"Block Group 2, Census Tract 6.02, Orleans Parish, Louisiana",299,66,239,60,60,48
1500000US220710006023,220710006023,"Block Group 3, Census Tract 6.02, Orleans Parish, Louisiana",461,83,382,76,79,46
1500000US220710006031,220710006031,"Block Group 1, Census Tract 6.03, Orleans Parish, Louisiana",420,89,197,57,223,82
1500000US220710006032,220710006032,"Block Group 2, Census Tract 6.03, Orleans Parish, Louisiana",355,61,257,56,98,54
1500000US220710006041,220710006041,"Block Group 1, Census Tract 6.04, Orleans Parish, Louisiana",524,118,453,107,71,56
1500000US220710006042,220710006042,"Block Group 2, Census Tract 6.04, Orleans Parish, Louisiana",820,121,738,146,82,65
1500000US220710006043,220710006043,"Block Group 3, Census Tract 6.04, Orleans Parish, Louisiana",578,152,324,103,254,119
1500000US220710006051,220710006051,"Block Group 1, Census Tract 6.05, Orleans Parish, Louisiana",419,66,378,64,41,35
1500000US220710006052,220710006052,"Block Group 2, Census Tract 6.05, Orleans Parish, Louisiana",232,53,174,49,58,40
1500000US220710006053,220710006053,"Block Group 3, Census Tract 6.05, Orleans Parish, Louisiana",316,67,230,48,86,51
1500000US220710006061,220710006061,"Block Group 1, Census Tract 6.06, Orleans Parish, Louisiana",585,104,538,99,47,59
1500000US220710006062,220710006062,"Block Group 2, Census Tract 6.06, Orleans Parish, Louisiana",586,109,567,109,19,26
1500000US220710006063,220710006063,"Block Group 3, Census Tract 6.06, Orleans Parish, Louisiana",596,98,531,108,65,61
1500000US220710006071,220710006071,"Block Group 1, Census Tract 6.07, Orleans Parish, Louisiana",307,99,307,99,0,12
1500000US220710006072,220710006072,"Block Group 2, Census Tract 6.07, Orleans Parish, Louisiana",563,95,536,93,27,42
1500000US220710006073,220710006073,"Block Group 3, Census Tract 6.07, Orleans Parish, Louisiana",733,94,706,100,27,41
1500000US220710006111,220710006111,"Block Group 1, Census Tract 6.11, Orleans Parish, Louisiana",671,90,536,93,135,68
1500000US220710006112,220710006112,"Block Group 2, Census Tract 6.11, Orleans Parish, Louisiana",1112,104,974,106,138,58
1500000US220710006121,220710006121,"Block Group 1, Census Tract 6.12, Orleans Parish, Louisiana",642,48,538,68,104,71
1500000US220710006131,220710006131,"Block Group 1, Census Tract 6.13, Orleans Parish, Louisiana",297,85,289,86,8,17
1500000US220710006132,220710006132,"Block Group 2, Census Tract 6.13, Orleans Parish, Louisiana",644,130,520,132,124,71
1500000US220710006133,220710006133,"Block Group 3, Census Tract 6.13, Orleans Parish, Louisiana",1465,118,1243,130,222,76
1500000US220710006151,220710006151,"Block Group 1, Census Tract 6.15, Orleans Parish, Louisiana",657,121,621,132,36,48
1500000US220710006152,220710006152,"Block Group 2, Census Tract 6.15, Orleans Parish, Louisiana",1463,131,1065,173,398,159
1500000US220710006161,220710006161,"Block Group 1, Census Tract 6.16, Orleans Parish, Louisiana",410,111,348,101,62,58
1500000US220710006162,220710006162,"Block Group 2, Census Tract 6.16, Orleans Parish, Louisiana",957,124,491,150,466,149
1500000US220710006163,220710006163,"Block Group 3, Census Tract 6.16, Orleans Parish, Louisiana",636,126,636,126,0,12
1500000US220710006171,220710006171,"Block Group 1, Census Tract 6.17, Orleans Parish, Louisiana",1078,180,750,202,328,149
1500000US220710006172,220710006172,"Block Group 2, Census Tract 6.17, Orleans Parish, Louisiana",1302,194,1180,202,122,84
1500000US220710006181,220710006181,"Block Group 1, Census Tract 6.18, Orleans Parish, Louisiana",575,77,543,78,32,36
1500000US220710006182,220710006182,"Block Group 2, Census Tract 6.18, Orleans Parish, Louisiana",924,84,750,98,174,83
1500000US220710007011,220710007011,"Block Group 1, Census Tract 7.01, Orleans Parish, Louisiana",28,23,28,23,0,12
1500000US220710007012,220710007012,"Block Group 2, Census Tract 7.01, Orleans Parish, Louisiana",52,24,45,21,7,11
1500000US220710007013,220710007013,"Block Group 3, Census Tract 7.01, Orleans Parish, Louisiana",104,32,74,27,30,21
1500000US220710007014,220710007014,"Block Group 4, Census Tract 7.01, Orleans Parish, Louisiana",75,27,75,27,0,12
1500000US220710007021,220710007021,"Block Group 1, Census Tract 7.02, Orleans Parish, Louisiana",158,60,131,54,27,31
1500000US220710007022,220710007022,"Block Group 2, Census Tract 7.02, Orleans Parish, Louisiana",270,71,252,68,18,23
1500000US220710007023,220710007023,"Block Group 3, Census Tract 7.02, Orleans Parish, Louisiana",160,88,52,29,108,86
1500000US220710007024,220710007024,"Block Group 4, Census Tract 7.02, Orleans Parish, Louisiana",217,81,176,77,41,38
1500000US220710008001,220710008001,"Block Group 1, Census Tract 8, Orleans Parish, Louisiana",200,55,149,47,51,40
1500000US220710008002,220710008002,"Block Group 2, Census Tract 8, Orleans Parish, Louisiana",182,55,165,53,17,20
1500000US220710008003,220710008003,"Block Group 3, Census Tract 8, Orleans Parish, Louisiana",292,76,179,53,113,61
1500000US220710009011,220710009011,"Block Group 1, Census Tract 9.01, Orleans Parish, Louisiana",119,58,59,28,60,58
1500000US220710009012,220710009012,"Block Group 2, Census Tract 9.01, Orleans Parish, Louisiana",112,50,81,49,31,25
1500000US220710009013,220710009013,"Block Group 3, Census Tract 9.01, Orleans Parish, Louisiana",64,47,38,27,26,40
1500000US220710009014,220710009014,"Block Group 4, Census Tract 9.01, Orleans Parish, Louisiana",146,54,124,49,22,21
1500000US220710009021,220710009021,"Block Group 1, Census Tract 9.02, Orleans Parish, Louisiana",14,10,14,10,0,12
1500000US220710009022,220710009022,"Block Group 2, Census Tract 9.02, Orleans Parish, Louisiana",41,27,35,30,6,11
1500000US220710009023,220710009023,"Block Group 3, Census Tract 9.02, Orleans Parish, Louisiana",67,40,67,40,0,12
1500000US220710009024,220710009024,"Block Group 4, Census Tract 9.02, Orleans Parish, Louisiana",36,23,29,19,7,12
1500000US220710009031,220710009031,"Block Group 1, Census Tract 9.03, Orleans Parish, Louisiana",68,27,55,31,13,15
1500000US220710009032,220710009032,"Block Group 2, Census Tract 9.03, Orleans Parish, Louisiana",107,35,88,31,19,21
1500000US220710009033,220710009033,"Block Group 3, Census Tract 9.03, Orleans Parish, Louisiana",27,21,22,19,5,8
1500000US220710009034,220710009034,"Block Group 4, Census Tract 9.03, Orleans Parish, Louisiana",41,24,41,24,0,12
1500000US220710009041,220710009041,"Block Group 1, Census Tract 9.04, Orleans Parish, Louisiana",232,56,193,51,39,39
1500000US220710009042,220710009042,"Block Group 2, Census Tract 9.04, Orleans Parish, Louisiana",268,63,161,51,107,51
1500000US220710011001,220710011001,"Block Group 1, Census Tract 11, Orleans Parish, Louisiana",355,71,274,72,81,40
1500000US220710011002,220710011002,"Block Group 2, Census Tract 11, Orleans Parish, Louisiana",777,86,639,83,138,65
1500000US220710011003,220710011003,"Block Group 3, Census Tract 11, Orleans Parish, Louisiana",0,12,0,12,0,12
1500000US220710012001,220710012001,"Block Group 1, Census Tract 12, Orleans Parish, Louisiana",416,66,322,65,94,52
1500000US220710012002,220710012002,"Block Group 2, Census Tract 12, Orleans Parish, Louisiana",318,72,223,49,95,64
1500000US220710012003,220710012003,"Block Group 3, Census Tract 12, Orleans Parish, Louisiana",380,70,342,69,38,34
1500000US220710013011,220710013011,"Block Group 1, Census Tract 13.01, Orleans Parish, Louisiana",388,61,307,58,81,53
1500000US220710013012,220710013012,"Block Group 2, Census Tract 13.01, Orleans Parish, Louisiana",212,55,165,44,47,39
1500000US220710013013,220710013013,"Block Group 3, Census Tract 13.01, Orleans Parish, Louisiana",270,66,160,42,110,62
1500000US220710013014,220710013014,"Block Group 4, Census Tract 13.01, Orleans Parish, Louisiana",222,63,149,60,73,60
1500000US220710013021,220710013021,"Block Group 1, Census Tract 13.02, Orleans Parish, Louisiana",269,67,193,52,76,48
1500000US220710013022,220710013022,"Block Group 2, Census Tract 13.02, Orleans Parish, Louisiana",317,67,246,58,71,51
1500000US220710014011,220710014011,"Block Group 1, Census Tract 14.01, Orleans Parish, Louisiana",123,42,113,39,10,17
1500000US220710014012,220710014012,"Block Group 2, Census Tract 14.01, Orleans Parish, Louisiana",90,32,74,27,16,22
1500000US220710014013,220710014013,"Block Group 3, Census Tract 14.01, Orleans Parish, Louisiana",156,50,145,49,11,18
1500000US220710014014,220710014014,"Block Group 4, Census Tract 14.01, Orleans Parish, Louisiana",108,37,99,34,9,16
1500000US220710014015,220710014015,"Block Group 5, Census Tract 14.01, Orleans Parish, Louisiana",55,37,44,36,11,17
1500000US220710014016,220710014016,"Block Group 6, Census Tract 14.01, Orleans Parish, Louisiana",84,33,53,30,31,26
1500000US220710014021,220710014021,"Block Group 1, Census Tract 14.02, Orleans Parish, Louisiana",268,65,240,57,28,27
1500000US220710014022,220710014022,"Block Group 2, Census Tract 14.02, Orleans Parish, Louisiana",152,49,118,46,34,26
1500000US220710014023,220710014023,"Block Group 3, Census Tract 14.02, Orleans Parish, Louisiana",145,54,136,53,9,14
1500000US220710014024,220710014024,"Block Group 4, Census Tract 14.02, Orleans Parish, Louisiana",386,69,265,56,121,52
1500000US220710015001,220710015001,"Block Group 1, Census Tract 15, Orleans Parish, Louisiana",293,54,219,53,74,36
1500000US220710015002,220710015002,"Block Group 2, Census Tract 15, Orleans Parish, Louisiana",221,44,141,40,80,41
1500000US220710016001,220710016001,"Block Group 1, Census Tract 16, Orleans Parish, Louisiana",0,12,0,12,0,12
1500000US220710017011,220710017011,"Block Group 1, Census Tract 17.01, Orleans Parish, Louisiana",281,57,229,48,52,50
1500000US220710017012,220710017012,"Block Group 2, Census Tract 17.01, Orleans Parish, Louisiana",155,39,155,39,0,12
1500000US220710017013,220710017013,"Block Group 3, Census Tract 17.01, Orleans Parish, Louisiana",280,65,180,42,100,75
1500000US220710017021,220710017021,"Block Group 1, Census Tract 17.02, Orleans Parish, Louisiana",382,74,313,65,69,46
1500000US220710017022,220710017022,"Block Group 2, Census Tract 17.02, Orleans Parish, Louisiana",412,72,306,65,106,59
1500000US220710017023,220710017023,"Block Group 3, Census Tract 17.02, Orleans Parish, Louisiana",171,56,154,46,17,26
1500000US220710017024,220710017024,"Block Group 4, Census Tract 17.02, Orleans Parish, Louisiana",221,51,150,49,71,53
1500000US220710017201,220710017201,"Block Group 1, Census Tract 17.20, Orleans Parish, Louisiana",235,71,192,64,43,48
1500000US220710017202,220710017202,"Block Group 2, Census Tract 17.20, Orleans Parish, Louisiana",412,84,235,74,177,85
1500000US220710017203,220710017203,"Block Group 3, Census Tract 17.20, Orleans Parish, Louisiana",638,106,445,93,193,80
1500000US220710017204,220710017204,"Block Group 4, Census Tract 17.20, Orleans Parish, Louisiana",446,112,321,95,125,69
1500000US220710017221,220710017221,"Block Group 1, Census Tract 17.22, Orleans Parish, Louisiana",261,87,167,82,94,64
1500000US220710017222,220710017222,"Block Group 2, Census Tract 17.22, Orleans Parish, Louisiana",297,88,253,81,44,42
1500000US220710017223,220710017223,"Block Group 3, Census Tract 17.22, Orleans Parish, Louisiana",498,79,431,80,67,41
1500000US220710017224,220710017224,"Block Group 4, Census Tract 17.22, Orleans Parish, Louisiana",172,54,172,54,0,12
1500000US220710017225,220710017225,"Block Group 5, Census Tract 17.22, Orleans Parish, Louisiana",400,88,349,80,51,48
1500000US220710017226,220710017226,"Block Group 6, Census Tract 17.22, Orleans Parish, Louisiana",199,73,123,62,76,56
1500000US220710017227,220710017227,"Block Group 7, Census Tract 17.22, Orleans Parish, Louisiana",135,63,121,66,14,24
1500000US220710017231,220710017231,"Block Group 1, Census Tract 17.23, Orleans Parish, Louisiana",322,89,272,82,50,39
1500000US220710017232,220710017232,"Block Group 2, Census Tract 17.23, Orleans Parish, Louisiana",815,109,738,108,77,54
1500000US220710017233,220710017233,"Block Group 3, Census Tract 17.23, Orleans Parish, Louisiana",407,84,331,89,76,54
1500000US220710017234,220710017234,"Block Group 4, Census Tract 17.23, Orleans Parish, Louisiana",560,105,508,102,52,39
1500000US220710017241,220710017241,"Block Group 1, Census Tract 17.24, Orleans Parish, Louisiana",433,109,268,83,165,98
1500000US220710017242,220710017242,"Block Group 2, Census Tract 17.24, Orleans Parish, Louisiana",427,100,356,90,71,49
1500000US220710017243,220710017243,"Block Group 3, Census Tract 17.24, Orleans Parish, Louisiana",744,128,612,118,132,71
1500000US220710017244,220710017244,"Block Group 4, Census Tract 17.24, Orleans Parish, Louisiana",588,125,426,119,162,97
1500000US220710017251,220710017251,"Block Group 1, Census Tract 17.25, Orleans Parish, Louisiana",820,166,765,156,55,70
1500000US220710017252,220710017252,"Block Group 2, Census Tract 17.25, Orleans Parish, Louisiana",632,139,559,129,73,77
1500000US220710017253,220710017253,"Block Group 3, Census Tract 17.25, Orleans Parish, Louisiana",591,138,521,127,70,77
1500000US220710017254,220710017254,"Block Group 4, Census Tract 17.25, Orleans Parish, Louisiana",771,154,569,139,202,119
1500000US220710017301,220710017301,"Block Group 1, Census Tract 17.30, Orleans Parish, Louisiana",378,43,287,46,91,44
1500000US220710017341,220710017341,"Block Group 1, Census Tract 17.34, Orleans Parish, Louisiana",603,57,333,70,270,86
1500000US220710017351,220710017351,"Block Group 1, Census Tract 17.35, Orleans Parish, Louisiana",673,94,454,85,219,68
1500000US220710017352,220710017352,"Block Group 2, Census Tract 17.35, Orleans Parish, Louisiana",546,80,350,67,196,68
1500000US220710017361,220710017361,"Block Group 1, Census Tract 17.36, Orleans Parish, Louisiana",416,84,241,69,175,73
1500000US220710017362,220710017362,"Block Group 2, Census Tract 17.36, Orleans Parish, Louisiana",620,79,559,82,61,35
1500000US220710017371,220710017371,"Block Group 1, Census Tract 17.37, Orleans Parish, Louisiana",899,95,724,112,175,84
1500000US220710017372,220710017372,"Block Group 2, Census Tract 17.37, Orleans Parish, Louisiana",364,70,322,66,42,39
1500000US220710017373,220710017373,"Block Group 3, Census Tract 17.37, Orleans Parish, Louisiana",325,65,249,63,76,53
1500000US220710017391,220710017391,"Block Group 1, Census Tract 17.39, Orleans Parish, Louisiana",504,65,408,67,96,55
1500000US220710017392,220710017392,"Block Group 2, Census Tract 17.39, Orleans Parish, Louisiana",194,46,165,43,29,26
1500000US220710017401,220710017401,"Block Group 1, Census Tract 17.40, Orleans Parish, Louisiana",486,88,442,93,44,40
1500000US220710017402,220710017402,"Block Group 2, Census Tract 17.40, Orleans Parish, Louisiana",937,123,695,128,242,103
1500000US220710017403,220710017403,"Block Group 3, Census Tract 17.40, Orleans Parish, Louisiana",825,128,656,127,169,86
1500000US220710017411,220710017411,"Block Group 1, Census Tract 17.41, Orleans Parish, Louisiana",546,25,480,44,66,37
1500000US220710017431,220710017431,"Block Group 1, Census Tract 17.43, Orleans Parish, Louisiana",713,98,625,105,88,61
1500000US220710017432,220710017432,"Block Group 2, Census Tract 17.43, Orleans Parish, Louisiana",554,109,314,101,240,82
1500000US220710017441,220710017441,"Block Group 1, Census Tract 17.44, Orleans Parish, Louisiana",610,88,489,106,121,70
1500000US220710017442,220710017442,"Block Group 2, Census Tract 17.44, Orleans Parish, Louisiana",664,113,493,139,171,95
1500000US220710017443,220710017443,"Block Group 3, Census Tract 17.44, Orleans Parish, Louisiana",427,97,427,97,0,12
1500000US220710017451,220710017451,"Block Group 1, Census Tract 17.45, Orleans Parish, Louisiana",1057,94,930,106,127,79
1500000US220710017452,220710017452,"Block Group 2, Census Tract 17.45, Orleans Parish, Louisiana",441,81,409,79,32,36
1500000US220710017461,220710017461,"Block Group 1, Census Tract 17.46, Orleans Parish, Louisiana",563,116,482,126,81,70
1500000US220710017462,220710017462,"Block Group 2, Census Tract 17.46, Orleans Parish, Louisiana",604,115,578,116,26,43
1500000US220710017463,220710017463,"Block Group 3, Census Tract 17.46, Orleans Parish, Louisiana",713,134,563,131,150,85
1500000US220710017471,220710017471,"Block Group 1, Census Tract 17.47, Orleans Parish, Louisiana",957,97,847,104,110,71
1500000US220710017472,220710017472,"Block Group 2, Census Tract 17.47, Orleans Parish, Louisiana",564,93,425,90,139,73
1500000US220710017481,220710017481,"Block Group 1, Census Tract 17.48, Orleans Parish, Louisiana",400,91,374,84,26,40
1500000US220710017482,220710017482,"Block Group 2, Census Tract 17.48, Orleans Parish, Louisiana",441,100,409,98,32,36
1500000US220710017483,220710017483,"Block Group 3, Census Tract 17.48, Orleans Parish, Louisiana",552,98,445,101,107,67
1500000US220710017484,220710017484,"Block Group 4, Census Tract 17.48, Orleans Parish, Louisiana",345,79,273,88,72,65
1500000US220710017491,220710017491,"Block Group 1, Census Tract 17.49, Orleans Parish, Louisiana",369,69,369,69,0,12
1500000US220710017492,220710017492,"Block Group 2, Census Tract 17.49, Orleans Parish, Louisiana",612,69,471,78,141,60
1500000US220710017501,220710017501,"Block Group 1, Census Tract 17.50, Orleans Parish, Louisiana",495,93,397,89,98,53
1500000US220710017502,220710017502,"Block Group 2, Census Tract 17.50, Orleans Parish, Louisiana",601,107,322,87,279,79
1500000US220710017503,220710017503,"Block Group 3, Census Tract 17.50, Orleans Parish, Louisiana",476,79,434,93,42,49
1500000US220710017511,220710017511,"Block Group 1, Census Tract 17.51, Orleans Parish, Louisiana",401,48,268,45,133,50
1500000US220710018001,220710018001,"Block Group 1, Census Tract 18, Orleans Parish, Louisiana",555,77,418,75,137,71
1500000US220710018002,220710018002,"Block Group 2, Census Tract 18, Orleans Parish, Louisiana",347,79,282,65,65,65
1500000US220710019001,220710019001,"Block Group 1, Census Tract 19, Orleans Parish, Louisiana",231,70,138,51,93,54
1500000US220710019002,220710019002,"Block Group 2, Census Tract 19, Orleans Parish, Louisiana",361,59,261,58,100,51
1500000US220710019003,220710019003,"Block Group 3, Census Tract 19, Orleans Parish, Louisiana",307,72,245,70,62,38
1500000US220710020001,220710020001,"Block Group 1, Census Tract 20, Orleans Parish, Louisiana",271,72,212,63,59,43
1500000US220710020002,220710020002,"Block Group 2, Census Tract 20, Orleans Parish, Louisiana",253,71,197,65,56,35
1500000US220710020003,220710020003,"Block Group 3, Census Tract 20, Orleans Parish, Louisiana",131,63,107,46,24,38
1500000US220710021001,220710021001,"Block Group 1, Census Tract 21, Orleans Parish, Louisiana",208,60,158,57,50,32
1500000US220710021002,220710021002,"Block Group 2, Census Tract 21, Orleans Parish, Louisiana",270,54,209,47,61,47
1500000US220710022001,220710022001,"Block Group 1, Census Tract 22, Orleans Parish, Louisiana",159,53,125,44,34,34
1500000US220710022002,220710022002,"Block Group 2, Census Tract 22, Orleans Parish, Louisiana",226,53,181,43,45,37
1500000US220710022003,220710022003,"Block Group 3, Census Tract 22, Orleans Parish, Louisiana",188,56,96,44,92,50
1500000US220710023001,220710023001,"Block Group 1, Census Tract 23, Orleans Parish, Louisiana",84,38,59,27,25,27
1500000US220710023002,220710023002,"Block Group 2, Census Tract 23, Orleans Parish, Louisiana",150,53,114,56,36,34
1500000US220710023003,220710023003,"Block Group 3, Census Tract 23, Orleans Parish, Louisiana",100,50,68,45,32,24
1500000US220710023004,220710023004,"Block Group 4, Census Tract 23, Orleans Parish, Louisiana",125,48,101,42,24,27
1500000US220710023005,220710023005,"Block Group 5, Census Tract 23, Orleans Parish, Louisiana",627,86,475,88,152,71
1500000US220710024011,220710024011,"Block Group 1, Census Tract 24.01, Orleans Parish, Louisiana",481,77,414,75,67,49
1500000US220710024012,220710024012,"Block Group 2, Census Tract 24.01, Orleans Parish, Louisiana",457,79,355,78,102,73
1500000US220710024021,220710024021,"Block Group 1, Census Tract 24.02, Orleans Parish, Louisiana",232,69,168,68,64,47
1500000US220710024022,220710024022,"Block Group 2, Census Tract 24.02, Orleans Parish, Louisiana",546,122,355,110,191,90
1500000US220710024023,220710024023,"Block Group 3, Census Tract 24.02, Orleans Parish, Louisiana",344,83,276,84,68,60
1500000US220710024024,220710024024,"Block Group 4, Census Tract 24.02, Orleans Parish, Louisiana",512,92,419,83,93,73
1500000US220710025011,220710025011,"Block Group 1, Census Tract 25.01, Orleans Parish, Louisiana",343,68,278,64,65,52
1500000US220710025012,220710025012,"Block Group 2, Census Tract 25.01, Orleans Parish, Louisiana",205,55,161,52,44,39
1500000US220710025013,220710025013,"Block Group 3, Census Tract 25.01, Orleans Parish, Louisiana",165,48,105,41,60,46
1500000US220710025014,220710025014,"Block Group 4, Census Tract 25.01, Orleans Parish, Louisiana",187,52,130,37,57,33
1500000US220710025021,220710025021,"Block Group 1, Census Tract 25.02, Orleans Parish, Louisiana",383,75,320,67,63,42
1500000US220710025022,220710025022,"Block Group 2, Census Tract 25.02, Orleans Parish, Louisiana",271,59,179,56,92,51
1500000US220710025023,220710025023,"Block Group 3, Census Tract 25.02, Orleans Parish, Louisiana",206,59,142,52,64,39
1500000US220710025024,220710025024,"Block Group 4, Census Tract 25.02, Orleans Parish, Louisiana",189,45,171,48,18,20
1500000US220710025031,220710025031,"Block Group 1, Census Tract 25.03, Orleans Parish, Louisiana",216,64,150,45,66,56
1500000US220710025032,220710025032,"Block Group 2, Census Tract 25.03, Orleans Parish, Louisiana",395,83,377,82,18,29
1500000US220710025033,220710025033,"Block Group 3, Census Tract 25.03, Orleans Parish, Louisiana",286,62,281,63,5,10
1500000US220710025041,220710025041,"Block Group 1, Census Tract 25.04, Orleans Parish, Louisiana",281,66,191,57,90,51
1500000US220710025042,220710025042,"Block Group 2, Census Tract 25.04, Orleans Parish, Louisiana",391,64,328,59,63,46
1500000US220710025043,220710025043,"Block Group 3, Census Tract 25.04, Orleans Parish, Louisiana",204,48,181,46,23,25
1500000US220710025044,220710025044,"Block Group 4, Census Tract 25.04, Orleans Parish, Louisiana",312,66,229,53,83,53
1500000US220710026001,220710026001,"Block Group 1, Census Tract 26, Orleans Parish, Louisiana",550,88,450,92,100,75
1500000US220710026002,220710026002,"Block Group 2, Census Tract 26, Orleans Parish, Louisiana",756,116,528,108,228,107
1500000US220710027001,220710027001,"Block Group 1, Census Tract 27, Orleans Parish, Louisiana",414,85,205,60,209,77
1500000US220710027002,220710027002,"Block Group 2, Census Tract 27, Orleans Parish, Louisiana",299,68,261,69,38,29
1500000US220710027003,220710027003,"Block Group 3, Census Tract 27, Orleans Parish, Louisiana",235,62,149,54,86,44
1500000US220710028001,220710028001,"Block Group 1, Census Tract 28, Orleans Parish, Louisiana",260,52,170,43,90,45
1500000US220710028002,220710028002,"Block Group 2, Census Tract 28, Orleans Parish, Louisiana",429,76,269,62,160,60
1500000US220710028003,220710028003,"Block Group 3, Census Tract 28, Orleans Parish, Louisiana",229,61,202,61,27,24
1500000US220710029001,220710029001,"Block Group 1, Census Tract 29, Orleans Parish, Louisiana",215,63,209,64,6,8
1500000US220710029002,220710029002,"Block Group 2, Census Tract 29, Orleans Parish, Louisiana",239,68,147,61,92,54
1500000US220710029003,220710029003,"Block Group 3, Census Tract 29, Orleans Parish, Louisiana",318,86,208,84,110,56
1500000US220710030001,220710030001,"Block Group 1, Census Tract 30, Orleans Parish, Louisiana",382,70,213,58,169,63
1500000US220710030002,220710030002,"Block Group 2, Census Tract 30, Orleans Parish, Louisiana",396,78,268,65,128,53
1500000US220710031001,220710031001,"Block Group 1, Census Tract 31, Orleans Parish, Louisiana",202,75,147,67,55,38
1500000US220710031002,220710031002,"Block Group 2, Census Tract 31, Orleans Parish, Louisiana",503,78,303,75,200,80
1500000US220710033011,220710033011,"Block Group 1, Census Tract 33.01, Orleans Parish, Louisiana",429,65,300,57,129,81
1500000US220710033012,220710033012,"Block Group 2, Census Tract 33.01, Orleans Parish, Louisiana",325,83,252,72,73,49
1500000US220710033013,220710033013,"Block Group 3, Census Tract 33.01, Orleans Parish, Louisiana",211,59,129,39,82,47
1500000US220710033021,220710033021,"Block Group 1, Census Tract 33.02, Orleans Parish, Louisiana",231,70,231,70,0,12
1500000US220710033022,220710033022,"Block Group 2, Census Tract 33.02, Orleans Parish, Louisiana",514,81,398,78,116,65
1500000US220710033023,220710033023,"Block Group 3, Census Tract 33.02, Orleans Parish, Louisiana",470,80,371,79,99,66
1500000US220710033024,220710033024,"Block Group 4, Census Tract 33.02, Orleans Parish, Louisiana",241,65,214,64,27,30
1500000US220710033031,220710033031,"Block Group 1, Census Tract 33.03, Orleans Parish, Louisiana",409,78,356,70,53,50
1500000US220710033032,220710033032,"Block Group 2, Census Tract 33.03, Orleans Parish, Louisiana",399,80,307,81,92,59
1500000US220710033033,220710033033,"Block Group 3, Census Tract 33.03, Orleans Parish, Louisiana",203,56,176,52,27,30
1500000US220710033041,220710033041,"Block Group 1, Census Tract 33.04, Orleans Parish, Louisiana",466,69,392,64,74,41
1500000US220710033042,220710033042,"Block Group 2, Census Tract 33.04, Orleans Parish, Louisiana",473,62,373,60,100,54
1500000US220710033071,220710033071,"Block Group 1, Census Tract 33.07, Orleans Parish, Louisiana",477,55,334,66,143,66
1500000US220710033072,220710033072,"Block Group 2, Census Tract 33.07, Orleans Parish, Louisiana",258,50,231,47,27,26
1500000US220710033081,220710033081,"Block Group 1, Census Tract 33.08, Orleans Parish, Louisiana",239,71,131,54,108,56
1500000US220710033082,220710033082,"Block Group 2, Census Tract 33.08, Orleans Parish, Louisiana",344,75,269,75,75,58
1500000US220710033083,220710033083,"Block Group 3, Census Tract 33.08, Orleans Parish, Louisiana",640,101,500,89,140,79
1500000US220710033084,220710033084,"Block Group 4, Census Tract 33.08, Orleans Parish, Louisiana",256,73,215,63,41,47
1500000US220710033085,220710033085,"Block Group 5, Census Tract 33.08, Orleans Parish, Louisiana",243,69,199,66,44,30
1500000US220710033086,220710033086,"Block Group 6, Census Tract 33.08, Orleans Parish, Louisiana",101,52,47,32,54,39
1500000US220710034001,220710034001,"Block Group 1, Census Tract 34, Orleans Parish, Louisiana",390,65,276,63,114,51
1500000US220710034002,220710034002,"Block Group 2, Census Tract 34, Orleans Parish, Louisiana",538,68,408,79,130,55
1500000US220710035001,220710035001,"Block Group 1, Census Tract 35, Orleans Parish, Louisiana",300,59,237,54,63,35
1500000US220710035002,220710035002,"Block Group 2, Census Tract 35, Orleans Parish, Louisiana",277,61,165,56,112,46
1500000US220710035003,220710035003,"Block Group 3, Census Tract 35, Orleans Parish, Louisiana",275,58,218,55,57,38
1500000US220710036001,220710036001,"Block Group 1, Census Tract 36, Orleans Parish, Louisiana",247,44,210,47,37,27
1500000US220710036002,220710036002,"Block Group 2, Census Tract 36, Orleans Parish, Louisiana",474,58,395,55,79,39
1500000US220710036003,220710036003,"Block Group 3, Census Tract 36, Orleans Parish, Louisiana",270,60,208,59,62,36
1500000US220710037011,220710037011,"Block Group 1, Census Tract 37.01, Orleans Parish, Louisiana",886,81,782,91,104,63
1500000US220710037012,220710037012,"Block Group 2, Census Tract 37.01, Orleans Parish, Louisiana",248,58,248,58,0,12
1500000US220710037021,220710037021,"Block Group 1, Census Tract 37.02, Orleans Parish, Louisiana",435,103,320,98,115,66
1500000US220710037022,220710037022,"Block Group 2, Census Tract 37.02, Orleans Parish, Louisiana",380,104,293,89,87,74
1500000US220710037023,220710037023,"Block Group 3, Census Tract 37.02, Orleans Parish, Louisiana",222,68,179,68,43,40
1500000US220710037024,220710037024,"Block Group 4, Census Tract 37.02, Orleans Parish, Louisiana",309,85,255,77,54,50
1500000US220710037025,220710037025,"Block Group 5, Census Tract 37.02, Orleans Parish, Louisiana",293,79,228,79,65,57
1500000US220710037026,220710037026,"Block Group 6, Census Tract 37.02, Orleans Parish, Louisiana",491,108,380,101,111,69
1500000US220710038001,220710038001,"Block Group 1, Census Tract 38, Orleans Parish, Louisiana",735,118,437,101,298,100
1500000US220710038002,220710038002,"Block Group 2, Census Tract 38, Orleans Parish, Louisiana",935,121,420,104,515,143
1500000US220710039001,220710039001,"Block Group 1, Census Tract 39, Orleans Parish, Louisiana",464,59,303,54,161,52
1500000US220710039002,220710039002,"Block Group 2, Census Tract 39, Orleans Parish, Louisiana",492,63,362,71,130,53
1500000US220710040001,220710040001,"Block Group 1, Census Tract 40, Orleans Parish, Louisiana",579,92,393,108,186,84
1500000US220710040002,220710040002,"Block Group 2, Census Tract 40, Orleans Parish, Louisiana",665,92,528,104,137,59
1500000US220710041001,220710041001,"Block Group 1, Census Tract 41, Orleans Parish, Louisiana",545,63,437,77,108,44
1500000US220710041002,220710041002,"Block Group 2, Census Tract 41, Orleans Parish, Louisiana",372,62,352,58,20,27
1500000US220710044011,220710044011,"Block Group 1, Census Tract 44.01, Orleans Parish, Louisiana",315,70,179,62,136,59
1500000US220710044012,220710044012,"Block Group 2, Census Tract 44.01, Orleans Parish, Louisiana",271,65,153,58,118,45
1500000US220710044013,220710044013,"Block Group 3, Census Tract 44.01, Orleans Parish, Louisiana",351,76,227,62,124,53
1500000US220710044021,220710044021,"Block Group 1, Census Tract 44.02, Orleans Parish, Louisiana",37,62,37,62,0,12
1500000US220710044022,220710044022,"Block Group 2, Census Tract 44.02, Orleans Parish, Louisiana",0,12,0,12,0,12
1500000US220710045001,220710045001,"Block Group 1, Census Tract 45, Orleans Parish, Louisiana",307,65,225,68,82,49
1500000US220710045002,220710045002,"Block Group 2, Census Tract 45, Orleans Parish, Louisiana",533,78,338,75,195,68
1500000US220710045003,220710045003,"Block Group 3, Census Tract 45, Orleans Parish, Louisiana",586,80,479,95,107,59
1500000US220710046001,220710046001,"Block Group 1, Census Tract 46, Orleans Parish, Louisiana",291,69,269,68,22,35
1500000US220710046002,220710046002,"Block Group 2, Census Tract 46, Orleans Parish, Louisiana",892,98,804,94,88,63
1500000US220710046003,220710046003,"Block Group 3, Census Tract 46, Orleans Parish, Louisiana",491,93,428,89,63,57
1500000US220710048001,220710048001,"Block Group 1, Census Tract 48, Orleans Parish, Louisiana",702,88,376,94,326,80
1500000US220710049001,220710049001,"Block Group 1, Census Tract 49, Orleans Parish, Louisiana",384,72,296,77,88,42
1500000US220710049002,220710049002,"Block Group 2, Census Tract 49, Orleans Parish, Louisiana",441,81,234,64,207,75
1500000US220710049003,220710049003,"Block Group 3, Census Tract 49, Orleans Parish, Louisiana",56,52,12,19,44,49
1500000US220710049004,220710049004,"Block Group 4, Census Tract 49, Orleans Parish, Louisiana",152,47,119,43,33,30
1500000US220710050001,220710050001,"Block Group 1, Census Tract 50, Orleans Parish, Louisiana",358,55,302,57,56,31
1500000US220710050002,220710050002,"Block Group 2, Census Tract 50, Orleans Parish, Louisiana",361,59,303,59,58,36
1500000US220710054001,220710054001,"Block Group 1, Census Tract 54, Orleans Parish, Louisiana",355,90,329,89,26,41
1500000US220710054002,220710054002,"Block Group 2, Census Tract 54, Orleans Parish, Louisiana",492,115,324,99,168,83
1500000US220710054003,220710054003,"Block Group 3, Census Tract 54, Orleans Parish, Louisiana",441,88,350,83,91,64
1500000US220710055001,220710055001,"Block Group 1, Census Tract 55, Orleans Parish, Louisiana",473,74,437,74,36,33
1500000US220710055002,220710055002,"Block Group 2, Census Tract 55, Orleans Parish, Louisiana",514,86,401,74,113,67
1500000US220710055003,220710055003,"Block Group 3, Census Tract 55, Orleans Parish, Louisiana",396,78,370,74,26,41
1500000US220710056011,220710056011,"Block Group 1, Census Tract 56.01, Orleans Parish, Louisiana",313,63,257,62,56,39
1500000US220710056012,220710056012,"Block Group 2, Census Tract 56.01, Orleans Parish, Louisiana",280,55,252,55,28,26
1500000US220710056013,220710056013,"Block Group 3, Census Tract 56.01, Orleans Parish, Louisiana",224,37,176,33,48,30
1500000US220710056014,220710056014,"Block Group 4, Census Tract 56.01, Orleans Parish, Louisiana",238,44,191,37,47,31
1500000US220710056021,220710056021,"Block Group 1, Census Tract 56.02, Orleans Parish, Louisiana",186,56,156,39,30,46
1500000US220710056022,220710056022,"Block Group 2, Census Tract 56.02, Orleans Parish, Louisiana",367,64,327,51,40,48
1500000US220710056023,220710056023,"Block Group 3, Census Tract 56.02, Orleans Parish, Louisiana",295,56,295,56,0,12
1500000US220710056024,220710056024,"Block Group 4, Census Tract 56.02, Orleans Parish, Louisiana",191,56,173,55,18,27
1500000US220710056031,220710056031,"Block Group 1, Census Tract 56.03, Orleans Parish, Louisiana",270,60,215,44,55,49
1500000US220710056032,220710056032,"Block Group 2, Census Tract 56.03, Orleans Parish, Louisiana",270,52,228,48,42,41
1500000US220710056033,220710056033,"Block Group 3, Census Tract 56.03, Orleans Parish, Louisiana",180,43,168,44,12,20
1500000US220710056041,220710056041,"Block Group 1, Census Tract 56.04, Orleans Parish, Louisiana",195,57,195,57,0,12
1500000US220710056042,220710056042,"Block Group 2, Census Tract 56.04, Orleans Parish, Louisiana",268,56,229,44,39,49
1500000US220710056043,220710056043,"Block Group 3, Census Tract 56.04, Orleans Parish, Louisiana",211,41,174,39,37,40
1500000US220710060001,220710060001,"Block Group 1, Census Tract 60, Orleans Parish, Louisiana",678,52,584,66,94,44
1500000US220710063001,220710063001,"Block Group 1, Census Tract 63, Orleans Parish, Louisiana",430,70,363,68,67,46
1500000US220710063002,220710063002,"Block Group 2, Census Tract 63, Orleans Parish, Louisiana",144,50,77,40,67,37
1500000US220710063003,220710063003,"Block Group 3, Census Tract 63, Orleans Parish, Louisiana",341,66,229,61,112,57
1500000US220710064001,220710064001,"Block Group 1, Census Tract 64, Orleans Parish, Louisiana",368,62,253,60,115,52
1500000US220710064002,220710064002,"Block Group 2, Census Tract 64, Orleans Parish, Louisiana",427,82,331,78,96,54
1500000US220710064003,220710064003,"Block Group 3, Census Tract 64, Orleans Parish, Louisiana",259,65,202,63,57,47
1500000US220710064004,220710064004,"Block Group 4, Census Tract 64, Orleans Parish, Louisiana",403,76,242,60,161,71
1500000US220710065001,220710065001,"Block Group 1, Census Tract 65, Orleans Parish, Louisiana",461,74,418,75,43,39
1500000US220710065002,220710065002,"Block Group 2, Census Tract 65, Orleans Parish, Louisiana",428,70,375,68,53,40
1500000US220710065003,220710065003,"Block Group 3, Census Tract 65, Orleans Parish, Louisiana",530,87,391,76,139,65
1500000US220710069001,220710069001,"Block Group 1, Census Tract 69, Orleans Parish, Louisiana",132,37,103,37,29,24
1500000US220710069002,220710069002,"Block Group 2, Census Tract 69, Orleans Parish, Louisiana",36,32,19,17,17,28
1500000US220710069003,220710069003,"Block Group 3, Census Tract 69, Orleans Parish, Louisiana",260,43,153,40,107,38
1500000US220710070001,220710070001,"Block Group 1, Census Tract 70, Orleans Parish, Louisiana",90,45,70,44,20,21
1500000US220710070002,220710070002,"Block Group 2, Census Tract 70, Orleans Parish, Louisiana",194,51,136,38,58,34
1500000US220710071011,220710071011,"Block Group 1, Census Tract 71.01, Orleans Parish, Louisiana",402,66,329,63,73,32
1500000US220710071012,220710071012,"Block Group 2, Census Tract 71.01, Orleans Parish, Louisiana",1005,69,790,88,215,78
1500000US220710072001,220710072001,"Block Group 1, Census Tract 72, Orleans Parish, Louisiana",710,82,630,88,80,41
1500000US220710072002,220710072002,"Block Group 2, Census Tract 72, Orleans Parish, Louisiana",348,77,278,81,70,41
1500000US220710072003,220710072003,"Block Group 3, Census Tract 72, Orleans Parish, Louisiana",189,65,119,48,70,50
1500000US220710075011,220710075011,"Block Group 1, Census Tract 75.01, Orleans Parish, Louisiana",219,70,206,70,13,21
1500000US220710075012,220710075012,"Block Group 2, Census Tract 75.01, Orleans Parish, Louisiana",316,72,220,64,96,58
1500000US220710075013,220710075013,"Block Group 3, Census Tract 75.01, Orleans Parish, Louisiana",314,68,217,69,97,65
1500000US220710075014,220710075014,"Block Group 4, Census Tract 75.01, Orleans Parish, Louisiana",217,64,188,66,29,34
1500000US220710075015,220710075015,"Block Group 5, Census Tract 75.01, Orleans Parish, Louisiana",213,70,139,66,74,43
1500000US220710075021,220710075021,"Block Group 1, Census Tract 75.02, Orleans Parish, Louisiana",161,69,116,61,45,36
1500000US220710075022,220710075022,"Block Group 2, Census Tract 75.02, Orleans Parish, Louisiana",268,79,131,65,137,78
1500000US220710075023,220710075023,"Block Group 3, Census Tract 75.02, Orleans Parish, Louisiana",326,60,311,64,15,25
1500000US220710075024,220710075024,"Block Group 4, Census Tract 75.02, Orleans Parish, Louisiana",329,84,162,70,167,75
1500000US220710075025,220710075025,"Block Group 5, Census Tract 75.02, Orleans Parish, Louisiana",442,87,287,84,155,73
1500000US220710076041,220710076041,"Block Group 1, Census Tract 76.04, Orleans Parish, Louisiana",426,60,369,63,57,39
1500000US220710076042,220710076042,"Block Group 2, Census Tract 76.04, Orleans Parish, Louisiana",301,47,286,40,15,25
1500000US220710076051,220710076051,"Block Group 1, Census Tract 76.05, Orleans Parish, Louisiana",338,53,275,52,63,35
1500000US220710076052,220710076052,"Block Group 2, Census Tract 76.05, Orleans Parish, Louisiana",422,52,334,48,88,40
1500000US220710076061,220710076061,"Block Group 1, Census Tract 76.06, Orleans Parish, Louisiana",1034,111,761,102,273,91
1500000US220710076062,220710076062,"Block Group 2, Census Tract 76.06, Orleans Parish, Louisiana",462,84,432,83,30,35
1500000US220710076063,220710076063,"Block Group 3, Census Tract 76.06, Orleans Parish, Louisiana",689,84,636,93,53,48
1500000US220710077001,220710077001,"Block Group 1, Census Tract 77, Orleans Parish, Louisiana",1327,129,877,121,450,119
1500000US220710077002,220710077002,"Block Group 2, Census Tract 77, Orleans Parish, Louisiana",1059,133,751,119,308,106
1500000US220710078001,220710078001,"Block Group 1, Census Tract 78, Orleans Parish, Louisiana",786,51,671,73,115,55
1500000US220710082001,220710082001,"Block Group 1, Census Tract 82, Orleans Parish, Louisiana",642,92,454,94,188,76
1500000US220710082002,220710082002,"Block Group 2, Census Tract 82, Orleans Parish, Louisiana",576,105,482,105,94,63
1500000US220710083001,220710083001,"Block Group 1, Census Tract 83, Orleans Parish, Louisiana",436,65,321,52,115,57
1500000US220710083002,220710083002,"Block Group 2, Census Tract 83, Orleans Parish, Louisiana",278,62,232,55,46,49
1500000US220710084001,220710084001,"Block Group 1, Census Tract 84, Orleans Parish, Louisiana",414,76,336,72,78,42
1500000US220710084002,220710084002,"Block Group 2, Census Tract 84, Orleans Parish, Louisiana",510,69,358,67,152,54
1500000US220710085001,220710085001,"Block Group 1, Census Tract 85, Orleans Parish, Louisiana",476,95,330,97,146,75
1500000US220710085002,220710085002,"Block Group 2, Census Tract 85, Orleans Parish, Louisiana",331,89,245,84,86,52
1500000US220710086001,220710086001,"Block Group 1, Census Tract 86, Orleans Parish, Louisiana",340,66,216,49,124,49
1500000US220710086002,220710086002,"Block Group 2, Census Tract 86, Orleans Parish, Louisiana",251,51,199,47,52,36
1500000US220710088001,220710088001,"Block Group 1, Census Tract 88, Orleans Parish, Louisiana",460,92,411,85,49,52
1500000US220710088002,220710088002,"Block Group 2, Census Tract 88, Orleans Parish, Louisiana",497,88,456,82,41,34
1500000US220710090001,220710090001,"Block Group 1, Census Tract 90, Orleans Parish, Louisiana",386,105,305,75,81,95
1500000US220710090002,220710090002,"Block Group 2, Census Tract 90, Orleans Parish, Louisiana",360,87,286,78,74,68
1500000US220710090003,220710090003,"Block Group 3, Census Tract 90, Orleans Parish, Louisiana",538,93,428,92,110,87
1500000US220710091001,220710091001,"Block Group 1, Census Tract 91, Orleans Parish, Louisiana",439,108,342,105,97,73
1500000US220710091002,220710091002,"Block Group 2, Census Tract 91, Orleans Parish, Louisiana",337,90,186,68,151,84
1500000US220710091003,220710091003,"Block Group 3, Census Tract 91, Orleans Parish, Louisiana",254,96,181,84,73,53
1500000US220710091004,220710091004,"Block Group 4, Census Tract 91, Orleans Parish, Louisiana",488,99,409,98,79,58
1500000US220710092001,220710092001,"Block Group 1, Census Tract 92, Orleans Parish, Louisiana",189,69,150,69,39,38
1500000US220710092002,220710092002,"Block Group 2, Census Tract 92, Orleans Parish, Louisiana",291,66,216,56,75,44
1500000US220710092003,220710092003,"Block Group 3, Census Tract 92, Orleans Parish, Louisiana",300,70,243,62,57,47
1500000US220710094001,220710094001,"Block Group 1, Census Tract 94, Orleans Parish, Louisiana",260,59,164,57,96,43
1500000US220710094002,220710094002,"Block Group 2, Census Tract 94, Orleans Parish, Louisiana",132,46,74,39,58,34
1500000US220710094003,220710094003,"Block Group 3, Census Tract 94, Orleans Parish, Louisiana",160,53,114,48,46,28
1500000US220710094004,220710094004,"Block Group 4, Census Tract 94, Orleans Parish, Louisiana",219,55,150,44,69,39
1500000US220710096001,220710096001,"Block Group 1, Census Tract 96, Orleans Parish, Louisiana",292,61,262,59,30,34
1500000US220710096002,220710096002,"Block Group 2, Census Tract 96, Orleans Parish, Louisiana",315,60,246,59,69,46
1500000US220710096003,220710096003,"Block Group 3, Census Tract 96, Orleans Parish, Louisiana",240,54,228,53,12,21
1500000US220710097001,220710097001,"Block Group 1, Census Tract 97, Orleans Parish, Louisiana",415,57,368,61,47,44
1500000US220710097002,220710097002,"Block Group 2, Census Tract 97, Orleans Parish, Louisiana",381,67,353,66,28,37
1500000US220710099001,220710099001,"Block Group 1, Census Tract 99, Orleans Parish, Louisiana",597,92,520,87,77,70
1500000US220710099002,220710099002,"Block Group 2, Census Tract 99, Orleans Parish, Louisiana",524,87,443,77,81,69
1500000US220710099003,220710099003,"Block Group 3, Census Tract 99, Orleans Parish, Louisiana",597,98,475,98,122,81
1500000US220710100001,220710100001,"Block Group 1, Census Tract 100, Orleans Parish, Louisiana",216,60,142,60,74,44
1500000US220710100002,220710100002,"Block Group 2, Census Tract 100, Orleans Parish, Louisiana",232,51,193,54,39,32
1500000US220710100003,220710100003,"Block Group 3, Census Tract 100, Orleans Parish, Louisiana",399,70,308,69,91,46
1500000US220710100004,220710100004,"Block Group 4, Census Tract 100, Orleans Parish, Louisiana",191,56,121,38,70,49
1500000US220710101001,220710101001,"Block Group 1, Census Tract 101, Orleans Parish, Louisiana",415,84,318,83,97,67
1500000US220710101002,220710101002,"Block Group 2, Census Tract 101, Orleans Parish, Louisiana",855,93,607,87,248,103
1500000US220710102001,220710102001,"Block Group 1, Census Tract 102, Orleans Parish, Louisiana",174,66,151,63,23,27
1500000US220710102002,220710102002,"Block Group 2, Census Tract 102, Orleans Parish, Louisiana",200,69,102,52,98,58
1500000US220710102003,220710102003,"Block Group 3, Census Tract 102, Orleans Parish, Louisiana",201,58,128,55,73,51
1500000US220710102004,220710102004,"Block Group 4, Census Tract 102, Orleans Parish, Louisiana",155,48,155,48,0,12
1500000US220710102005,220710102005,"Block Group 5, Census Tract 102, Orleans Parish, Louisiana",262,65,200,53,62,55
1500000US220710103001,220710103001,"Block Group 1, Census Tract 103, Orleans Parish, Louisiana",333,87,259,87,74,44
1500000US220710103002,220710103002,"Block Group 2, Census Tract 103, Orleans Parish, Louisiana",416,93,329,88,87,57
1500000US220710103003,220710103003,"Block Group 3, Census Tract 103, Orleans Parish, Louisiana",322,64,263,57,59,37
1500000US220710103004,220710103004,"Block Group 4, Census Tract 103, Orleans Parish, Louisiana",239,78,182,82,57,38
1500000US220710106001,220710106001,"Block Group 1, Census Tract 106, Orleans Parish, Louisiana",347,60,316,60,31,29
1500000US220710106002,220710106002,"Block Group 2, Census Tract 106, Orleans Parish, Louisiana",458,62,366,75,92,58
1500000US220710107001,220710107001,"Block Group 1, Census Tract 107, Orleans Parish, Louisiana",335,63,280,61,55,42
1500000US220710107002,220710107002,"Block Group 2, Census Tract 107, Orleans Parish, Louisiana",718,76,593,85,125,76
1500000US220710108001,220710108001,"Block Group 1, Census Tract 108, Orleans Parish, Louisiana",191,45,173,42,18,23
1500000US220710108002,220710108002,"Block Group 2, Census Tract 108, Orleans Parish, Louisiana",568,56,492,62,76,45
1500000US220710109001,220710109001,"Block Group 1, Census Tract 109, Orleans Parish, Louisiana",301,89,269,76,32,50
1500000US220710109002,220710109002,"Block Group 2, Census Tract 109, Orleans Parish, Louisiana",533,91,504,92,29,34
1500000US220710109003,220710109003,"Block Group 3, Census Tract 109, Orleans Parish, Louisiana",438,92,381,90,57,49
1500000US220710109004,220710109004,"Block Group 4, Census Tract 109, Orleans Parish, Louisiana",307,84,272,84,35,58
1500000US220710111001,220710111001,"Block Group 1, Census Tract 111, Orleans Parish, Louisiana",270,67,192,59,78,52
1500000US220710111002,220710111002,"Block Group 2, Census Tract 111, Orleans Parish, Louisiana",328,70,291,68,37,36
1500000US220710111003,220710111003,"Block Group 3, Census Tract 111, Orleans Parish, Louisiana",266,63,154,50,112,63
1500000US220710112001,220710112001,"Block Group 1, Census Tract 112, Orleans Parish, Louisiana",300,63,288,62,12,19
1500000US220710112002,220710112002,"Block Group 2, Census Tract 112, Orleans Parish, Louisiana",343,47,309,45,34,29
1500000US220710114001,220710114001,"Block Group 1, Census Tract 114, Orleans Parish, Louisiana",533,93,445,86,88,76
1500000US220710114002,220710114002,"Block Group 2, Census Tract 114, Orleans Parish, Louisiana",555,83,555,83,0,12
1500000US220710115001,220710115001,"Block Group 1, Census Tract 115, Orleans Parish, Louisiana",381,66,286,52,95,57
1500000US220710115002,220710115002,"Block Group 2, Census Tract 115, Orleans Parish, Louisiana",446,70,350,73,96,57
1500000US220710116001,220710116001,"Block Group 1, Census Tract 116, Orleans Parish, Louisiana",398,47,354,54,44,39
1500000US220710116002,220710116002,"Block Group 2, Census Tract 116, Orleans Parish, Louisiana",328,44,304,40,24,29
1500000US220710117001,220710117001,"Block Group 1, Census Tract 117, Orleans Parish, Louisiana",233,72,210,64,23,36
1500000US220710117002,220710117002,"Block Group 2, Census Tract 117, Orleans Parish, Louisiana",282,57,240,58,42,37
1500000US220710117003,220710117003,"Block Group 3, Census Tract 117, Orleans Parish, Louisiana",362,71,315,75,47,45
1500000US220710117004,220710117004,"Block Group 4, Census Tract 117, Orleans Parish, Louisiana",367,68,330,60,37,43
1500000US220710119001,220710119001,"Block Group 1, Census Tract 119, Orleans Parish, Louisiana",262,64,226,61,36,38
1500000US220710119002,220710119002,"Block Group 2, Census Tract 119, Orleans Parish, Louisiana",277,48,247,49,30,34
1500000US220710119003,220710119003,"Block Group 3, Census Tract 119, Orleans Parish, Louisiana",242,55,225,53,17,27
1500000US220710120001,220710120001,"Block Group 1, Census Tract 120, Orleans Parish, Louisiana",584,41,504,55,80,50
1500000US220710120002,220710120002,"Block Group 2, Census Tract 120, Orleans Parish, Louisiana",188,38,176,36,12,19
1500000US220710121011,220710121011,"Block Group 1, Census Tract 121.01, Orleans Parish, Louisiana",426,61,406,62,20,30
1500000US220710121012,220710121012,"Block Group 2, Census Tract 121.01, Orleans Parish, Louisiana",461,59,429,60,32,34
1500000US220710121021,220710121021,"Block Group 1, Census Tract 121.02, Orleans Parish, Louisiana",242,46,203,41,39,34
1500000US220710121022,220710121022,"Block Group 2, Census Tract 121.02, Orleans Parish, Louisiana",16,9,16,9,0,12
1500000US220710121023,220710121023,"Block Group 3, Census Tract 121.02, Orleans Parish, Louisiana",247,48,219,47,28,25
1500000US220710122001,220710122001,"Block Group 1, Census Tract 122, Orleans Parish, Louisiana",536,69,495,70,41,33
1500000US220710122002,220710122002,"Block Group 2, Census Tract 122, Orleans Parish, Louisiana",456,75,426,73,30,47
1500000US220710123001,220710123001,"Block Group 1, Census Tract 123, Orleans Parish, Louisiana",278,72,229,62,49,40
1500000US220710123002,220710123002,"Block Group 2, Census Tract 123, Orleans Parish, Louisiana",424,78,336,74,88,52
1500000US220710123003,220710123003,"Block Group 3, Census Tract 123, Orleans Parish, Louisiana",359,70,344,71,15,23
1500000US220710124001,220710124001,"Block Group 1, Census Tract 124, Orleans Parish, Louisiana",390,70,267,76,123,61
1500000US220710124002,220710124002,"Block Group 2, Census Tract 124, Orleans Parish, Louisiana",510,70,405,62,105,61
1500000US220710125001,220710125001,"Block Group 1, Census Tract 125, Orleans Parish, Louisiana",416,62,278,57,138,62
1500000US220710125002,220710125002,"Block Group 2, Census Tract 125, Orleans Parish, Louisiana",600,71,528,71,72,46
1500000US220710126001,220710126001,"Block Group 1, Census Tract 126, Orleans Parish, Louisiana",336,49,294,49,42,36
1500000US220710126002,220710126002,"Block Group 2, Census Tract 126, Orleans Parish, Louisiana",388,61,317,64,71,58
1500000US220710126003,220710126003,"Block Group 3, Census Tract 126, Orleans Parish, Louisiana",295,60,270,59,25,23
1500000US220710127001,220710127001,"Block Group 1, Census Tract 127, Orleans Parish, Louisiana",446,94,343,77,103,77
1500000US220710127002,220710127002,"Block Group 2, Census Tract 127, Orleans Parish, Louisiana",297,87,209,60,88,73
1500000US220710127003,220710127003,"Block Group 3, Census Tract 127, Orleans Parish, Louisiana",255,75,220,67,35,50
1500000US220710127004,220710127004,"Block Group 4, Census Tract 127, Orleans Parish, Louisiana",247,49,235,47,12,17
1500000US220710128001,220710128001,"Block Group 1, Census Tract 128, Orleans Parish, Louisiana",312,73,253,71,59,41
1500000US220710128002,220710128002,"Block Group 2, Census Tract 128, Orleans Parish, Louisiana",364,58,340,58,24,26
1500000US220710128003,220710128003,"Block Group 3, Census Tract 128, Orleans Parish, Louisiana",498,73,378,61,120,61
1500000US220710129001,220710129001,"Block Group 1, Census Tract 129, Orleans Parish, Louisiana",534,66,470,68,64,58
1500000US220710129002,220710129002,"Block Group 2, Census Tract 129, Orleans Parish, Louisiana",375,64,283,59,92,55
1500000US220710130001,220710130001,"Block Group 1, Census Tract 130, Orleans Parish, Louisiana",334,80,293,78,41,45
1500000US220710130002,220710130002,"Block Group 2, Census Tract 130, Orleans Parish, Louisiana",317,73,239,67,78,52
1500000US220710130003,220710130003,"Block Group 3, Census Tract 130, Orleans Parish, Louisiana",230,68,214,64,16,25
1500000US220710131001,220710131001,"Block Group 1, Census Tract 131, Orleans Parish, Louisiana",206,52,115,44,91,44
1500000US220710131002,220710131002,"Block Group 2, Census Tract 131, Orleans Parish, Louisiana",225,52,146,44,79,40
1500000US220710131003,220710131003,"Block Group 3, Census Tract 131, Orleans Parish, Louisiana",168,53,157,49,11,18
1500000US220710131004,220710131004,"Block Group 4, Census Tract 131, Orleans Parish, Louisiana",262,59,143,56,119,57
1500000US220710132001,220710132001,"Block Group 1, Census Tract 132, Orleans Parish, Louisiana",229,64,208,66,21,34
1500000US220710132002,220710132002,"Block Group 2, Census Tract 132, Orleans Parish, Louisiana",487,116,313,101,174,86
1500000US220710132003,220710132003,"Block Group 3, Census Tract 132, Orleans Parish, Louisiana",317,90,294,85,23,36
1500000US220710132004,220710132004,"Block Group 4, Census Tract 132, Orleans Parish, Louisiana",275,68,245,63,30,37
1500000US220710133011,220710133011,"Block Group 1, Census Tract 133.01, Orleans Parish, Louisiana",353,68,315,60,38,48
1500000US220710133012,220710133012,"Block Group 2, Census Tract 133.01, Orleans Parish, Louisiana",599,88,504,74,95,84
1500000US220710133013,220710133013,"Block Group 3, Census Tract 133.01, Orleans Parish, Louisiana",214,56,180,41,34,47
1500000US220710133014,220710133014,"Block Group 4, Census Tract 133.01, Orleans Parish, Louisiana",523,87,412,86,111,87
1500000US220710133021,220710133021,"Block Group 1, Census Tract 133.02, Orleans Parish, Louisiana",683,63,523,71,160,76
1500000US220710133022,220710133022,"Block Group 2, Census Tract 133.02, Orleans Parish, Louisiana",416,55,358,52,58,38
1500000US220710134001,220710134001,"Block Group 1, Census Tract 134, Orleans Parish, Louisiana",568,105,239,70,329,111
1500000US220710134002,220710134002,"Block Group 2, Census Tract 134, Orleans Parish, Louisiana",535,84,395,64,140,70
1500000US220710134003,220710134003,"Block Group 3, Census Tract 134, Orleans Parish, Louisiana",1157,125,815,124,342,112
1500000US220710135001,220710135001,"Block Group 1, Census Tract 135, Orleans Parish, Louisiana",571,118,226,77,345,125
1500000US220710135002,220710135002,"Block Group 2, Census Tract 135, Orleans Parish, Louisiana",707,152,342,95,365,139
1500000US220710135003,220710135003,"Block Group 3, Census Tract 135, Orleans Parish, Louisiana",908,189,318,95,590,189
1500000US220710135004,220710135004,"Block Group 4, Census Tract 135, Orleans Parish, Louisiana",717,162,416,133,301,128
1500000US220710136001,220710136001,"Block Group 1, Census Tract 136, Orleans Parish, Louisiana",288,61,261,59,27,27
1500000US220710136002,220710136002,"Block Group 2, Census Tract 136, Orleans Parish, Louisiana",261,63,166,45,95,61
1500000US220710137001,220710137001,"Block Group 1, Census Tract 137, Orleans Parish, Louisiana",0,12,0,12,0,12
1500000US220710137002,220710137002,"Block Group 2, Census Tract 137, Orleans Parish, Louisiana",102,47,69,30,33,38
1500000US220710137003,220710137003,"Block Group 3, Census Tract 137, Orleans Parish, Louisiana",300,61,278,63,22,25
1500000US220710137004,220710137004,"Block Group 4, Census Tract 137, Orleans Parish, Louisiana",591,93,455,81,136,63
1500000US220710138001,220710138001,"Block Group 1, Census Tract 138, Orleans Parish, Louisiana",325,62,245,56,80,38
1500000US220710138002,220710138002,"Block Group 2, Census Tract 138, Orleans Parish, Louisiana",282,61,263,59,19,22
1500000US220710138003,220710138003,"Block Group 3, Census Tract 138, Orleans Parish, Louisiana",360,66,306,64,54,36
1500000US220710139001,220710139001,"Block Group 1, Census Tract 139, Orleans Parish, Louisiana",482,82,282,68,200,69
1500000US220710139002,220710139002,"Block Group 2, Census Tract 139, Orleans Parish, Louisiana",762,96,590,92,172,79
1500000US220710140001,220710140001,"Block Group 1, Census Tract 140, Orleans Parish, Louisiana",98,40,93,39,5,11
1500000US220710140002,220710140002,"Block Group 2, Census Tract 140, Orleans Parish, Louisiana",557,85,422,74,135,75
1500000US220710140003,220710140003,"Block Group 3, Census Tract 140, Orleans Parish, Louisiana",351,69,302,66,49,34
1500000US220710140004,220710140004,"Block Group 4, Census Tract 140, Orleans Parish, Louisiana",60,41,50,38,10,17
1500000US220710141001,220710141001,"Block Group 1, Census Tract 141, Orleans Parish, Louisiana",492,86,492,86,0,12
1500000US220710141002,220710141002,"Block Group 2, Census Tract 141, Orleans Parish, Louisiana",211,77,142,69,69,59
1500000US220710141003,220710141003,"Block Group 3, Census Tract 141, Orleans Parish, Louisiana",434,97,422,95,12,20
1500000US220710142001,220710142001,"Block Group 1, Census Tract 142, Orleans Parish, Louisiana",277,70,204,61,73,49
1500000US220710142002,220710142002,"Block Group 2, Census Tract 142, Orleans Parish, Louisiana",583,90,530,96,53,56
1500000US220710142003,220710142003,"Block Group 3, Census Tract 142, Orleans Parish, Louisiana",203,73,203,73,0,12
1500000US220710143001,220710143001,"Block Group 1, Census Tract 143, Orleans Parish, Louisiana",241,58,224,58,17,19
1500000US220710143002,220710143002,"Block Group 2, Census Tract 143, Orleans Parish, Louisiana",76,32,76,32,0,12
1500000US220710143003,220710143003,"Block Group 3, Census Tract 143, Orleans Parish, Louisiana",563,74,410,74,153,57
1500000US220710144001,220710144001,"Block Group 1, Census Tract 144, Orleans Parish, Louisiana",196,49,142,47,54,37
1500000US220710144002,220710144002,"Block Group 2, Census Tract 144, Orleans Parish, Louisiana",425,67,335,74,90,56
1500000US220710144003,220710144003,"Block Group 3, Census Tract 144, Orleans Parish, Louisiana",401,79,330,76,71,48
1500000US220710145001,220710145001,"Block Group 1, Census Tract 145, Orleans Parish, Louisiana",0,12,0,12,0,12
1500000US220719800001,220719800001,"Block Group 1, Census Tract 9800, Orleans Parish, Louisiana",0,12,0,12,0,12
1500000US220719801001,220719801001,"Block Group 1, Census Tract 9801, Orleans Parish, Louisiana",9,12,0,12,9,12
1500000US220719900000,220719900000,"Block Group 0, Census Tract 9900, Orleans Parish, Louisiana",0,12,0,12,0,12
