GEO.id,GEO.id2,GEO.display-label,HD01_VD01,HD02_VD01,HD01_VD02,HD02_VD02,HD01_VD03,HD02_VD03
Id,Id2,Geography,Estimate; Total:,Margin of Error; Total:,Estimate; Total: - With other types of income,Margin of Error; Total: - With other types of income,Estimate; Total: - No other types of income,Margin of Error; Total: - No other types of income
1500000US220710001001,220710001001,"Block Group 1, Census Tract 1, Orleans Parish, Louisiana",435,92,22,27,413,89
1500000US220710001002,220710001002,"Block Group 2, Census Tract 1, Orleans Parish, Louisiana",571,123,31,31,540,124
1500000US220710001003,220710001003,"Block Group 3, Census Tract 1, Orleans Parish, Louisiana",322,79,20,19,302,81
1500000US220710002001,220710002001,"Block Group 1, Census Tract 2, Orleans Parish, Louisiana",236,61,7,12,229,59
1500000US220710002002,220710002002,"Block Group 2, Census Tract 2, Orleans Parish, Louisiana",310,61,0,12,310,61
1500000US220710003001,220710003001,"Block Group 1, Census Tract 3, Orleans Parish, Louisiana",256,60,17,14,239,62
1500000US220710003002,220710003002,"Block Group 2, Census Tract 3, Orleans Parish, Louisiana",237,54,13,21,224,50
1500000US220710004001,220710004001,"Block Group 1, Census Tract 4, Orleans Parish, Louisiana",483,73,112,66,371,72
1500000US220710004002,220710004002,"Block Group 2, Census Tract 4, Orleans Parish, Louisiana",421,83,66,41,355,88
1500000US220710006011,220710006011,"Block Group 1, Census Tract 6.01, Orleans Parish, Louisiana",146,40,11,15,135,39
1500000US220710006012,220710006012,"Block Group 2, Census Tract 6.01, Orleans Parish, Louisiana",168,68,43,30,125,72
1500000US220710006021,220710006021,"Block Group 1, Census Tract 6.02, Orleans Parish, Louisiana",337,63,24,20,313,66
1500000US220710006022,220710006022,"Block Group 2, Census Tract 6.02, Orleans Parish, Louisiana",239,60,55,41,184,57
1500000US220710006023,220710006023,"Block Group 3, Census Tract 6.02, Orleans Parish, Louisiana",382,76,20,18,362,77
1500000US220710006031,220710006031,"Block Group 1, Census Tract 6.03, Orleans Parish, Louisiana",197,57,5,9,192,58
1500000US220710006032,220710006032,"Block Group 2, Census Tract 6.03, Orleans Parish, Louisiana",257,56,33,29,224,61
1500000US220710006041,220710006041,"Block Group 1, Census Tract 6.04, Orleans Parish, Louisiana",453,107,114,68,339,97
1500000US220710006042,220710006042,"Block Group 2, Census Tract 6.04, Orleans Parish, Louisiana",738,146,31,25,707,147
1500000US220710006043,220710006043,"Block Group 3, Census Tract 6.04, Orleans Parish, Louisiana",324,103,22,25,302,102
1500000US220710006051,220710006051,"Block Group 1, Census Tract 6.05, Orleans Parish, Louisiana",378,64,20,20,358,62
1500000US220710006052,220710006052,"Block Group 2, Census Tract 6.05, Orleans Parish, Louisiana",174,49,18,18,156,46
1500000US220710006053,220710006053,"Block Group 3, Census Tract 6.05, Orleans Parish, Louisiana",230,48,37,31,193,46
1500000US220710006061,220710006061,"Block Group 1, Census Tract 6.06, Orleans Parish, Louisiana",538,99,46,50,492,92
1500000US220710006062,220710006062,"Block Group 2, Census Tract 6.06, Orleans Parish, Louisiana",567,109,19,22,548,110
1500000US220710006063,220710006063,"Block Group 3, Census Tract 6.06, Orleans Parish, Louisiana",531,108,51,38,480,106
1500000US220710006071,220710006071,"Block Group 1, Census Tract 6.07, Orleans Parish, Louisiana",307,99,36,34,271,98
1500000US220710006072,220710006072,"Block Group 2, Census Tract 6.07, Orleans Parish, Louisiana",536,93,98,66,438,103
1500000US220710006073,220710006073,"Block Group 3, Census Tract 6.07, Orleans Parish, Louisiana",706,100,108,63,598,110
1500000US220710006111,220710006111,"Block Group 1, Census Tract 6.11, Orleans Parish, Louisiana",536,93,41,36,495,98
1500000US220710006112,220710006112,"Block Group 2, Census Tract 6.11, Orleans Parish, Louisiana",974,106,89,73,885,112
1500000US220710006121,220710006121,"Block Group 1, Census Tract 6.12, Orleans Parish, Louisiana",538,68,54,35,484,71
1500000US220710006131,220710006131,"Block Group 1, Census Tract 6.13, Orleans Parish, Louisiana",289,86,48,43,241,85
1500000US220710006132,220710006132,"Block Group 2, Census Tract 6.13, Orleans Parish, Louisiana",520,132,98,57,422,118
1500000US220710006133,220710006133,"Block Group 3, Census Tract 6.13, Orleans Parish, Louisiana",1243,130,176,89,1067,149
1500000US220710006151,220710006151,"Block Group 1, Census Tract 6.15, Orleans Parish, Louisiana",621,132,105,85,516,125
1500000US220710006152,220710006152,"Block Group 2, Census Tract 6.15, Orleans Parish, Louisiana",1065,173,123,85,942,172
1500000US220710006161,220710006161,"Block Group 1, Census Tract 6.16, Orleans Parish, Louisiana",348,101,38,36,310,108
1500000US220710006162,220710006162,"Block Group 2, Census Tract 6.16, Orleans Parish, Louisiana",491,150,65,62,426,150
1500000US220710006163,220710006163,"Block Group 3, Census Tract 6.16, Orleans Parish, Louisiana",636,126,79,46,557,122
1500000US220710006171,220710006171,"Block Group 1, Census Tract 6.17, Orleans Parish, Louisiana",750,202,116,116,634,194
1500000US220710006172,220710006172,"Block Group 2, Census Tract 6.17, Orleans Parish, Louisiana",1180,202,47,42,1133,208
1500000US220710006181,220710006181,"Block Group 1, Census Tract 6.18, Orleans Parish, Louisiana",543,78,43,36,500,83
1500000US220710006182,220710006182,"Block Group 2, Census Tract 6.18, Orleans Parish, Louisiana",750,98,47,40,703,101
1500000US220710007011,220710007011,"Block Group 1, Census Tract 7.01, Orleans Parish, Louisiana",28,23,0,12,28,23
1500000US220710007012,220710007012,"Block Group 2, Census Tract 7.01, Orleans Parish, Louisiana",45,21,3,4,42,20
1500000US220710007013,220710007013,"Block Group 3, Census Tract 7.01, Orleans Parish, Louisiana",74,27,2,4,72,26
1500000US220710007014,220710007014,"Block Group 4, Census Tract 7.01, Orleans Parish, Louisiana",75,27,11,13,64,23
1500000US220710007021,220710007021,"Block Group 1, Census Tract 7.02, Orleans Parish, Louisiana",131,54,9,15,122,56
1500000US220710007022,220710007022,"Block Group 2, Census Tract 7.02, Orleans Parish, Louisiana",252,68,2,5,250,67
1500000US220710007023,220710007023,"Block Group 3, Census Tract 7.02, Orleans Parish, Louisiana",52,29,5,10,47,29
1500000US220710007024,220710007024,"Block Group 4, Census Tract 7.02, Orleans Parish, Louisiana",176,77,0,12,176,77
1500000US220710008001,220710008001,"Block Group 1, Census Tract 8, Orleans Parish, Louisiana",149,47,0,12,149,47
1500000US220710008002,220710008002,"Block Group 2, Census Tract 8, Orleans Parish, Louisiana",165,53,0,12,165,53
1500000US220710008003,220710008003,"Block Group 3, Census Tract 8, Orleans Parish, Louisiana",179,53,20,19,159,53
1500000US220710009011,220710009011,"Block Group 1, Census Tract 9.01, Orleans Parish, Louisiana",59,28,0,12,59,28
1500000US220710009012,220710009012,"Block Group 2, Census Tract 9.01, Orleans Parish, Louisiana",81,49,0,12,81,49
1500000US220710009013,220710009013,"Block Group 3, Census Tract 9.01, Orleans Parish, Louisiana",38,27,0,12,38,27
1500000US220710009014,220710009014,"Block Group 4, Census Tract 9.01, Orleans Parish, Louisiana",124,49,0,12,124,49
1500000US220710009021,220710009021,"Block Group 1, Census Tract 9.02, Orleans Parish, Louisiana",14,10,0,12,14,10
1500000US220710009022,220710009022,"Block Group 2, Census Tract 9.02, Orleans Parish, Louisiana",35,30,0,12,35,30
1500000US220710009023,220710009023,"Block Group 3, Census Tract 9.02, Orleans Parish, Louisiana",67,40,3,6,64,42
1500000US220710009024,220710009024,"Block Group 4, Census Tract 9.02, Orleans Parish, Louisiana",29,19,7,10,22,21
1500000US220710009031,220710009031,"Block Group 1, Census Tract 9.03, Orleans Parish, Louisiana",55,31,4,6,51,30
1500000US220710009032,220710009032,"Block Group 2, Census Tract 9.03, Orleans Parish, Louisiana",88,31,15,22,73,33
1500000US220710009033,220710009033,"Block Group 3, Census Tract 9.03, Orleans Parish, Louisiana",22,19,0,12,22,19
1500000US220710009034,220710009034,"Block Group 4, Census Tract 9.03, Orleans Parish, Louisiana",41,24,0,12,41,24
1500000US220710009041,220710009041,"Block Group 1, Census Tract 9.04, Orleans Parish, Louisiana",193,51,4,7,189,52
1500000US220710009042,220710009042,"Block Group 2, Census Tract 9.04, Orleans Parish, Louisiana",161,51,10,11,151,50
1500000US220710011001,220710011001,"Block Group 1, Census Tract 11, Orleans Parish, Louisiana",274,72,0,12,274,72
1500000US220710011002,220710011002,"Block Group 2, Census Tract 11, Orleans Parish, Louisiana",639,83,33,25,606,83
1500000US220710011003,220710011003,"Block Group 3, Census Tract 11, Orleans Parish, Louisiana",0,12,0,12,0,12
1500000US220710012001,220710012001,"Block Group 1, Census Tract 12, Orleans Parish, Louisiana",322,65,37,29,285,63
1500000US220710012002,220710012002,"Block Group 2, Census Tract 12, Orleans Parish, Louisiana",223,49,31,20,192,49
1500000US220710012003,220710012003,"Block Group 3, Census Tract 12, Orleans Parish, Louisiana",342,69,13,15,329,70
1500000US220710013011,220710013011,"Block Group 1, Census Tract 13.01, Orleans Parish, Louisiana",307,58,8,9,299,59
1500000US220710013012,220710013012,"Block Group 2, Census Tract 13.01, Orleans Parish, Louisiana",165,44,5,8,160,44
1500000US220710013013,220710013013,"Block Group 3, Census Tract 13.01, Orleans Parish, Louisiana",160,42,24,21,136,39
1500000US220710013014,220710013014,"Block Group 4, Census Tract 13.01, Orleans Parish, Louisiana",149,60,13,14,136,61
1500000US220710013021,220710013021,"Block Group 1, Census Tract 13.02, Orleans Parish, Louisiana",193,52,19,22,174,55
1500000US220710013022,220710013022,"Block Group 2, Census Tract 13.02, Orleans Parish, Louisiana",246,58,42,39,204,54
1500000US220710014011,220710014011,"Block Group 1, Census Tract 14.01, Orleans Parish, Louisiana",113,39,17,18,96,37
1500000US220710014012,220710014012,"Block Group 2, Census Tract 14.01, Orleans Parish, Louisiana",74,27,4,7,70,28
1500000US220710014013,220710014013,"Block Group 3, Census Tract 14.01, Orleans Parish, Louisiana",145,49,9,14,136,48
1500000US220710014014,220710014014,"Block Group 4, Census Tract 14.01, Orleans Parish, Louisiana",99,34,12,16,87,37
1500000US220710014015,220710014015,"Block Group 5, Census Tract 14.01, Orleans Parish, Louisiana",44,36,0,12,44,36
1500000US220710014016,220710014016,"Block Group 6, Census Tract 14.01, Orleans Parish, Louisiana",53,30,5,9,48,28
1500000US220710014021,220710014021,"Block Group 1, Census Tract 14.02, Orleans Parish, Louisiana",240,57,14,15,226,60
1500000US220710014022,220710014022,"Block Group 2, Census Tract 14.02, Orleans Parish, Louisiana",118,46,0,12,118,46
1500000US220710014023,220710014023,"Block Group 3, Census Tract 14.02, Orleans Parish, Louisiana",136,53,4,7,132,52
1500000US220710014024,220710014024,"Block Group 4, Census Tract 14.02, Orleans Parish, Louisiana",265,56,26,19,239,56
1500000US220710015001,220710015001,"Block Group 1, Census Tract 15, Orleans Parish, Louisiana",219,53,2,5,217,52
1500000US220710015002,220710015002,"Block Group 2, Census Tract 15, Orleans Parish, Louisiana",141,40,5,8,136,40
1500000US220710016001,220710016001,"Block Group 1, Census Tract 16, Orleans Parish, Louisiana",0,12,0,12,0,12
1500000US220710017011,220710017011,"Block Group 1, Census Tract 17.01, Orleans Parish, Louisiana",229,48,47,26,182,42
1500000US220710017012,220710017012,"Block Group 2, Census Tract 17.01, Orleans Parish, Louisiana",155,39,32,25,123,38
1500000US220710017013,220710017013,"Block Group 3, Census Tract 17.01, Orleans Parish, Louisiana",180,42,18,13,162,43
1500000US220710017021,220710017021,"Block Group 1, Census Tract 17.02, Orleans Parish, Louisiana",313,65,27,21,286,69
1500000US220710017022,220710017022,"Block Group 2, Census Tract 17.02, Orleans Parish, Louisiana",306,65,17,27,289,65
1500000US220710017023,220710017023,"Block Group 3, Census Tract 17.02, Orleans Parish, Louisiana",154,46,0,12,154,46
1500000US220710017024,220710017024,"Block Group 4, Census Tract 17.02, Orleans Parish, Louisiana",150,49,37,31,113,44
1500000US220710017201,220710017201,"Block Group 1, Census Tract 17.20, Orleans Parish, Louisiana",192,64,34,21,158,67
1500000US220710017202,220710017202,"Block Group 2, Census Tract 17.20, Orleans Parish, Louisiana",235,74,17,19,218,73
1500000US220710017203,220710017203,"Block Group 3, Census Tract 17.20, Orleans Parish, Louisiana",445,93,38,38,407,96
1500000US220710017204,220710017204,"Block Group 4, Census Tract 17.20, Orleans Parish, Louisiana",321,95,41,39,280,99
1500000US220710017221,220710017221,"Block Group 1, Census Tract 17.22, Orleans Parish, Louisiana",167,82,66,63,101,62
1500000US220710017222,220710017222,"Block Group 2, Census Tract 17.22, Orleans Parish, Louisiana",253,81,86,62,167,79
1500000US220710017223,220710017223,"Block Group 3, Census Tract 17.22, Orleans Parish, Louisiana",431,80,41,39,390,79
1500000US220710017224,220710017224,"Block Group 4, Census Tract 17.22, Orleans Parish, Louisiana",172,54,14,23,158,56
1500000US220710017225,220710017225,"Block Group 5, Census Tract 17.22, Orleans Parish, Louisiana",349,80,76,49,273,74
1500000US220710017226,220710017226,"Block Group 6, Census Tract 17.22, Orleans Parish, Louisiana",123,62,13,20,110,58
1500000US220710017227,220710017227,"Block Group 7, Census Tract 17.22, Orleans Parish, Louisiana",121,66,11,16,110,70
1500000US220710017231,220710017231,"Block Group 1, Census Tract 17.23, Orleans Parish, Louisiana",272,82,17,27,255,80
1500000US220710017232,220710017232,"Block Group 2, Census Tract 17.23, Orleans Parish, Louisiana",738,108,46,37,692,108
1500000US220710017233,220710017233,"Block Group 3, Census Tract 17.23, Orleans Parish, Louisiana",331,89,32,27,299,93
1500000US220710017234,220710017234,"Block Group 4, Census Tract 17.23, Orleans Parish, Louisiana",508,102,76,55,432,112
1500000US220710017241,220710017241,"Block Group 1, Census Tract 17.24, Orleans Parish, Louisiana",268,83,46,37,222,83
1500000US220710017242,220710017242,"Block Group 2, Census Tract 17.24, Orleans Parish, Louisiana",356,90,38,35,318,85
1500000US220710017243,220710017243,"Block Group 3, Census Tract 17.24, Orleans Parish, Louisiana",612,118,50,49,562,116
1500000US220710017244,220710017244,"Block Group 4, Census Tract 17.24, Orleans Parish, Louisiana",426,119,133,97,293,95
1500000US220710017251,220710017251,"Block Group 1, Census Tract 17.25, Orleans Parish, Louisiana",765,156,105,99,660,161
1500000US220710017252,220710017252,"Block Group 2, Census Tract 17.25, Orleans Parish, Louisiana",559,129,69,72,490,145
1500000US220710017253,220710017253,"Block Group 3, Census Tract 17.25, Orleans Parish, Louisiana",521,127,50,55,471,125
1500000US220710017254,220710017254,"Block Group 4, Census Tract 17.25, Orleans Parish, Louisiana",569,139,39,45,530,133
1500000US220710017301,220710017301,"Block Group 1, Census Tract 17.30, Orleans Parish, Louisiana",287,46,49,30,238,49
1500000US220710017341,220710017341,"Block Group 1, Census Tract 17.34, Orleans Parish, Louisiana",333,70,25,33,308,75
1500000US220710017351,220710017351,"Block Group 1, Census Tract 17.35, Orleans Parish, Louisiana",454,85,64,37,390,81
1500000US220710017352,220710017352,"Block Group 2, Census Tract 17.35, Orleans Parish, Louisiana",350,67,25,25,325,70
1500000US220710017361,220710017361,"Block Group 1, Census Tract 17.36, Orleans Parish, Louisiana",241,69,39,37,202,59
1500000US220710017362,220710017362,"Block Group 2, Census Tract 17.36, Orleans Parish, Louisiana",559,82,96,51,463,78
1500000US220710017371,220710017371,"Block Group 1, Census Tract 17.37, Orleans Parish, Louisiana",724,112,67,55,657,115
1500000US220710017372,220710017372,"Block Group 2, Census Tract 17.37, Orleans Parish, Louisiana",322,66,18,19,304,71
1500000US220710017373,220710017373,"Block Group 3, Census Tract 17.37, Orleans Parish, Louisiana",249,63,39,24,210,66
1500000US220710017391,220710017391,"Block Group 1, Census Tract 17.39, Orleans Parish, Louisiana",408,67,46,35,362,68
1500000US220710017392,220710017392,"Block Group 2, Census Tract 17.39, Orleans Parish, Louisiana",165,43,31,29,134,49
1500000US220710017401,220710017401,"Block Group 1, Census Tract 17.40, Orleans Parish, Louisiana",442,93,59,40,383,96
1500000US220710017402,220710017402,"Block Group 2, Census Tract 17.40, Orleans Parish, Louisiana",695,128,64,58,631,124
1500000US220710017403,220710017403,"Block Group 3, Census Tract 17.40, Orleans Parish, Louisiana",656,127,69,61,587,125
1500000US220710017411,220710017411,"Block Group 1, Census Tract 17.41, Orleans Parish, Louisiana",480,44,77,43,403,60
1500000US220710017431,220710017431,"Block Group 1, Census Tract 17.43, Orleans Parish, Louisiana",625,105,45,37,580,113
1500000US220710017432,220710017432,"Block Group 2, Census Tract 17.43, Orleans Parish, Louisiana",314,101,19,24,295,100
1500000US220710017441,220710017441,"Block Group 1, Census Tract 17.44, Orleans Parish, Louisiana",489,106,11,18,478,105
1500000US220710017442,220710017442,"Block Group 2, Census Tract 17.44, Orleans Parish, Louisiana",493,139,49,49,444,136
1500000US220710017443,220710017443,"Block Group 3, Census Tract 17.44, Orleans Parish, Louisiana",427,97,28,32,399,93
1500000US220710017451,220710017451,"Block Group 1, Census Tract 17.45, Orleans Parish, Louisiana",930,106,42,37,888,115
1500000US220710017452,220710017452,"Block Group 2, Census Tract 17.45, Orleans Parish, Louisiana",409,79,57,46,352,83
1500000US220710017461,220710017461,"Block Group 1, Census Tract 17.46, Orleans Parish, Louisiana",482,126,34,30,448,129
1500000US220710017462,220710017462,"Block Group 2, Census Tract 17.46, Orleans Parish, Louisiana",578,116,21,21,557,119
1500000US220710017463,220710017463,"Block Group 3, Census Tract 17.46, Orleans Parish, Louisiana",563,131,59,48,504,131
1500000US220710017471,220710017471,"Block Group 1, Census Tract 17.47, Orleans Parish, Louisiana",847,104,106,50,741,113
1500000US220710017472,220710017472,"Block Group 2, Census Tract 17.47, Orleans Parish, Louisiana",425,90,35,29,390,90
1500000US220710017481,220710017481,"Block Group 1, Census Tract 17.48, Orleans Parish, Louisiana",374,84,7,11,367,87
1500000US220710017482,220710017482,"Block Group 2, Census Tract 17.48, Orleans Parish, Louisiana",409,98,38,43,371,111
1500000US220710017483,220710017483,"Block Group 3, Census Tract 17.48, Orleans Parish, Louisiana",445,101,86,62,359,92
1500000US220710017484,220710017484,"Block Group 4, Census Tract 17.48, Orleans Parish, Louisiana",273,88,52,41,221,84
1500000US220710017491,220710017491,"Block Group 1, Census Tract 17.49, Orleans Parish, Louisiana",369,69,59,43,310,62
1500000US220710017492,220710017492,"Block Group 2, Census Tract 17.49, Orleans Parish, Louisiana",471,78,47,32,424,77
1500000US220710017501,220710017501,"Block Group 1, Census Tract 17.50, Orleans Parish, Louisiana",397,89,3,7,394,90
1500000US220710017502,220710017502,"Block Group 2, Census Tract 17.50, Orleans Parish, Louisiana",322,87,69,66,253,74
1500000US220710017503,220710017503,"Block Group 3, Census Tract 17.50, Orleans Parish, Louisiana",434,93,11,19,423,93
1500000US220710017511,220710017511,"Block Group 1, Census Tract 17.51, Orleans Parish, Louisiana",268,45,6,7,262,45
1500000US220710018001,220710018001,"Block Group 1, Census Tract 18, Orleans Parish, Louisiana",418,75,22,17,396,74
1500000US220710018002,220710018002,"Block Group 2, Census Tract 18, Orleans Parish, Louisiana",282,65,11,12,271,64
1500000US220710019001,220710019001,"Block Group 1, Census Tract 19, Orleans Parish, Louisiana",138,51,0,12,138,51
1500000US220710019002,220710019002,"Block Group 2, Census Tract 19, Orleans Parish, Louisiana",261,58,21,18,240,55
1500000US220710019003,220710019003,"Block Group 3, Census Tract 19, Orleans Parish, Louisiana",245,70,0,12,245,70
1500000US220710020001,220710020001,"Block Group 1, Census Tract 20, Orleans Parish, Louisiana",212,63,3,7,209,63
1500000US220710020002,220710020002,"Block Group 2, Census Tract 20, Orleans Parish, Louisiana",197,65,28,30,169,62
1500000US220710020003,220710020003,"Block Group 3, Census Tract 20, Orleans Parish, Louisiana",107,46,5,7,102,46
1500000US220710021001,220710021001,"Block Group 1, Census Tract 21, Orleans Parish, Louisiana",158,57,2,4,156,57
1500000US220710021002,220710021002,"Block Group 2, Census Tract 21, Orleans Parish, Louisiana",209,47,18,20,191,50
1500000US220710022001,220710022001,"Block Group 1, Census Tract 22, Orleans Parish, Louisiana",125,44,7,8,118,44
1500000US220710022002,220710022002,"Block Group 2, Census Tract 22, Orleans Parish, Louisiana",181,43,44,27,137,40
1500000US220710022003,220710022003,"Block Group 3, Census Tract 22, Orleans Parish, Louisiana",96,44,6,10,90,44
1500000US220710023001,220710023001,"Block Group 1, Census Tract 23, Orleans Parish, Louisiana",59,27,0,12,59,27
1500000US220710023002,220710023002,"Block Group 2, Census Tract 23, Orleans Parish, Louisiana",114,56,0,12,114,56
1500000US220710023003,220710023003,"Block Group 3, Census Tract 23, Orleans Parish, Louisiana",68,45,0,12,68,45
1500000US220710023004,220710023004,"Block Group 4, Census Tract 23, Orleans Parish, Louisiana",101,42,7,11,94,41
1500000US220710023005,220710023005,"Block Group 5, Census Tract 23, Orleans Parish, Louisiana",475,88,35,23,440,88
1500000US220710024011,220710024011,"Block Group 1, Census Tract 24.01, Orleans Parish, Louisiana",414,75,36,27,378,72
1500000US220710024012,220710024012,"Block Group 2, Census Tract 24.01, Orleans Parish, Louisiana",355,78,43,38,312,81
1500000US220710024021,220710024021,"Block Group 1, Census Tract 24.02, Orleans Parish, Louisiana",168,68,9,15,159,71
1500000US220710024022,220710024022,"Block Group 2, Census Tract 24.02, Orleans Parish, Louisiana",355,110,44,44,311,113
1500000US220710024023,220710024023,"Block Group 3, Census Tract 24.02, Orleans Parish, Louisiana",276,84,26,27,250,82
1500000US220710024024,220710024024,"Block Group 4, Census Tract 24.02, Orleans Parish, Louisiana",419,83,18,31,401,86
1500000US220710025011,220710025011,"Block Group 1, Census Tract 25.01, Orleans Parish, Louisiana",278,64,20,25,258,64
1500000US220710025012,220710025012,"Block Group 2, Census Tract 25.01, Orleans Parish, Louisiana",161,52,14,22,147,47
1500000US220710025013,220710025013,"Block Group 3, Census Tract 25.01, Orleans Parish, Louisiana",105,41,17,22,88,34
1500000US220710025014,220710025014,"Block Group 4, Census Tract 25.01, Orleans Parish, Louisiana",130,37,17,15,113,38
1500000US220710025021,220710025021,"Block Group 1, Census Tract 25.02, Orleans Parish, Louisiana",320,67,57,47,263,69
1500000US220710025022,220710025022,"Block Group 2, Census Tract 25.02, Orleans Parish, Louisiana",179,56,0,12,179,56
1500000US220710025023,220710025023,"Block Group 3, Census Tract 25.02, Orleans Parish, Louisiana",142,52,10,11,132,50
1500000US220710025024,220710025024,"Block Group 4, Census Tract 25.02, Orleans Parish, Louisiana",171,48,13,15,158,46
1500000US220710025031,220710025031,"Block Group 1, Census Tract 25.03, Orleans Parish, Louisiana",150,45,12,15,138,45
1500000US220710025032,220710025032,"Block Group 2, Census Tract 25.03, Orleans Parish, Louisiana",377,82,45,33,332,81
1500000US220710025033,220710025033,"Block Group 3, Census Tract 25.03, Orleans Parish, Louisiana",281,63,13,16,268,62
1500000US220710025041,220710025041,"Block Group 1, Census Tract 25.04, Orleans Parish, Louisiana",191,57,41,35,150,51
1500000US220710025042,220710025042,"Block Group 2, Census Tract 25.04, Orleans Parish, Louisiana",328,59,29,21,299,59
1500000US220710025043,220710025043,"Block Group 3, Census Tract 25.04, Orleans Parish, Louisiana",181,46,18,16,163,44
1500000US220710025044,220710025044,"Block Group 4, Census Tract 25.04, Orleans Parish, Louisiana",229,53,32,28,197,53
1500000US220710026001,220710026001,"Block Group 1, Census Tract 26, Orleans Parish, Louisiana",450,92,41,44,409,90
1500000US220710026002,220710026002,"Block Group 2, Census Tract 26, Orleans Parish, Louisiana",528,108,68,44,460,113
1500000US220710027001,220710027001,"Block Group 1, Census Tract 27, Orleans Parish, Louisiana",205,60,5,7,200,60
1500000US220710027002,220710027002,"Block Group 2, Census Tract 27, Orleans Parish, Louisiana",261,69,16,20,245,69
1500000US220710027003,220710027003,"Block Group 3, Census Tract 27, Orleans Parish, Louisiana",149,54,0,12,149,54
1500000US220710028001,220710028001,"Block Group 1, Census Tract 28, Orleans Parish, Louisiana",170,43,0,12,170,43
1500000US220710028002,220710028002,"Block Group 2, Census Tract 28, Orleans Parish, Louisiana",269,62,31,24,238,64
1500000US220710028003,220710028003,"Block Group 3, Census Tract 28, Orleans Parish, Louisiana",202,61,15,24,187,62
1500000US220710029001,220710029001,"Block Group 1, Census Tract 29, Orleans Parish, Louisiana",209,64,35,31,174,65
1500000US220710029002,220710029002,"Block Group 2, Census Tract 29, Orleans Parish, Louisiana",147,61,7,11,140,60
1500000US220710029003,220710029003,"Block Group 3, Census Tract 29, Orleans Parish, Louisiana",208,84,18,16,190,83
1500000US220710030001,220710030001,"Block Group 1, Census Tract 30, Orleans Parish, Louisiana",213,58,10,15,203,55
1500000US220710030002,220710030002,"Block Group 2, Census Tract 30, Orleans Parish, Louisiana",268,65,13,21,255,61
1500000US220710031001,220710031001,"Block Group 1, Census Tract 31, Orleans Parish, Louisiana",147,67,12,12,135,65
1500000US220710031002,220710031002,"Block Group 2, Census Tract 31, Orleans Parish, Louisiana",303,75,12,14,291,72
1500000US220710033011,220710033011,"Block Group 1, Census Tract 33.01, Orleans Parish, Louisiana",300,57,54,27,246,52
1500000US220710033012,220710033012,"Block Group 2, Census Tract 33.01, Orleans Parish, Louisiana",252,72,0,12,252,72
1500000US220710033013,220710033013,"Block Group 3, Census Tract 33.01, Orleans Parish, Louisiana",129,39,4,8,125,39
1500000US220710033021,220710033021,"Block Group 1, Census Tract 33.02, Orleans Parish, Louisiana",231,70,33,29,198,73
1500000US220710033022,220710033022,"Block Group 2, Census Tract 33.02, Orleans Parish, Louisiana",398,78,6,11,392,80
1500000US220710033023,220710033023,"Block Group 3, Census Tract 33.02, Orleans Parish, Louisiana",371,79,48,41,323,85
1500000US220710033024,220710033024,"Block Group 4, Census Tract 33.02, Orleans Parish, Louisiana",214,64,0,12,214,64
1500000US220710033031,220710033031,"Block Group 1, Census Tract 33.03, Orleans Parish, Louisiana",356,70,33,24,323,68
1500000US220710033032,220710033032,"Block Group 2, Census Tract 33.03, Orleans Parish, Louisiana",307,81,21,18,286,80
1500000US220710033033,220710033033,"Block Group 3, Census Tract 33.03, Orleans Parish, Louisiana",176,52,25,24,151,52
1500000US220710033041,220710033041,"Block Group 1, Census Tract 33.04, Orleans Parish, Louisiana",392,64,8,9,384,64
1500000US220710033042,220710033042,"Block Group 2, Census Tract 33.04, Orleans Parish, Louisiana",373,60,32,28,341,58
1500000US220710033071,220710033071,"Block Group 1, Census Tract 33.07, Orleans Parish, Louisiana",334,66,20,16,314,68
1500000US220710033072,220710033072,"Block Group 2, Census Tract 33.07, Orleans Parish, Louisiana",231,47,13,14,218,49
1500000US220710033081,220710033081,"Block Group 1, Census Tract 33.08, Orleans Parish, Louisiana",131,54,0,12,131,54
1500000US220710033082,220710033082,"Block Group 2, Census Tract 33.08, Orleans Parish, Louisiana",269,75,23,36,246,76
1500000US220710033083,220710033083,"Block Group 3, Census Tract 33.08, Orleans Parish, Louisiana",500,89,58,45,442,88
1500000US220710033084,220710033084,"Block Group 4, Census Tract 33.08, Orleans Parish, Louisiana",215,63,22,34,193,57
1500000US220710033085,220710033085,"Block Group 5, Census Tract 33.08, Orleans Parish, Louisiana",199,66,9,13,190,65
1500000US220710033086,220710033086,"Block Group 6, Census Tract 33.08, Orleans Parish, Louisiana",47,32,0,12,47,32
1500000US220710034001,220710034001,"Block Group 1, Census Tract 34, Orleans Parish, Louisiana",276,63,43,32,233,67
1500000US220710034002,220710034002,"Block Group 2, Census Tract 34, Orleans Parish, Louisiana",408,79,10,17,398,76
1500000US220710035001,220710035001,"Block Group 1, Census Tract 35, Orleans Parish, Louisiana",237,54,0,12,237,54
1500000US220710035002,220710035002,"Block Group 2, Census Tract 35, Orleans Parish, Louisiana",165,56,15,22,150,53
1500000US220710035003,220710035003,"Block Group 3, Census Tract 35, Orleans Parish, Louisiana",218,55,4,7,214,54
1500000US220710036001,220710036001,"Block Group 1, Census Tract 36, Orleans Parish, Louisiana",210,47,40,24,170,50
1500000US220710036002,220710036002,"Block Group 2, Census Tract 36, Orleans Parish, Louisiana",395,55,16,13,379,58
1500000US220710036003,220710036003,"Block Group 3, Census Tract 36, Orleans Parish, Louisiana",208,59,13,20,195,56
1500000US220710037011,220710037011,"Block Group 1, Census Tract 37.01, Orleans Parish, Louisiana",782,91,63,37,719,94
1500000US220710037012,220710037012,"Block Group 2, Census Tract 37.01, Orleans Parish, Louisiana",248,58,15,21,233,55
1500000US220710037021,220710037021,"Block Group 1, Census Tract 37.02, Orleans Parish, Louisiana",320,98,0,12,320,98
1500000US220710037022,220710037022,"Block Group 2, Census Tract 37.02, Orleans Parish, Louisiana",293,89,13,22,280,92
1500000US220710037023,220710037023,"Block Group 3, Census Tract 37.02, Orleans Parish, Louisiana",179,68,0,12,179,68
1500000US220710037024,220710037024,"Block Group 4, Census Tract 37.02, Orleans Parish, Louisiana",255,77,19,29,236,75
1500000US220710037025,220710037025,"Block Group 5, Census Tract 37.02, Orleans Parish, Louisiana",228,79,0,12,228,79
1500000US220710037026,220710037026,"Block Group 6, Census Tract 37.02, Orleans Parish, Louisiana",380,101,46,45,334,99
1500000US220710038001,220710038001,"Block Group 1, Census Tract 38, Orleans Parish, Louisiana",437,101,55,37,382,94
1500000US220710038002,220710038002,"Block Group 2, Census Tract 38, Orleans Parish, Louisiana",420,104,33,41,387,100
1500000US220710039001,220710039001,"Block Group 1, Census Tract 39, Orleans Parish, Louisiana",303,54,45,25,258,55
1500000US220710039002,220710039002,"Block Group 2, Census Tract 39, Orleans Parish, Louisiana",362,71,30,33,332,69
1500000US220710040001,220710040001,"Block Group 1, Census Tract 40, Orleans Parish, Louisiana",393,108,45,37,348,106
1500000US220710040002,220710040002,"Block Group 2, Census Tract 40, Orleans Parish, Louisiana",528,104,80,65,448,100
1500000US220710041001,220710041001,"Block Group 1, Census Tract 41, Orleans Parish, Louisiana",437,77,37,33,400,72
1500000US220710041002,220710041002,"Block Group 2, Census Tract 41, Orleans Parish, Louisiana",352,58,29,24,323,58
1500000US220710044011,220710044011,"Block Group 1, Census Tract 44.01, Orleans Parish, Louisiana",179,62,10,16,169,61
1500000US220710044012,220710044012,"Block Group 2, Census Tract 44.01, Orleans Parish, Louisiana",153,58,0,12,153,58
1500000US220710044013,220710044013,"Block Group 3, Census Tract 44.01, Orleans Parish, Louisiana",227,62,5,7,222,64
1500000US220710044021,220710044021,"Block Group 1, Census Tract 44.02, Orleans Parish, Louisiana",37,62,0,12,37,62
1500000US220710044022,220710044022,"Block Group 2, Census Tract 44.02, Orleans Parish, Louisiana",0,12,0,12,0,12
1500000US220710045001,220710045001,"Block Group 1, Census Tract 45, Orleans Parish, Louisiana",225,68,16,15,209,69
1500000US220710045002,220710045002,"Block Group 2, Census Tract 45, Orleans Parish, Louisiana",338,75,37,40,301,69
1500000US220710045003,220710045003,"Block Group 3, Census Tract 45, Orleans Parish, Louisiana",479,95,26,30,453,96
1500000US220710046001,220710046001,"Block Group 1, Census Tract 46, Orleans Parish, Louisiana",269,68,5,9,264,68
1500000US220710046002,220710046002,"Block Group 2, Census Tract 46, Orleans Parish, Louisiana",804,94,78,51,726,94
1500000US220710046003,220710046003,"Block Group 3, Census Tract 46, Orleans Parish, Louisiana",428,89,0,12,428,89
1500000US220710048001,220710048001,"Block Group 1, Census Tract 48, Orleans Parish, Louisiana",376,94,23,35,353,102
1500000US220710049001,220710049001,"Block Group 1, Census Tract 49, Orleans Parish, Louisiana",296,77,46,44,250,70
1500000US220710049002,220710049002,"Block Group 2, Census Tract 49, Orleans Parish, Louisiana",234,64,0,12,234,64
1500000US220710049003,220710049003,"Block Group 3, Census Tract 49, Orleans Parish, Louisiana",12,19,0,12,12,19
1500000US220710049004,220710049004,"Block Group 4, Census Tract 49, Orleans Parish, Louisiana",119,43,6,10,113,43
1500000US220710050001,220710050001,"Block Group 1, Census Tract 50, Orleans Parish, Louisiana",302,57,6,9,296,57
1500000US220710050002,220710050002,"Block Group 2, Census Tract 50, Orleans Parish, Louisiana",303,59,9,14,294,59
1500000US220710054001,220710054001,"Block Group 1, Census Tract 54, Orleans Parish, Louisiana",329,89,97,71,232,74
1500000US220710054002,220710054002,"Block Group 2, Census Tract 54, Orleans Parish, Louisiana",324,99,8,13,316,101
1500000US220710054003,220710054003,"Block Group 3, Census Tract 54, Orleans Parish, Louisiana",350,83,16,14,334,82
1500000US220710055001,220710055001,"Block Group 1, Census Tract 55, Orleans Parish, Louisiana",437,74,18,21,419,73
1500000US220710055002,220710055002,"Block Group 2, Census Tract 55, Orleans Parish, Louisiana",401,74,33,27,368,77
1500000US220710055003,220710055003,"Block Group 3, Census Tract 55, Orleans Parish, Louisiana",370,74,18,17,352,78
1500000US220710056011,220710056011,"Block Group 1, Census Tract 56.01, Orleans Parish, Louisiana",257,62,17,18,240,64
1500000US220710056012,220710056012,"Block Group 2, Census Tract 56.01, Orleans Parish, Louisiana",252,55,6,8,246,55
1500000US220710056013,220710056013,"Block Group 3, Census Tract 56.01, Orleans Parish, Louisiana",176,33,11,9,165,34
1500000US220710056014,220710056014,"Block Group 4, Census Tract 56.01, Orleans Parish, Louisiana",191,37,16,18,175,38
1500000US220710056021,220710056021,"Block Group 1, Census Tract 56.02, Orleans Parish, Louisiana",156,39,14,14,142,41
1500000US220710056022,220710056022,"Block Group 2, Census Tract 56.02, Orleans Parish, Louisiana",327,51,17,15,310,52
1500000US220710056023,220710056023,"Block Group 3, Census Tract 56.02, Orleans Parish, Louisiana",295,56,6,10,289,56
1500000US220710056024,220710056024,"Block Group 4, Census Tract 56.02, Orleans Parish, Louisiana",173,55,11,13,162,53
1500000US220710056031,220710056031,"Block Group 1, Census Tract 56.03, Orleans Parish, Louisiana",215,44,39,36,176,39
1500000US220710056032,220710056032,"Block Group 2, Census Tract 56.03, Orleans Parish, Louisiana",228,48,20,19,208,49
1500000US220710056033,220710056033,"Block Group 3, Census Tract 56.03, Orleans Parish, Louisiana",168,44,16,18,152,44
1500000US220710056041,220710056041,"Block Group 1, Census Tract 56.04, Orleans Parish, Louisiana",195,57,23,19,172,55
1500000US220710056042,220710056042,"Block Group 2, Census Tract 56.04, Orleans Parish, Louisiana",229,44,28,29,201,46
1500000US220710056043,220710056043,"Block Group 3, Census Tract 56.04, Orleans Parish, Louisiana",174,39,17,28,157,36
1500000US220710060001,220710060001,"Block Group 1, Census Tract 60, Orleans Parish, Louisiana",584,66,14,17,570,69
1500000US220710063001,220710063001,"Block Group 1, Census Tract 63, Orleans Parish, Louisiana",363,68,26,25,337,64
1500000US220710063002,220710063002,"Block Group 2, Census Tract 63, Orleans Parish, Louisiana",77,40,30,33,47,26
1500000US220710063003,220710063003,"Block Group 3, Census Tract 63, Orleans Parish, Louisiana",229,61,8,13,221,61
1500000US220710064001,220710064001,"Block Group 1, Census Tract 64, Orleans Parish, Louisiana",253,60,32,28,221,63
1500000US220710064002,220710064002,"Block Group 2, Census Tract 64, Orleans Parish, Louisiana",331,78,8,12,323,79
1500000US220710064003,220710064003,"Block Group 3, Census Tract 64, Orleans Parish, Louisiana",202,63,20,23,182,60
1500000US220710064004,220710064004,"Block Group 4, Census Tract 64, Orleans Parish, Louisiana",242,60,0,12,242,60
1500000US220710065001,220710065001,"Block Group 1, Census Tract 65, Orleans Parish, Louisiana",418,75,20,30,398,75
1500000US220710065002,220710065002,"Block Group 2, Census Tract 65, Orleans Parish, Louisiana",375,68,44,39,331,64
1500000US220710065003,220710065003,"Block Group 3, Census Tract 65, Orleans Parish, Louisiana",391,76,21,30,370,72
1500000US220710069001,220710069001,"Block Group 1, Census Tract 69, Orleans Parish, Louisiana",103,37,0,12,103,37
1500000US220710069002,220710069002,"Block Group 2, Census Tract 69, Orleans Parish, Louisiana",19,17,0,12,19,17
1500000US220710069003,220710069003,"Block Group 3, Census Tract 69, Orleans Parish, Louisiana",153,40,22,19,131,42
1500000US220710070001,220710070001,"Block Group 1, Census Tract 70, Orleans Parish, Louisiana",70,44,16,18,54,43
1500000US220710070002,220710070002,"Block Group 2, Census Tract 70, Orleans Parish, Louisiana",136,38,4,8,132,39
1500000US220710071011,220710071011,"Block Group 1, Census Tract 71.01, Orleans Parish, Louisiana",329,63,12,14,317,62
1500000US220710071012,220710071012,"Block Group 2, Census Tract 71.01, Orleans Parish, Louisiana",790,88,36,29,754,86
1500000US220710072001,220710072001,"Block Group 1, Census Tract 72, Orleans Parish, Louisiana",630,88,31,31,599,90
1500000US220710072002,220710072002,"Block Group 2, Census Tract 72, Orleans Parish, Louisiana",278,81,21,24,257,85
1500000US220710072003,220710072003,"Block Group 3, Census Tract 72, Orleans Parish, Louisiana",119,48,19,19,100,45
1500000US220710075011,220710075011,"Block Group 1, Census Tract 75.01, Orleans Parish, Louisiana",206,70,14,15,192,69
1500000US220710075012,220710075012,"Block Group 2, Census Tract 75.01, Orleans Parish, Louisiana",220,64,15,21,205,68
1500000US220710075013,220710075013,"Block Group 3, Census Tract 75.01, Orleans Parish, Louisiana",217,69,10,15,207,69
1500000US220710075014,220710075014,"Block Group 4, Census Tract 75.01, Orleans Parish, Louisiana",188,66,18,25,170,62
1500000US220710075015,220710075015,"Block Group 5, Census Tract 75.01, Orleans Parish, Louisiana",139,66,20,25,119,61
1500000US220710075021,220710075021,"Block Group 1, Census Tract 75.02, Orleans Parish, Louisiana",116,61,9,13,107,60
1500000US220710075022,220710075022,"Block Group 2, Census Tract 75.02, Orleans Parish, Louisiana",131,65,10,14,121,62
1500000US220710075023,220710075023,"Block Group 3, Census Tract 75.02, Orleans Parish, Louisiana",311,64,31,30,280,65
1500000US220710075024,220710075024,"Block Group 4, Census Tract 75.02, Orleans Parish, Louisiana",162,70,30,31,132,64
1500000US220710075025,220710075025,"Block Group 5, Census Tract 75.02, Orleans Parish, Louisiana",287,84,0,12,287,84
1500000US220710076041,220710076041,"Block Group 1, Census Tract 76.04, Orleans Parish, Louisiana",369,63,14,10,355,65
1500000US220710076042,220710076042,"Block Group 2, Census Tract 76.04, Orleans Parish, Louisiana",286,40,48,30,238,45
1500000US220710076051,220710076051,"Block Group 1, Census Tract 76.05, Orleans Parish, Louisiana",275,52,35,32,240,57
1500000US220710076052,220710076052,"Block Group 2, Census Tract 76.05, Orleans Parish, Louisiana",334,48,18,18,316,46
1500000US220710076061,220710076061,"Block Group 1, Census Tract 76.06, Orleans Parish, Louisiana",761,102,31,23,730,101
1500000US220710076062,220710076062,"Block Group 2, Census Tract 76.06, Orleans Parish, Louisiana",432,83,18,30,414,82
1500000US220710076063,220710076063,"Block Group 3, Census Tract 76.06, Orleans Parish, Louisiana",636,93,21,23,615,95
1500000US220710077001,220710077001,"Block Group 1, Census Tract 77, Orleans Parish, Louisiana",877,121,9,14,868,120
1500000US220710077002,220710077002,"Block Group 2, Census Tract 77, Orleans Parish, Louisiana",751,119,154,73,597,105
1500000US220710078001,220710078001,"Block Group 1, Census Tract 78, Orleans Parish, Louisiana",671,73,73,48,598,80
1500000US220710082001,220710082001,"Block Group 1, Census Tract 82, Orleans Parish, Louisiana",454,94,28,40,426,93
1500000US220710082002,220710082002,"Block Group 2, Census Tract 82, Orleans Parish, Louisiana",482,105,40,37,442,107
1500000US220710083001,220710083001,"Block Group 1, Census Tract 83, Orleans Parish, Louisiana",321,52,33,22,288,51
1500000US220710083002,220710083002,"Block Group 2, Census Tract 83, Orleans Parish, Louisiana",232,55,0,12,232,55
1500000US220710084001,220710084001,"Block Group 1, Census Tract 84, Orleans Parish, Louisiana",336,72,43,31,293,72
1500000US220710084002,220710084002,"Block Group 2, Census Tract 84, Orleans Parish, Louisiana",358,67,16,18,342,69
1500000US220710085001,220710085001,"Block Group 1, Census Tract 85, Orleans Parish, Louisiana",330,97,16,25,314,98
1500000US220710085002,220710085002,"Block Group 2, Census Tract 85, Orleans Parish, Louisiana",245,84,10,12,235,82
1500000US220710086001,220710086001,"Block Group 1, Census Tract 86, Orleans Parish, Louisiana",216,49,14,16,202,48
1500000US220710086002,220710086002,"Block Group 2, Census Tract 86, Orleans Parish, Louisiana",199,47,17,12,182,48
1500000US220710088001,220710088001,"Block Group 1, Census Tract 88, Orleans Parish, Louisiana",411,85,45,34,366,84
1500000US220710088002,220710088002,"Block Group 2, Census Tract 88, Orleans Parish, Louisiana",456,82,35,39,421,81
1500000US220710090001,220710090001,"Block Group 1, Census Tract 90, Orleans Parish, Louisiana",305,75,25,28,280,75
1500000US220710090002,220710090002,"Block Group 2, Census Tract 90, Orleans Parish, Louisiana",286,78,10,17,276,80
1500000US220710090003,220710090003,"Block Group 3, Census Tract 90, Orleans Parish, Louisiana",428,92,27,28,401,97
1500000US220710091001,220710091001,"Block Group 1, Census Tract 91, Orleans Parish, Louisiana",342,105,9,14,333,108
1500000US220710091002,220710091002,"Block Group 2, Census Tract 91, Orleans Parish, Louisiana",186,68,6,14,180,65
1500000US220710091003,220710091003,"Block Group 3, Census Tract 91, Orleans Parish, Louisiana",181,84,0,12,181,84
1500000US220710091004,220710091004,"Block Group 4, Census Tract 91, Orleans Parish, Louisiana",409,98,50,54,359,109
1500000US220710092001,220710092001,"Block Group 1, Census Tract 92, Orleans Parish, Louisiana",150,69,0,12,150,69
1500000US220710092002,220710092002,"Block Group 2, Census Tract 92, Orleans Parish, Louisiana",216,56,61,43,155,58
1500000US220710092003,220710092003,"Block Group 3, Census Tract 92, Orleans Parish, Louisiana",243,62,0,12,243,62
1500000US220710094001,220710094001,"Block Group 1, Census Tract 94, Orleans Parish, Louisiana",164,57,13,15,151,58
1500000US220710094002,220710094002,"Block Group 2, Census Tract 94, Orleans Parish, Louisiana",74,39,2,6,72,40
1500000US220710094003,220710094003,"Block Group 3, Census Tract 94, Orleans Parish, Louisiana",114,48,5,8,109,48
1500000US220710094004,220710094004,"Block Group 4, Census Tract 94, Orleans Parish, Louisiana",150,44,6,9,144,43
1500000US220710096001,220710096001,"Block Group 1, Census Tract 96, Orleans Parish, Louisiana",262,59,0,12,262,59
1500000US220710096002,220710096002,"Block Group 2, Census Tract 96, Orleans Parish, Louisiana",246,59,10,12,236,59
1500000US220710096003,220710096003,"Block Group 3, Census Tract 96, Orleans Parish, Louisiana",228,53,50,34,178,56
1500000US220710097001,220710097001,"Block Group 1, Census Tract 97, Orleans Parish, Louisiana",368,61,18,21,350,60
1500000US220710097002,220710097002,"Block Group 2, Census Tract 97, Orleans Parish, Louisiana",353,66,58,53,295,69
1500000US220710099001,220710099001,"Block Group 1, Census Tract 99, Orleans Parish, Louisiana",520,87,32,34,488,90
1500000US220710099002,220710099002,"Block Group 2, Census Tract 99, Orleans Parish, Louisiana",443,77,10,17,433,78
1500000US220710099003,220710099003,"Block Group 3, Census Tract 99, Orleans Parish, Louisiana",475,98,36,30,439,96
1500000US220710100001,220710100001,"Block Group 1, Census Tract 100, Orleans Parish, Louisiana",142,60,10,15,132,59
1500000US220710100002,220710100002,"Block Group 2, Census Tract 100, Orleans Parish, Louisiana",193,54,6,10,187,56
1500000US220710100003,220710100003,"Block Group 3, Census Tract 100, Orleans Parish, Louisiana",308,69,21,22,287,68
1500000US220710100004,220710100004,"Block Group 4, Census Tract 100, Orleans Parish, Louisiana",121,38,8,13,113,38
1500000US220710101001,220710101001,"Block Group 1, Census Tract 101, Orleans Parish, Louisiana",318,83,35,32,283,73
1500000US220710101002,220710101002,"Block Group 2, Census Tract 101, Orleans Parish, Louisiana",607,87,53,46,554,87
1500000US220710102001,220710102001,"Block Group 1, Census Tract 102, Orleans Parish, Louisiana",151,63,53,42,98,63
1500000US220710102002,220710102002,"Block Group 2, Census Tract 102, Orleans Parish, Louisiana",102,52,0,12,102,52
1500000US220710102003,220710102003,"Block Group 3, Census Tract 102, Orleans Parish, Louisiana",128,55,0,12,128,55
1500000US220710102004,220710102004,"Block Group 4, Census Tract 102, Orleans Parish, Louisiana",155,48,18,21,137,48
1500000US220710102005,220710102005,"Block Group 5, Census Tract 102, Orleans Parish, Louisiana",200,53,45,38,155,63
1500000US220710103001,220710103001,"Block Group 1, Census Tract 103, Orleans Parish, Louisiana",259,87,6,8,253,88
1500000US220710103002,220710103002,"Block Group 2, Census Tract 103, Orleans Parish, Louisiana",329,88,46,44,283,97
1500000US220710103003,220710103003,"Block Group 3, Census Tract 103, Orleans Parish, Louisiana",263,57,13,18,250,62
1500000US220710103004,220710103004,"Block Group 4, Census Tract 103, Orleans Parish, Louisiana",182,82,11,11,171,81
1500000US220710106001,220710106001,"Block Group 1, Census Tract 106, Orleans Parish, Louisiana",316,60,37,40,279,54
1500000US220710106002,220710106002,"Block Group 2, Census Tract 106, Orleans Parish, Louisiana",366,75,12,12,354,75
1500000US220710107001,220710107001,"Block Group 1, Census Tract 107, Orleans Parish, Louisiana",280,61,4,7,276,61
1500000US220710107002,220710107002,"Block Group 2, Census Tract 107, Orleans Parish, Louisiana",593,85,8,12,585,84
1500000US220710108001,220710108001,"Block Group 1, Census Tract 108, Orleans Parish, Louisiana",173,42,28,23,145,40
1500000US220710108002,220710108002,"Block Group 2, Census Tract 108, Orleans Parish, Louisiana",492,62,12,18,480,64
1500000US220710109001,220710109001,"Block Group 1, Census Tract 109, Orleans Parish, Louisiana",269,76,54,49,215,77
1500000US220710109002,220710109002,"Block Group 2, Census Tract 109, Orleans Parish, Louisiana",504,92,37,31,467,88
1500000US220710109003,220710109003,"Block Group 3, Census Tract 109, Orleans Parish, Louisiana",381,90,52,53,329,90
1500000US220710109004,220710109004,"Block Group 4, Census Tract 109, Orleans Parish, Louisiana",272,84,57,50,215,77
1500000US220710111001,220710111001,"Block Group 1, Census Tract 111, Orleans Parish, Louisiana",192,59,22,28,170,52
1500000US220710111002,220710111002,"Block Group 2, Census Tract 111, Orleans Parish, Louisiana",291,68,17,15,274,71
1500000US220710111003,220710111003,"Block Group 3, Census Tract 111, Orleans Parish, Louisiana",154,50,49,35,105,37
1500000US220710112001,220710112001,"Block Group 1, Census Tract 112, Orleans Parish, Louisiana",288,62,10,15,278,60
1500000US220710112002,220710112002,"Block Group 2, Census Tract 112, Orleans Parish, Louisiana",309,45,47,29,262,50
1500000US220710114001,220710114001,"Block Group 1, Census Tract 114, Orleans Parish, Louisiana",445,86,34,28,411,87
1500000US220710114002,220710114002,"Block Group 2, Census Tract 114, Orleans Parish, Louisiana",555,83,39,34,516,89
1500000US220710115001,220710115001,"Block Group 1, Census Tract 115, Orleans Parish, Louisiana",286,52,12,13,274,55
1500000US220710115002,220710115002,"Block Group 2, Census Tract 115, Orleans Parish, Louisiana",350,73,14,17,336,72
1500000US220710116001,220710116001,"Block Group 1, Census Tract 116, Orleans Parish, Louisiana",354,54,5,8,349,54
1500000US220710116002,220710116002,"Block Group 2, Census Tract 116, Orleans Parish, Louisiana",304,40,12,13,292,41
1500000US220710117001,220710117001,"Block Group 1, Census Tract 117, Orleans Parish, Louisiana",210,64,8,12,202,62
1500000US220710117002,220710117002,"Block Group 2, Census Tract 117, Orleans Parish, Louisiana",240,58,17,19,223,60
1500000US220710117003,220710117003,"Block Group 3, Census Tract 117, Orleans Parish, Louisiana",315,75,8,13,307,76
1500000US220710117004,220710117004,"Block Group 4, Census Tract 117, Orleans Parish, Louisiana",330,60,28,27,302,62
1500000US220710119001,220710119001,"Block Group 1, Census Tract 119, Orleans Parish, Louisiana",226,61,26,32,200,58
1500000US220710119002,220710119002,"Block Group 2, Census Tract 119, Orleans Parish, Louisiana",247,49,7,11,240,50
1500000US220710119003,220710119003,"Block Group 3, Census Tract 119, Orleans Parish, Louisiana",225,53,22,21,203,54
1500000US220710120001,220710120001,"Block Group 1, Census Tract 120, Orleans Parish, Louisiana",504,55,29,19,475,56
1500000US220710120002,220710120002,"Block Group 2, Census Tract 120, Orleans Parish, Louisiana",176,36,20,22,156,34
1500000US220710121011,220710121011,"Block Group 1, Census Tract 121.01, Orleans Parish, Louisiana",406,62,59,42,347,62
1500000US220710121012,220710121012,"Block Group 2, Census Tract 121.01, Orleans Parish, Louisiana",429,60,52,36,377,60
1500000US220710121021,220710121021,"Block Group 1, Census Tract 121.02, Orleans Parish, Louisiana",203,41,0,12,203,41
1500000US220710121022,220710121022,"Block Group 2, Census Tract 121.02, Orleans Parish, Louisiana",16,9,4,6,12,12
1500000US220710121023,220710121023,"Block Group 3, Census Tract 121.02, Orleans Parish, Louisiana",219,47,11,13,208,47
1500000US220710122001,220710122001,"Block Group 1, Census Tract 122, Orleans Parish, Louisiana",495,70,31,22,464,74
1500000US220710122002,220710122002,"Block Group 2, Census Tract 122, Orleans Parish, Louisiana",426,73,31,31,395,74
1500000US220710123001,220710123001,"Block Group 1, Census Tract 123, Orleans Parish, Louisiana",229,62,17,17,212,66
1500000US220710123002,220710123002,"Block Group 2, Census Tract 123, Orleans Parish, Louisiana",336,74,49,55,287,76
1500000US220710123003,220710123003,"Block Group 3, Census Tract 123, Orleans Parish, Louisiana",344,71,47,41,297,60
1500000US220710124001,220710124001,"Block Group 1, Census Tract 124, Orleans Parish, Louisiana",267,76,0,12,267,76
1500000US220710124002,220710124002,"Block Group 2, Census Tract 124, Orleans Parish, Louisiana",405,62,22,19,383,60
1500000US220710125001,220710125001,"Block Group 1, Census Tract 125, Orleans Parish, Louisiana",278,57,7,6,271,57
1500000US220710125002,220710125002,"Block Group 2, Census Tract 125, Orleans Parish, Louisiana",528,71,32,21,496,73
1500000US220710126001,220710126001,"Block Group 1, Census Tract 126, Orleans Parish, Louisiana",294,49,36,28,258,49
1500000US220710126002,220710126002,"Block Group 2, Census Tract 126, Orleans Parish, Louisiana",317,64,10,13,307,61
1500000US220710126003,220710126003,"Block Group 3, Census Tract 126, Orleans Parish, Louisiana",270,59,0,12,270,59
1500000US220710127001,220710127001,"Block Group 1, Census Tract 127, Orleans Parish, Louisiana",343,77,0,12,343,77
1500000US220710127002,220710127002,"Block Group 2, Census Tract 127, Orleans Parish, Louisiana",209,60,26,24,183,59
1500000US220710127003,220710127003,"Block Group 3, Census Tract 127, Orleans Parish, Louisiana",220,67,0,12,220,67
1500000US220710127004,220710127004,"Block Group 4, Census Tract 127, Orleans Parish, Louisiana",235,47,38,26,197,50
1500000US220710128001,220710128001,"Block Group 1, Census Tract 128, Orleans Parish, Louisiana",253,71,30,28,223,71
1500000US220710128002,220710128002,"Block Group 2, Census Tract 128, Orleans Parish, Louisiana",340,58,7,10,333,59
1500000US220710128003,220710128003,"Block Group 3, Census Tract 128, Orleans Parish, Louisiana",378,61,31,26,347,59
1500000US220710129001,220710129001,"Block Group 1, Census Tract 129, Orleans Parish, Louisiana",470,68,13,14,457,72
1500000US220710129002,220710129002,"Block Group 2, Census Tract 129, Orleans Parish, Louisiana",283,59,42,36,241,57
1500000US220710130001,220710130001,"Block Group 1, Census Tract 130, Orleans Parish, Louisiana",293,78,42,39,251,82
1500000US220710130002,220710130002,"Block Group 2, Census Tract 130, Orleans Parish, Louisiana",239,67,51,32,188,63
1500000US220710130003,220710130003,"Block Group 3, Census Tract 130, Orleans Parish, Louisiana",214,64,18,20,196,62
1500000US220710131001,220710131001,"Block Group 1, Census Tract 131, Orleans Parish, Louisiana",115,44,0,12,115,44
1500000US220710131002,220710131002,"Block Group 2, Census Tract 131, Orleans Parish, Louisiana",146,44,20,21,126,42
1500000US220710131003,220710131003,"Block Group 3, Census Tract 131, Orleans Parish, Louisiana",157,49,4,6,153,50
1500000US220710131004,220710131004,"Block Group 4, Census Tract 131, Orleans Parish, Louisiana",143,56,24,24,119,48
1500000US220710132001,220710132001,"Block Group 1, Census Tract 132, Orleans Parish, Louisiana",208,66,33,25,175,70
1500000US220710132002,220710132002,"Block Group 2, Census Tract 132, Orleans Parish, Louisiana",313,101,0,12,313,101
1500000US220710132003,220710132003,"Block Group 3, Census Tract 132, Orleans Parish, Louisiana",294,85,10,16,284,85
1500000US220710132004,220710132004,"Block Group 4, Census Tract 132, Orleans Parish, Louisiana",245,63,47,43,198,60
1500000US220710133011,220710133011,"Block Group 1, Census Tract 133.01, Orleans Parish, Louisiana",315,60,31,28,284,67
1500000US220710133012,220710133012,"Block Group 2, Census Tract 133.01, Orleans Parish, Louisiana",504,74,32,28,472,70
1500000US220710133013,220710133013,"Block Group 3, Census Tract 133.01, Orleans Parish, Louisiana",180,41,9,14,171,44
1500000US220710133014,220710133014,"Block Group 4, Census Tract 133.01, Orleans Parish, Louisiana",412,86,13,23,399,86
1500000US220710133021,220710133021,"Block Group 1, Census Tract 133.02, Orleans Parish, Louisiana",523,71,20,22,503,73
1500000US220710133022,220710133022,"Block Group 2, Census Tract 133.02, Orleans Parish, Louisiana",358,52,18,20,340,51
1500000US220710134001,220710134001,"Block Group 1, Census Tract 134, Orleans Parish, Louisiana",239,70,14,17,225,70
1500000US220710134002,220710134002,"Block Group 2, Census Tract 134, Orleans Parish, Louisiana",395,64,30,33,365,64
1500000US220710134003,220710134003,"Block Group 3, Census Tract 134, Orleans Parish, Louisiana",815,124,37,28,778,125
1500000US220710135001,220710135001,"Block Group 1, Census Tract 135, Orleans Parish, Louisiana",226,77,0,12,226,77
1500000US220710135002,220710135002,"Block Group 2, Census Tract 135, Orleans Parish, Louisiana",342,95,30,27,312,91
1500000US220710135003,220710135003,"Block Group 3, Census Tract 135, Orleans Parish, Louisiana",318,95,40,39,278,94
1500000US220710135004,220710135004,"Block Group 4, Census Tract 135, Orleans Parish, Louisiana",416,133,8,13,408,133
1500000US220710136001,220710136001,"Block Group 1, Census Tract 136, Orleans Parish, Louisiana",261,59,4,7,257,59
1500000US220710136002,220710136002,"Block Group 2, Census Tract 136, Orleans Parish, Louisiana",166,45,22,20,144,45
1500000US220710137001,220710137001,"Block Group 1, Census Tract 137, Orleans Parish, Louisiana",0,12,0,12,0,12
1500000US220710137002,220710137002,"Block Group 2, Census Tract 137, Orleans Parish, Louisiana",69,30,9,14,60,32
1500000US220710137003,220710137003,"Block Group 3, Census Tract 137, Orleans Parish, Louisiana",278,63,41,42,237,66
1500000US220710137004,220710137004,"Block Group 4, Census Tract 137, Orleans Parish, Louisiana",455,81,29,26,426,83
1500000US220710138001,220710138001,"Block Group 1, Census Tract 138, Orleans Parish, Louisiana",245,56,10,10,235,57
1500000US220710138002,220710138002,"Block Group 2, Census Tract 138, Orleans Parish, Louisiana",263,59,26,25,237,60
1500000US220710138003,220710138003,"Block Group 3, Census Tract 138, Orleans Parish, Louisiana",306,64,13,15,293,66
1500000US220710139001,220710139001,"Block Group 1, Census Tract 139, Orleans Parish, Louisiana",282,68,31,36,251,72
1500000US220710139002,220710139002,"Block Group 2, Census Tract 139, Orleans Parish, Louisiana",590,92,16,15,574,93
1500000US220710140001,220710140001,"Block Group 1, Census Tract 140, Orleans Parish, Louisiana",93,39,17,26,76,39
1500000US220710140002,220710140002,"Block Group 2, Census Tract 140, Orleans Parish, Louisiana",422,74,34,28,388,75
1500000US220710140003,220710140003,"Block Group 3, Census Tract 140, Orleans Parish, Louisiana",302,66,14,21,288,68
1500000US220710140004,220710140004,"Block Group 4, Census Tract 140, Orleans Parish, Louisiana",50,38,0,12,50,38
1500000US220710141001,220710141001,"Block Group 1, Census Tract 141, Orleans Parish, Louisiana",492,86,22,20,470,89
1500000US220710141002,220710141002,"Block Group 2, Census Tract 141, Orleans Parish, Louisiana",142,69,15,16,127,70
1500000US220710141003,220710141003,"Block Group 3, Census Tract 141, Orleans Parish, Louisiana",422,95,35,26,387,96
1500000US220710142001,220710142001,"Block Group 1, Census Tract 142, Orleans Parish, Louisiana",204,61,0,12,204,61
1500000US220710142002,220710142002,"Block Group 2, Census Tract 142, Orleans Parish, Louisiana",530,96,17,16,513,97
1500000US220710142003,220710142003,"Block Group 3, Census Tract 142, Orleans Parish, Louisiana",203,73,26,32,177,68
1500000US220710143001,220710143001,"Block Group 1, Census Tract 143, Orleans Parish, Louisiana",224,58,38,36,186,58
1500000US220710143002,220710143002,"Block Group 2, Census Tract 143, Orleans Parish, Louisiana",76,32,0,12,76,32
1500000US220710143003,220710143003,"Block Group 3, Census Tract 143, Orleans Parish, Louisiana",410,74,50,47,360,64
1500000US220710144001,220710144001,"Block Group 1, Census Tract 144, Orleans Parish, Louisiana",142,47,8,13,134,44
1500000US220710144002,220710144002,"Block Group 2, Census Tract 144, Orleans Parish, Louisiana",335,74,32,29,303,73
1500000US220710144003,220710144003,"Block Group 3, Census Tract 144, Orleans Parish, Louisiana",330,76,19,18,311,76
1500000US220710145001,220710145001,"Block Group 1, Census Tract 145, Orleans Parish, Louisiana",0,12,0,12,0,12
1500000US220719800001,220719800001,"Block Group 1, Census Tract 9800, Orleans Parish, Louisiana",0,12,0,12,0,12
1500000US220719801001,220719801001,"Block Group 1, Census Tract 9801, Orleans Parish, Louisiana",0,12,0,12,0,12
1500000US220719900000,220719900000,"Block Group 0, Census Tract 9900, Orleans Parish, Louisiana",0,12,0,12,0,12
